-- phpMyAdmin SQL Dump
-- version 5.2.0
-- https://www.phpmyadmin.net/
--
-- Host: 127.0.0.1
-- Generation Time: Aug 20, 2023 at 06:27 AM
-- Server version: 10.4.27-MariaDB
-- PHP Version: 7.4.33

SET SQL_MODE = "NO_AUTO_VALUE_ON_ZERO";
START TRANSACTION;
SET time_zone = "+00:00";


/*!40101 SET @OLD_CHARACTER_SET_CLIENT=@@CHARACTER_SET_CLIENT */;
/*!40101 SET @OLD_CHARACTER_SET_RESULTS=@@CHARACTER_SET_RESULTS */;
/*!40101 SET @OLD_COLLATION_CONNECTION=@@COLLATION_CONNECTION */;
/*!40101 SET NAMES utf8mb4 */;

--
-- Database: `softifyb_hrsale`
--

-- --------------------------------------------------------

--
-- Table structure for table `ci_sessions`
--

CREATE TABLE `ci_sessions` (
  `id` varchar(40) NOT NULL,
  `ip_address` varchar(45) NOT NULL,
  `timestamp` int(10) UNSIGNED NOT NULL DEFAULT 0,
  `data` blob NOT NULL
) ENGINE=InnoDB DEFAULT CHARSET=utf8 COLLATE=utf8_general_ci;

-- --------------------------------------------------------

--
-- Table structure for table `xin_advance_salaries`
--

CREATE TABLE `xin_advance_salaries` (
  `advance_salary_id` int(111) NOT NULL,
  `company_id` int(11) NOT NULL,
  `employee_id` int(111) NOT NULL,
  `month_year` varchar(255) NOT NULL,
  `advance_amount` varchar(255) NOT NULL,
  `one_time_deduct` varchar(50) NOT NULL,
  `monthly_installment` varchar(255) NOT NULL,
  `total_paid` varchar(255) NOT NULL,
  `reason` text NOT NULL,
  `status` int(11) DEFAULT NULL,
  `is_deducted_from_salary` int(11) DEFAULT NULL,
  `created_at` varchar(255) NOT NULL
) ENGINE=InnoDB DEFAULT CHARSET=utf8 COLLATE=utf8_general_ci;

-- --------------------------------------------------------

--
-- Table structure for table `xin_announcements`
--

CREATE TABLE `xin_announcements` (
  `announcement_id` int(11) NOT NULL,
  `title` varchar(200) NOT NULL,
  `start_date` varchar(200) NOT NULL,
  `end_date` varchar(200) NOT NULL,
  `company_id` int(111) NOT NULL,
  `location_id` int(11) NOT NULL,
  `department_id` int(111) NOT NULL,
  `published_by` int(111) NOT NULL,
  `summary` mediumtext NOT NULL,
  `description` mediumtext NOT NULL,
  `is_active` tinyint(1) NOT NULL,
  `is_notify` int(11) NOT NULL,
  `created_at` varchar(200) NOT NULL
) ENGINE=InnoDB DEFAULT CHARSET=utf8 COLLATE=utf8_general_ci;

-- --------------------------------------------------------

--
-- Table structure for table `xin_assets`
--

CREATE TABLE `xin_assets` (
  `assets_id` int(111) NOT NULL,
  `assets_category_id` int(11) NOT NULL,
  `company_id` int(11) NOT NULL,
  `employee_id` int(11) NOT NULL,
  `company_asset_code` varchar(255) NOT NULL,
  `name` varchar(255) NOT NULL,
  `purchase_date` varchar(255) NOT NULL,
  `invoice_number` varchar(255) NOT NULL,
  `manufacturer` varchar(255) NOT NULL,
  `serial_number` varchar(255) NOT NULL,
  `warranty_end_date` varchar(255) NOT NULL,
  `asset_note` text NOT NULL,
  `asset_image` varchar(255) NOT NULL,
  `is_working` int(11) NOT NULL,
  `created_at` varchar(255) NOT NULL
) ENGINE=InnoDB DEFAULT CHARSET=utf8 COLLATE=utf8_general_ci;

-- --------------------------------------------------------

--
-- Table structure for table `xin_assets_categories`
--

CREATE TABLE `xin_assets_categories` (
  `assets_category_id` int(111) NOT NULL,
  `company_id` int(11) NOT NULL,
  `category_name` varchar(255) NOT NULL,
  `created_at` varchar(255) NOT NULL
) ENGINE=InnoDB DEFAULT CHARSET=utf8 COLLATE=utf8_general_ci;

--
-- Dumping data for table `xin_assets_categories`
--

INSERT INTO `xin_assets_categories` (`assets_category_id`, `company_id`, `category_name`, `created_at`) VALUES
(1, 1, 'Laptop', '05-04-2018 03:03:31');

-- --------------------------------------------------------

--
-- Table structure for table `xin_attendance_time`
--

CREATE TABLE `xin_attendance_time` (
  `time_attendance_id` int(111) NOT NULL,
  `employee_id` int(111) NOT NULL,
  `attendance_date` varchar(255) NOT NULL,
  `clock_in` varchar(255) NOT NULL,
  `clock_in_ip_address` varchar(255) NOT NULL,
  `clock_out` varchar(255) NOT NULL,
  `clock_out_ip_address` varchar(255) NOT NULL,
  `clock_in_out` varchar(255) NOT NULL,
  `clock_in_latitude` varchar(150) NOT NULL,
  `clock_in_longitude` varchar(150) NOT NULL,
  `clock_out_latitude` varchar(150) NOT NULL,
  `clock_out_longitude` varchar(150) NOT NULL,
  `time_late` varchar(255) NOT NULL,
  `early_leaving` varchar(255) NOT NULL,
  `overtime` varchar(255) NOT NULL,
  `total_work` varchar(255) NOT NULL,
  `total_rest` varchar(255) NOT NULL,
  `attendance_status` varchar(100) NOT NULL
) ENGINE=InnoDB DEFAULT CHARSET=utf8 COLLATE=utf8_general_ci;

--
-- Dumping data for table `xin_attendance_time`
--

INSERT INTO `xin_attendance_time` (`time_attendance_id`, `employee_id`, `attendance_date`, `clock_in`, `clock_in_ip_address`, `clock_out`, `clock_out_ip_address`, `clock_in_out`, `clock_in_latitude`, `clock_in_longitude`, `clock_out_latitude`, `clock_out_longitude`, `time_late`, `early_leaving`, `overtime`, `total_work`, `total_rest`, `attendance_status`) VALUES
(1, 5, '2019-04-17', '2019-04-17 10:36:38', '::1', '2019-04-17 10:37:36', '::1', '0', '31.450726399999997', '74.2940672', '31.450726399999997', '74.2940672', '2019-04-17 10:36:38', '2019-04-17 10:37:36', '2019-04-17 10:37:36', '0:0', '', 'Present'),
(2, 6, '2020-02-17', '2020-02-17 10:29:11', '103.142.68.150', '2020-02-18 12:03:12', '103.142.68.2', '0', '23.6164', '90.5301', '23.6097184', '90.51634039999999', '2020-02-17 10:29:11', '2020-02-18 12:03:12', '2020-02-18 12:03:12', '0:0', '', 'Present'),
(3, 21, '2020-02-17', '2020-02-17 10:38:57', '103.142.68.150', '2020-02-17 19:30:31', '103.142.68.2', '0', '23.6164', '90.5301', '23.6088827', '90.5159714', '2020-02-17 10:38:57', '2020-02-17 19:30:31', '2020-02-17 19:30:31', '8:51', '', 'Present'),
(4, 19, '2020-02-17', '2020-02-17 10:40:54', '103.142.68.150', '2020-02-18 13:15:24', '103.142.68.70', '0', '23.6164', '90.5301', '23.6076958', '90.5163405', '2020-02-17 10:40:54', '2020-02-18 13:15:24', '2020-02-18 13:15:24', '0:0', '', 'Present'),
(5, 10, '2020-02-17', '2020-02-17 12:36:54', '103.142.68.157', '2020-02-18 10:14:09', '103.142.68.2', '0', '23.6097416', '90.51634039999999', '23.6099', '90.5034412', '2020-02-17 12:36:54', '2020-02-18 10:14:09', '2020-02-18 10:14:09', '0:0', '', 'Present'),
(6, 8, '2020-02-17', '2020-02-17 13:53:56', '103.142.68.70', '2020-02-18 13:09:25', '103.142.68.70', '0', '23.6076958', '90.5163405', '23.6076958', '90.5163405', '2020-02-17 13:53:56', '2020-02-18 13:09:25', '2020-02-18 13:09:25', '0:0', '', 'Present'),
(7, 21, '2020-02-18', '2020-02-18 09:59:42', '103.142.68.2', '2020-02-18 19:40:05', '103.142.68.145', '0', '23.609671799999997', '90.51634039999999', '23.6042542', '90.530481', '2020-02-18 09:59:42', '2020-02-18 19:40:05', '2020-02-18 19:40:05', '9:40', '', 'Present'),
(8, 10, '2020-02-18', '2020-02-18 10:14:17', '103.142.68.2', '2020-02-18 21:02:29', '103.142.68.145', '0', '23.6099', '90.5034412', '23.6099', '90.5034412', '2020-02-18 10:14:17', '2020-02-18 21:02:29', '2020-02-18 21:02:29', '10:48', '', 'Present'),
(10, 14, '2020-02-18', '2020-02-18 12:40:07', '103.142.68.70', '2020-02-18 23:59:14', '103.142.68.70', '0', '23.6076958', '90.5163405', '23.6076958', '90.5163405', '2020-02-18 12:40:07', '2020-02-18 23:59:14', '2020-02-18 23:59:14', '11:19', '', 'Present'),
(11, 12, '2020-02-18', '2020-02-18 12:50:12', '103.142.68.70', '2020-02-18 19:42:11', '103.142.68.70', '0', '23.6076958', '90.5163405', '23.6076958', '90.5163405', '2020-02-18 12:50:12', '2020-02-18 19:42:11', '2020-02-18 19:42:11', '6:51', '', 'Present'),
(12, 17, '2020-02-18', '2020-02-18 12:54:34', '103.142.68.2', '2020-02-18 23:58:24', '103.142.68.147', '0', '23.615263499999998', '90.5092243', '23.613948399999998', '90.5130408', '2020-02-18 12:54:34', '2020-02-18 23:58:24', '2020-02-18 23:58:24', '11:3', '', 'Present'),
(13, 16, '2020-02-18', '2020-02-18 13:02:08', '103.142.68.70', '2020-02-19 10:02:30', '103.142.68.150', '0', '23.6152372', '90.50925079999999', '23.6152323', '90.50925989999999', '2020-02-18 13:02:08', '2020-02-19 10:02:30', '2020-02-19 10:02:30', '0:0', '', 'Present'),
(14, 22, '2020-02-18', '2020-02-18 13:03:54', '103.142.68.70', '2020-02-19 10:35:13', '103.142.68.70', '0', '23.6076958', '90.5163405', '23.6076958', '90.5163405', '2020-02-18 13:03:54', '2020-02-19 10:35:13', '2020-02-19 10:35:13', '0:0', '', 'Present'),
(15, 9, '2020-02-18', '2020-02-18 13:04:44', '103.142.68.70', '2020-02-19 10:20:28', '103.142.68.70', '0', '23.6076958', '90.5163405', '23.615260499999998', '90.5092406', '2020-02-18 13:04:44', '2020-02-19 10:20:28', '2020-02-19 10:20:28', '0:0', '', 'Present'),
(16, 8, '2020-02-18', '2020-02-18 13:11:14', '103.142.68.70', '2020-02-18 19:27:05', '103.142.68.70', '0', '23.6076958', '90.5163405', '23.6152291', '90.50923979999999', '2020-02-18 13:11:14', '2020-02-18 19:27:05', '2020-02-18 19:27:05', '6:15', '', 'Present'),
(17, 20, '2020-02-18', '2020-02-18 13:13:25', '103.142.68.70', '2020-02-18 19:29:22', '103.142.68.70', '0', '23.6076958', '90.5163405', '23.6152642', '90.509187', '2020-02-18 13:13:25', '2020-02-18 19:29:22', '2020-02-18 19:29:22', '6:15', '', 'Present'),
(18, 19, '2020-02-18', '2020-02-18 13:15:35', '103.142.68.70', '2020-02-18 19:32:56', '103.142.68.70', '0', '23.6076958', '90.5163405', '23.6076958', '90.5163405', '2020-02-18 13:15:35', '2020-02-18 19:32:56', '2020-02-18 19:32:56', '6:17', '', 'Present'),
(19, 6, '2020-02-18', '2020-02-18 23:44:01', '103.142.68.145', '2020-02-18 23:44:34', '103.142.68.145', '0', '23.6164', '90.5301', '23.6164', '90.5301', '2020-02-18 23:44:01', '2020-02-18 23:44:34', '2020-02-18 23:44:34', '0:0', '', 'Present'),
(20, 14, '2020-02-19', '2020-02-19 09:31:40', '103.142.68.70', '2020-02-20 10:38:59', '103.142.68.70', '0', '23.6076958', '90.5163405', '23.609344', '90.5150464', '2020-02-19 09:31:40', '2020-02-20 10:38:59', '2020-02-20 10:38:59', '0:0', '', 'Present'),
(21, 16, '2020-02-19', '2020-02-19 10:02:47', '103.142.68.150', '2020-02-19 21:03:42', '103.142.68.2', '0', '23.6152323', '90.50925989999999', '23.6122095', '90.50999639999999', '2020-02-19 10:02:47', '2020-02-19 21:03:42', '2020-02-19 21:03:42', '11:0', '', 'Present'),
(22, 19, '2020-02-19', '2020-02-19 10:10:05', '103.142.68.70', '2020-02-19 19:17:55', '103.142.68.70', '0', '23.6076958', '90.5163405', '23.6077056', '90.5158656', '2020-02-19 10:10:05', '2020-02-19 19:17:55', '2020-02-19 19:17:55', '9:7', '', 'Present'),
(23, 20, '2020-02-19', '2020-02-19 10:16:45', '103.142.68.70', '2020-02-19 19:24:04', '103.142.68.70', '0', '23.6076958', '90.5163405', '23.6077056', '90.5158656', '2020-02-19 10:16:45', '2020-02-19 19:24:04', '2020-02-19 19:24:04', '9:7', '', 'Present'),
(24, 10, '2020-02-19', '2020-02-19 10:17:11', '103.142.68.145', '2020-02-19 21:05:39', '103.142.68.2', '0', '23.610982399999997', '90.517504', '23.6097416', '90.51634039999999', '2020-02-19 10:17:11', '2020-02-19 21:05:39', '2020-02-19 21:05:39', '10:48', '', 'Present'),
(25, 12, '2020-02-19', '2020-02-19 10:21:26', '103.142.68.70', '2020-02-20 10:27:41', '103.142.68.70', '0', '23.6076958', '90.5163405', '23.609344', '90.5150464', '2020-02-19 10:21:26', '2020-02-20 10:27:41', '2020-02-20 10:27:41', '0:0', '', 'Present'),
(26, 9, '2020-02-19', '2020-02-19 10:21:44', '103.142.68.70', '2020-02-20 10:03:55', '103.142.68.70', '0', '23.615259899999998', '90.5092353', '23.6152394', '90.50923979999999', '2020-02-19 10:21:44', '2020-02-20 10:03:55', '2020-02-20 10:03:55', '0:0', '', 'Present'),
(27, 6, '2020-02-19', '2020-02-19 10:29:12', '103.142.68.145', '2020-02-19 22:47:20', '103.142.68.2', '0', '23.6164', '90.5301', '23.6164', '90.5301', '2020-02-19 10:29:12', '2020-02-19 22:47:20', '2020-02-19 22:47:20', '12:18', '', 'Present'),
(28, 22, '2020-02-19', '2020-02-19 10:37:02', '103.142.68.70', '2020-02-20 10:20:31', '103.142.68.70', '0', '23.6076958', '90.5163405', '23.609344', '90.5150464', '2020-02-19 10:37:02', '2020-02-20 10:20:31', '2020-02-20 10:20:31', '0:0', '', 'Present'),
(29, 8, '2020-02-19', '2020-02-19 13:26:24', '103.142.68.70', '2020-02-19 19:44:54', '103.142.68.70', '0', '23.6076958', '90.5163405', '23.6164829', '90.5058491', '2020-02-19 13:26:24', '2020-02-19 19:44:54', '2020-02-19 19:44:54', '0:0', '', 'Present'),
(30, 21, '2020-02-20', '2020-02-20 09:56:22', '103.142.68.2', '2020-02-20 19:44:56', '103.142.68.145', '0', '23.609625299999998', '90.51634039999999', '23.6126208', '90.5150464', '2020-02-20 09:56:22', '2020-02-20 19:44:56', '2020-02-20 19:44:56', '9:48', '', 'Present'),
(31, 16, '2020-02-20', '2020-02-20 10:02:48', '103.142.68.70', '2020-02-20 20:11:42', '103.142.68.70', '0', '23.6152433', '90.5092524', '23.615215799999998', '90.5092576', '2020-02-20 10:02:48', '2020-02-20 20:11:42', '2020-02-20 20:11:42', '10:8', '', 'Present'),
(32, 9, '2020-02-20', '2020-02-20 10:04:03', '103.142.68.70', '2020-02-22 10:15:14', '103.142.68.70', '0', '23.6152394', '90.50923979999999', '23.6152698', '90.50919789999999', '2020-02-20 10:04:03', '2020-02-22 10:15:14', '2020-02-22 10:15:14', '0:0', '', 'Present'),
(33, 22, '2020-02-20', '2020-02-20 10:20:37', '103.142.68.70', '2020-02-23 10:23:38', '103.142.68.70', '0', '23.6152493', '90.50925889999999', '23.6076958', '90.5163405', '2020-02-20 10:20:37', '2020-02-23 10:23:38', '2020-02-23 10:23:38', '0:0', '', 'Present'),
(34, 20, '2020-02-20', '2020-02-20 10:22:40', '103.142.68.70', '2020-02-20 19:05:55', '103.142.68.70', '0', '23.615214599999998', '90.509295', '23.6152469', '90.50925439999999', '2020-02-20 10:22:40', '2020-02-20 19:05:55', '2020-02-20 19:05:55', '8:43', '', 'Present'),
(35, 12, '2020-02-20', '2020-02-20 10:28:32', '103.142.68.70', '2020-02-20 19:42:21', '103.142.68.70', '0', '23.609344', '90.5150464', '23.609344', '90.5150464', '2020-02-20 10:28:32', '2020-02-20 19:42:21', '2020-02-20 19:42:21', '9:13', '', 'Present'),
(36, 6, '2020-02-20', '2020-02-20 10:32:10', '103.142.68.2', '2020-02-20 23:25:42', '103.142.68.145', '0', '23.6095746', '90.5176324', '23.6164', '90.5301', '2020-02-20 10:32:10', '2020-02-20 23:25:42', '2020-02-20 23:25:42', '12:53', '', 'Present'),
(37, 10, '2020-02-20', '2020-02-20 10:35:58', '103.142.68.2', '2020-02-22 10:15:56', '103.142.68.145', '0', '23.6095746', '90.5176324', '23.6126208', '90.5150464', '2020-02-20 10:35:58', '2020-02-22 10:15:56', '2020-02-22 10:15:56', '0:0', '', 'Present'),
(38, 24, '2020-02-20', '2020-02-20 10:37:04', '103.142.68.70', '2020-02-22 10:27:01', '103.142.68.70', '0', '23.61534', '90.509224', '23.61533425', '90.50923350000001', '2020-02-20 10:37:04', '2020-02-22 10:27:01', '2020-02-22 10:27:01', '0:0', '', 'Present'),
(39, 13, '2020-02-20', '2020-02-20 10:38:40', '103.142.68.70', '2020-02-21 00:01:16', '103.20.89.34', '0', '23.615261200000003', '90.50918659999999', '23.6781374', '90.4785587', '2020-02-20 10:38:40', '2020-02-21 00:01:16', '2020-02-21 00:01:16', '0:0', '', 'Present'),
(40, 19, '2020-02-20', '2020-02-20 10:38:53', '103.142.68.70', '2020-02-22 13:05:41', '103.142.68.70', '0', '23.609344', '90.5150464', '23.6076958', '90.5163405', '2020-02-20 10:38:53', '2020-02-22 13:05:41', '2020-02-22 13:05:41', '0:0', '', 'Present'),
(41, 14, '2020-02-20', '2020-02-20 10:41:22', '103.142.68.70', '2020-02-20 20:10:54', '103.142.68.70', '0', '23.609344', '90.5150464', '23.609344', '90.5150464', '2020-02-20 10:41:22', '2020-02-20 20:10:54', '2020-02-20 20:10:54', '9:29', '', 'Present'),
(42, 17, '2020-02-20', '2020-02-20 10:45:00', '103.142.68.70', '2020-02-20 20:11:18', '103.142.68.70', '0', '23.6152443', '90.5092375', '23.6152378', '90.50925629999999', '2020-02-20 10:45:00', '2020-02-20 20:11:18', '2020-02-20 20:11:18', '9:26', '', 'Present'),
(43, 8, '2020-02-20', '2020-02-20 11:23:37', '103.142.68.2', '2020-02-20 19:44:40', '103.142.68.70', '0', '23.615254099999998', '90.50924719999999', '23.615267799999998', '90.50918589999999', '2020-02-20 11:23:37', '2020-02-20 19:44:40', '2020-02-20 19:44:40', '8:21', '', 'Present'),
(44, 15, '2020-02-20', '2020-02-20 15:28:46', '103.142.68.2', '2020-02-22 10:27:21', '103.142.68.145', '0', '23.615250099999997', '90.5092391', '23.6152439', '90.50926059999999', '2020-02-20 15:28:46', '2020-02-22 10:27:21', '2020-02-22 10:27:21', '0:0', '', 'Present'),
(45, 13, '2020-02-21', '2020-02-21 00:19:27', '103.20.89.34', '2020-02-21 21:05:34', '103.20.89.34', '0', '23.6781374', '90.4785587', '23.6781606', '90.4785587', '2020-02-21 00:19:27', '2020-02-21 21:05:34', '2020-02-21 21:05:34', '20:46', '', 'Present'),
(46, 13, '2020-02-22', '2020-02-22 10:00:43', '103.142.68.70', '2020-02-23 10:09:07', '103.142.68.70', '0', '23.6152458', '90.5092658', '23.615256799999997', '90.50922849999999', '2020-02-22 10:00:43', '2020-02-23 10:09:07', '2020-02-23 10:09:07', '0:0', '', 'Present'),
(47, 21, '2020-02-22', '2020-02-22 10:02:34', '103.142.68.145', '2020-02-22 20:07:02', '103.142.68.145', '0', '23.609625299999998', '90.51634039999999', '23.6097637', '90.5166912', '2020-02-22 10:02:34', '2020-02-22 20:07:02', '2020-02-22 20:07:02', '10:4', '', 'Present'),
(48, 9, '2020-02-22', '2020-02-22 10:16:11', '103.142.68.70', '2020-02-24 10:24:33', '103.142.68.70', '0', '23.6152361', '90.5092198', '23.6076958', '90.5163405', '2020-02-22 10:16:11', '2020-02-24 10:24:33', '2020-02-24 10:24:33', '0:0', '', 'Present'),
(49, 10, '2020-02-22', '2020-02-22 10:17:05', '103.142.68.145', '2020-02-23 10:18:05', '103.142.68.145', '0', '23.6126208', '90.5150464', '23.609648699999997', '90.51634039999999', '2020-02-22 10:17:05', '2020-02-23 10:18:05', '2020-02-23 10:18:05', '0:0', '', 'Present'),
(50, 12, '2020-02-22', '2020-02-22 10:26:16', '103.142.68.70', '2020-02-24 10:20:24', '103.142.68.70', '0', '23.6076958', '90.5163405', '23.6076958', '90.5163405', '2020-02-22 10:26:16', '2020-02-24 10:20:24', '2020-02-24 10:20:24', '0:0', '', 'Present'),
(51, 24, '2020-02-22', '2020-02-22 10:27:15', '103.142.68.70', '2020-02-27 10:41:38', '103.142.68.70', '0', '23.615321999555174', '90.5082630809741', '23.61533425', '90.50923350000001', '2020-02-22 10:27:15', '2020-02-27 10:41:38', '2020-02-27 10:41:38', '0:0', '', 'Present'),
(52, 15, '2020-02-22', '2020-02-22 10:27:31', '103.142.68.145', '', '', '1', '23.6152439', '90.50926059999999', '', '', '2020-02-22 10:27:31', '2020-02-22 10:27:31', '2020-02-22 10:27:31', '', '', 'Present'),
(53, 8, '2020-02-22', '2020-02-22 11:21:48', '103.142.68.70', '2020-02-23 12:04:41', '103.142.68.70', '0', '23.615253199999998', '90.5092373', '23.615287499999997', '90.5092011', '2020-02-22 11:21:48', '2020-02-23 12:04:41', '2020-02-23 12:04:41', '0:0', '', 'Present'),
(54, 19, '2020-02-22', '2020-02-22 13:05:45', '103.142.68.70', '2020-02-23 10:32:55', '103.142.68.70', '0', '23.6076958', '90.5163405', '23.6076958', '90.5163405', '2020-02-22 13:05:45', '2020-02-23 10:32:55', '2020-02-23 10:32:55', '0:0', '', 'Present'),
(55, 21, '2020-02-23', '2020-02-23 09:56:27', '103.142.68.145', '2020-02-23 19:50:44', '103.142.68.145', '0', '23.6126208', '90.5150464', '23.6126208', '90.5150464', '2020-02-23 09:56:27', '2020-02-23 19:50:44', '2020-02-23 19:50:44', '9:54', '', 'Present'),
(56, 20, '2020-02-23', '2020-02-23 09:59:01', '103.142.68.70', '2020-02-24 10:16:03', '103.142.68.70', '0', '23.6152835', '90.5091985', '23.615305799999998', '90.5091817', '2020-02-23 09:59:01', '2020-02-24 10:16:03', '2020-02-24 10:16:03', '0:0', '', 'Present'),
(57, 13, '2020-02-23', '2020-02-23 10:09:47', '103.142.68.70', '2020-02-23 20:55:12', '103.20.89.34', '0', '23.615259500000004', '90.5092085', '23.67816', '90.4787616', '2020-02-23 10:09:47', '2020-02-23 20:55:12', '2020-02-23 20:55:12', '10:45', '', 'Present'),
(58, 10, '2020-02-23', '2020-02-23 10:18:12', '103.142.68.145', '2020-02-23 20:54:01', '103.142.68.145', '0', '23.609648699999997', '90.51634039999999', '23.609648699999997', '90.51634039999999', '2020-02-23 10:18:12', '2020-02-23 20:54:01', '2020-02-23 20:54:01', '10:35', '', 'Present'),
(59, 22, '2020-02-23', '2020-02-23 10:23:44', '103.142.68.70', '2020-02-24 10:11:11', '103.142.68.70', '0', '23.6076958', '90.5163405', '23.6076958', '90.5163405', '2020-02-23 10:23:44', '2020-02-24 10:11:11', '2020-02-24 10:11:11', '0:0', '', 'Present'),
(60, 19, '2020-02-23', '2020-02-23 10:32:59', '103.142.68.70', '2020-02-23 19:06:56', '103.142.68.70', '0', '23.6076958', '90.5163405', '23.6076958', '90.5163405', '2020-02-23 10:32:59', '2020-02-23 19:06:56', '2020-02-23 19:06:56', '8:33', '', 'Present'),
(61, 17, '2020-02-23', '2020-02-23 11:35:37', '103.142.68.70', '2020-02-26 10:39:47', '103.142.68.70', '0', '23.6152537', '90.5092159', '23.6152561', '90.5092213', '2020-02-23 11:35:37', '2020-02-26 10:39:47', '2020-02-26 10:39:47', '0:0', '', 'Present'),
(62, 8, '2020-02-23', '2020-02-23 12:05:00', '103.142.68.70', '2020-02-24 11:10:44', '103.142.68.145', '0', '23.615287499999997', '90.5092011', '23.6152983', '90.5091959', '2020-02-23 12:05:00', '2020-02-24 11:10:44', '2020-02-24 11:10:44', '0:0', '', 'Present'),
(63, 6, '2020-02-23', '2020-02-23 15:54:14', '103.142.68.145', '2020-08-26 10:41:40', '103.142.68.152', '0', '23.6164', '90.5301', '23.6173', '90.5283', '2020-02-23 15:54:14', '2020-08-26 10:41:40', '2020-08-26 10:41:40', '0:0', '', 'Present'),
(64, 13, '2020-02-24', '2020-02-24 09:44:26', '103.142.68.145', '2020-02-27 10:13:44', '103.142.68.144', '0', '23.609648699999997', '90.51634039999999', '23.6153023', '90.50922299999999', '2020-02-24 09:44:26', '2020-02-27 10:13:44', '2020-02-27 10:13:44', '0:0', '', 'Present'),
(65, 14, '2020-02-24', '2020-02-24 09:53:37', '103.142.68.70', '2020-02-24 23:48:26', '103.142.68.158', '0', '23.6076958', '90.5163405', '23.6169889', '90.5102342', '2020-02-24 09:53:37', '2020-02-24 23:48:26', '2020-02-24 23:48:26', '13:54', '', 'Present'),
(66, 22, '2020-02-24', '2020-02-24 10:11:22', '103.142.68.70', '2020-02-24 10:11:32', '103.142.68.70', '0', '23.6076958', '90.5163405', '23.6076958', '90.5163405', '2020-02-24 10:11:22', '2020-02-24 10:11:32', '2020-02-24 10:11:32', '0:0', '', 'Present'),
(67, 22, '2020-02-24', '2020-02-24 10:11:36', '103.142.68.70', '2020-02-25 11:31:49', '103.142.68.70', '0', '23.6076958', '90.5163405', '23.6076958', '90.5163405', '2020-02-24 10:11:36', '2020-02-25 11:31:49', '2020-02-25 11:31:49', '0:0', '0:0', 'Present'),
(68, 16, '2020-02-24', '2020-02-24 10:14:51', '103.142.68.70', '2020-02-25 10:08:05', '103.142.68.150', '0', '23.615257699999997', '90.5092197', '23.6152827', '90.509169', '2020-02-24 10:14:51', '2020-02-25 10:08:05', '2020-02-25 10:08:05', '0:0', '', 'Present'),
(69, 20, '2020-02-24', '2020-02-24 10:16:14', '103.142.68.70', '2020-02-25 10:27:36', '103.142.68.144', '0', '23.615303200000003', '90.5091813', '23.6152658', '90.50920599999999', '2020-02-24 10:16:14', '2020-02-25 10:27:36', '2020-02-25 10:27:36', '0:0', '', 'Present'),
(70, 19, '2020-02-24', '2020-02-24 10:18:23', '103.142.68.70', '2020-02-25 10:46:19', '103.142.68.70', '0', '23.6076958', '90.5163405', '23.6076958', '90.5163405', '2020-02-24 10:18:23', '2020-02-25 10:46:19', '2020-02-25 10:46:19', '0:0', '', 'Present'),
(71, 12, '2020-02-24', '2020-02-24 10:20:38', '103.142.68.70', '2020-02-24 19:25:34', '103.142.68.70', '0', '23.6076958', '90.5163405', '23.6076958', '90.5163405', '2020-02-24 10:20:38', '2020-02-24 19:25:34', '2020-02-24 19:25:34', '9:4', '', 'Present'),
(72, 9, '2020-02-24', '2020-02-24 10:24:42', '103.142.68.70', '2020-02-26 10:18:09', '103.142.68.70', '0', '23.6076958', '90.5163405', '23.615302699999997', '90.5091885', '2020-02-24 10:24:42', '2020-02-26 10:18:09', '2020-02-26 10:18:09', '0:0', '', 'Present'),
(73, 10, '2020-02-24', '2020-02-24 10:36:33', '103.142.68.145', '2020-02-25 10:22:54', '103.142.68.144', '0', '23.609625299999998', '90.51634039999999', '23.6093929', '90.5163405', '2020-02-24 10:36:33', '2020-02-25 10:22:54', '2020-02-25 10:22:54', '0:0', '', 'Present'),
(74, 8, '2020-02-24', '2020-02-24 11:11:26', '103.142.68.145', '2020-02-24 19:22:05', '103.142.68.70', '0', '23.6152983', '90.5091959', '23.6076958', '90.5163405', '2020-02-24 11:11:26', '2020-02-24 19:22:05', '2020-02-24 19:22:05', '8:10', '', 'Present'),
(75, 21, '2020-02-24', '2020-02-24 12:09:31', '103.142.68.145', '2020-02-24 19:50:43', '103.142.68.145', '0', '23.6126208', '90.5150464', '23.6096258', '90.5162113', '2020-02-24 12:09:31', '2020-02-24 19:50:43', '2020-02-24 19:50:43', '7:41', '', 'Present'),
(76, 21, '2020-02-25', '2020-02-25 10:00:56', '103.142.68.144', '2020-02-25 19:25:33', '103.142.68.144', '0', '23.6126208', '90.5150464', '23.6093011', '90.5159898', '2020-02-25 10:00:56', '2020-02-25 19:25:33', '2020-02-25 19:25:33', '9:24', '', 'Present'),
(77, 16, '2020-02-25', '2020-02-25 10:08:18', '103.142.68.150', '2020-02-26 10:25:04', '103.142.68.70', '0', '23.6152827', '90.509169', '23.6152534', '90.5092143', '2020-02-25 10:08:18', '2020-02-26 10:25:04', '2020-02-26 10:25:04', '0:0', '', 'Present'),
(78, 12, '2020-02-25', '2020-02-25 10:17:17', '103.142.68.70', '2020-02-26 10:16:30', '103.142.68.70', '0', '23.6076958', '90.5163405', '23.6076958', '90.5163405', '2020-02-25 10:17:17', '2020-02-26 10:16:30', '2020-02-26 10:16:30', '0:0', '', 'Present'),
(79, 10, '2020-02-25', '2020-02-25 10:24:41', '103.142.68.144', '2020-02-26 10:14:51', '103.142.68.144', '0', '23.6093929', '90.5163405', '23.609648699999997', '90.51634039999999', '2020-02-25 10:24:41', '2020-02-26 10:14:51', '2020-02-26 10:14:51', '0:0', '', 'Present'),
(80, 14, '2020-02-25', '2020-02-25 10:28:21', '103.142.68.70', '2020-02-26 01:40:39', '103.142.68.70', '0', '23.6076958', '90.5163405', '23.6076958', '90.5163405', '2020-02-25 10:28:21', '2020-02-26 01:40:39', '2020-02-26 01:40:39', '0:0', '', 'Present'),
(81, 20, '2020-02-25', '2020-02-25 10:28:23', '103.142.68.70', '2020-02-25 19:16:43', '103.142.68.70', '0', '23.615225199999998', '90.5092196', '23.6076958', '90.5163405', '2020-02-25 10:28:23', '2020-02-25 19:16:43', '2020-02-25 19:16:43', '8:48', '', 'Present'),
(82, 19, '2020-02-25', '2020-02-25 10:46:49', '103.142.68.70', '2020-02-26 10:47:52', '103.142.68.70', '0', '23.6076958', '90.5163405', '23.6076958', '90.5163405', '2020-02-25 10:46:49', '2020-02-26 10:47:52', '2020-02-26 10:47:52', '0:0', '', 'Present'),
(83, 22, '2020-02-25', '2020-02-25 11:31:55', '103.142.68.70', '2020-08-26 10:55:21', '103.142.68.150', '0', '23.6076958', '90.5163405', '23.615371815423256', '90.50821407502754', '2020-02-25 11:31:55', '2020-08-26 10:55:21', '2020-08-26 10:55:21', '0:0', '', 'Present'),
(84, 8, '2020-02-25', '2020-02-25 12:21:23', '103.142.68.70', '2020-02-26 14:14:58', '103.142.68.70', '0', '23.6076958', '90.5163405', '23.6076958', '90.5163405', '2020-02-25 12:21:23', '2020-02-26 14:14:58', '2020-02-26 14:14:58', '0:0', '', 'Present'),
(85, 21, '2020-02-26', '2020-02-26 10:13:20', '103.142.68.144', '2020-02-26 19:51:06', '103.142.68.144', '0', '23.6093965', '90.51526989999999', '23.6094394', '90.5163405', '2020-02-26 10:13:20', '2020-02-26 19:51:06', '2020-02-26 19:51:06', '9:37', '', 'Present'),
(86, 20, '2020-02-26', '2020-02-26 10:16:32', '103.142.68.70', '2020-02-26 19:13:33', '103.142.68.70', '0', '23.6152516', '90.5092028', '23.6076958', '90.5163405', '2020-02-26 10:16:32', '2020-02-26 19:13:33', '2020-02-26 19:13:33', '8:57', '', 'Present'),
(87, 12, '2020-02-26', '2020-02-26 10:16:40', '103.142.68.70', '2020-02-26 19:20:35', '103.142.68.70', '0', '23.6076958', '90.5163405', '23.6076958', '90.5163405', '2020-02-26 10:16:40', '2020-02-26 19:20:35', '2020-02-26 19:20:35', '9:3', '', 'Present'),
(88, 9, '2020-02-26', '2020-02-26 10:18:22', '103.142.68.70', '2020-02-29 10:22:44', '103.142.68.70', '0', '23.615302699999997', '90.5091885', '23.6076958', '90.5163405', '2020-02-26 10:18:22', '2020-02-29 10:22:44', '2020-02-29 10:22:44', '0:0', '', 'Present'),
(89, 10, '2020-02-26', '2020-02-26 10:22:48', '103.142.68.144', '2020-02-26 19:52:10', '103.142.68.144', '0', '23.6093965', '90.51526989999999', '23.609811399999998', '90.51634039999999', '2020-02-26 10:22:48', '2020-02-26 19:52:10', '2020-02-26 19:52:10', '9:29', '', 'Present'),
(90, 16, '2020-02-26', '2020-02-26 10:25:16', '103.142.68.70', '2020-02-26 19:32:31', '103.142.68.70', '0', '23.6152908', '90.50917919999999', '23.615263799999997', '90.5092263', '2020-02-26 10:25:16', '2020-02-26 19:32:31', '2020-02-26 19:32:31', '9:7', '', 'Present'),
(91, 14, '2020-02-26', '2020-02-26 10:28:25', '103.142.68.70', '2020-02-26 19:48:46', '103.142.68.70', '0', '23.6076958', '90.5163405', '23.6076958', '90.5163405', '2020-02-26 10:28:25', '2020-02-26 19:48:46', '2020-02-26 19:48:46', '9:20', '', 'Present'),
(92, 17, '2020-02-26', '2020-02-26 10:39:54', '103.142.68.70', '2020-03-03 10:40:41', '103.142.68.70', '0', '23.6152561', '90.5092213', '23.6152537', '90.5092413', '2020-02-26 10:39:54', '2020-03-03 10:40:41', '2020-03-03 10:40:41', '0:0', '', 'Present'),
(93, 19, '2020-02-26', '2020-02-26 10:47:58', '103.142.68.70', '2020-02-26 19:13:50', '103.142.68.70', '0', '23.6076958', '90.5163405', '23.6076958', '90.5163405', '2020-02-26 10:47:58', '2020-02-26 19:13:50', '2020-02-26 19:13:50', '8:25', '', 'Present'),
(94, 8, '2020-02-26', '2020-02-26 14:15:06', '103.142.68.70', '2020-02-27 11:05:49', '103.142.68.70', '0', '23.6076958', '90.5163405', '23.6152941', '90.5092142', '2020-02-26 14:15:06', '2020-02-27 11:05:49', '2020-02-27 11:05:49', '0:0', '', 'Present'),
(95, 20, '2020-02-27', '2020-02-27 10:05:27', '103.142.68.70', '2020-02-27 19:00:04', '103.142.68.70', '0', '23.6076958', '90.5163405', '23.6153142', '90.50918449999999', '2020-02-27 10:05:27', '2020-02-27 19:00:04', '2020-02-27 19:00:04', '8:54', '', 'Present'),
(96, 21, '2020-02-27', '2020-02-27 10:08:18', '103.142.68.144', '2020-02-27 19:30:03', '103.142.68.144', '0', '23.6126208', '90.5150464', '23.609671799999997', '90.51634039999999', '2020-02-27 10:08:18', '2020-02-27 19:30:03', '2020-02-27 19:30:03', '9:21', '', 'Present'),
(97, 12, '2020-02-27', '2020-02-27 10:13:32', '103.142.68.70', '2020-02-29 10:15:41', '103.142.68.70', '0', '23.6076958', '90.5163405', '23.6076958', '90.5163405', '2020-02-27 10:13:32', '2020-02-29 10:15:41', '2020-02-29 10:15:41', '0:0', '', 'Present'),
(98, 13, '2020-02-27', '2020-02-27 10:14:42', '103.142.68.144', '2020-02-28 00:59:30', '103.20.89.34', '0', '23.615310899999997', '90.50921559999999', '23.6772773', '90.4785587', '2020-02-27 10:14:42', '2020-02-28 00:59:30', '2020-02-28 00:59:30', '0:0', '', 'Present'),
(99, 14, '2020-02-27', '2020-02-27 10:19:59', '103.142.68.70', '2020-02-27 20:38:48', '103.125.253.34', '0', '23.6076958', '90.5163405', '40.46366700000001', '-3.7492199999999998', '2020-02-27 10:19:59', '2020-02-27 20:38:48', '2020-02-27 20:38:48', '10:18', '', 'Present'),
(100, 16, '2020-02-27', '2020-02-27 10:31:09', '103.142.68.146', '2020-02-28 10:10:54', '103.142.68.70', '0', '23.615345899999998', '90.5091559', '23.6152584', '90.50922849999999', '2020-02-27 10:31:09', '2020-02-28 10:10:54', '2020-02-28 10:10:54', '0:0', '', 'Present'),
(101, 10, '2020-02-27', '2020-02-27 10:32:15', '103.142.68.144', '2020-02-27 20:34:39', '103.142.68.144', '0', '23.609857899999998', '90.51634039999999', '23.6099511', '90.5162666', '2020-02-27 10:32:15', '2020-02-27 20:34:39', '2020-02-27 20:34:39', '10:2', '', 'Present'),
(102, 19, '2020-02-27', '2020-02-27 10:56:57', '103.142.68.70', '2020-02-29 10:13:52', '103.142.68.70', '0', '23.6076958', '90.5163405', '23.6076958', '90.5163405', '2020-02-27 10:56:57', '2020-02-29 10:13:52', '2020-02-29 10:13:52', '0:0', '', 'Present'),
(103, 8, '2020-02-27', '2020-02-27 11:06:00', '103.142.68.70', '2020-03-01 10:31:41', '103.142.68.70', '0', '23.6152941', '90.5092142', '23.6076958', '90.5163405', '2020-02-27 11:06:00', '2020-03-01 10:31:41', '2020-03-01 10:31:41', '0:0', '', 'Present'),
(104, 24, '2020-02-27', '2020-02-27 11:06:28', '103.142.68.70', '2020-02-28 10:18:04', '103.142.68.70', '0', '23.6153525', '90.50918950000002', '23.615312000000003', '90.50931375', '2020-02-27 11:06:28', '2020-02-28 10:18:04', '2020-02-28 10:18:04', '0:0', '', 'Present'),
(105, 16, '2020-02-28', '2020-02-28 10:11:00', '103.142.68.70', '2020-03-01 10:31:31', '103.142.68.70', '0', '23.6152584', '90.50922849999999', '23.615285699999998', '90.50919449999999', '2020-02-28 10:11:00', '2020-03-01 10:31:31', '2020-03-01 10:31:31', '0:0', '', 'Present'),
(106, 13, '2020-02-28', '2020-02-28 10:16:27', '103.142.68.70', '2020-02-29 09:41:20', '103.142.68.70', '0', '23.6152953', '90.5091875', '23.615289', '90.5091494', '2020-02-28 10:16:27', '2020-02-29 09:41:20', '2020-02-29 09:41:20', '0:0', '', 'Present'),
(107, 24, '2020-02-28', '2020-02-28 10:18:12', '103.142.68.70', '2020-03-05 10:09:56', '103.142.68.70', '0', '23.615330200000002', '90.5092454', '23.615308', '90.50935', '2020-02-28 10:18:12', '2020-03-05 10:09:56', '2020-03-05 10:09:56', '0:0', '', 'Present'),
(108, 14, '2020-02-28', '2020-02-28 10:48:17', '103.142.68.70', '2020-02-28 22:59:01', '103.142.68.70', '0', '23.6076958', '90.5163405', '23.6076958', '90.5163405', '2020-02-28 10:48:17', '2020-02-28 22:59:01', '2020-02-28 22:59:01', '12:10', '', 'Present'),
(109, 13, '2020-02-29', '2020-02-29 09:41:30', '103.142.68.70', '2020-03-01 10:05:07', '103.142.68.70', '0', '23.6153124', '90.50916', '23.6152694', '90.5092394', '2020-02-29 09:41:30', '2020-03-01 10:05:07', '2020-03-01 10:05:07', '0:0', '', 'Present'),
(110, 21, '2020-02-29', '2020-02-29 10:06:39', '103.142.68.144', '2020-02-29 20:21:53', '103.142.68.144', '0', '23.6094173', '90.5159898', '23.6097441', '90.5155837', '2020-02-29 10:06:39', '2020-02-29 20:21:53', '2020-02-29 20:21:53', '10:15', '', 'Present'),
(111, 19, '2020-02-29', '2020-02-29 10:13:57', '103.142.68.70', '2020-03-01 10:51:44', '103.142.68.70', '0', '23.6076958', '90.5163405', '23.6076958', '90.5163405', '2020-02-29 10:13:57', '2020-03-01 10:51:44', '2020-03-01 10:51:44', '0:0', '', 'Present'),
(112, 12, '2020-02-29', '2020-02-29 10:15:52', '103.142.68.70', '2020-03-02 10:13:53', '103.142.68.70', '0', '23.6076958', '90.5163405', '23.6076959', '90.5163036', '2020-02-29 10:15:52', '2020-03-02 10:13:53', '2020-03-02 10:13:53', '0:0', '', 'Present'),
(113, 10, '2020-02-29', '2020-02-29 10:16:11', '103.142.68.144', '2020-02-29 21:14:45', '103.142.68.144', '0', '23.6126208', '90.5150464', '23.609323099999997', '90.5163405', '2020-02-29 10:16:11', '2020-02-29 21:14:45', '2020-02-29 21:14:45', '10:58', '', 'Present'),
(114, 9, '2020-02-29', '2020-02-29 10:22:51', '103.142.68.70', '2020-03-01 15:24:58', '103.142.68.70', '0', '23.6076958', '90.5163405', '23.6152758', '90.5091817', '2020-02-29 10:22:51', '2020-03-01 15:24:58', '2020-03-01 15:24:58', '0:0', '', 'Present'),
(115, 13, '2020-03-01', '2020-03-01 10:05:23', '103.142.68.70', '2020-03-01 21:31:55', '103.20.89.34', '0', '23.615315199999998', '90.50926439999999', '23.6785323', '90.47865089999999', '2020-03-01 10:05:23', '2020-03-01 21:31:55', '2020-03-01 21:31:55', '11:26', '', 'Present'),
(116, 21, '2020-03-01', '2020-03-01 10:14:40', '103.142.68.144', '2020-03-02 10:12:54', '103.142.68.144', '0', '23.609625299999998', '90.51634039999999', '23.6089977', '90.51634039999999', '2020-03-01 10:14:40', '2020-03-02 10:12:54', '2020-03-02 10:12:54', '0:0', '', 'Present'),
(117, 10, '2020-03-01', '2020-03-01 10:20:57', '103.142.68.144', '2020-03-01 20:32:44', '103.142.68.144', '0', '23.6094162', '90.5163405', '23.6126208', '90.5150464', '2020-03-01 10:20:57', '2020-03-01 20:32:44', '2020-03-01 20:32:44', '10:11', '', 'Present'),
(118, 20, '2020-03-01', '2020-03-01 10:27:41', '103.142.68.146', '2020-03-02 09:59:06', '103.142.68.146', '0', '23.615271099999998', '90.50915870000001', '23.615263499999998', '90.5092111', '2020-03-01 10:27:41', '2020-03-02 09:59:06', '2020-03-02 09:59:06', '0:0', '', 'Present'),
(119, 16, '2020-03-01', '2020-03-01 10:31:43', '103.142.68.70', '2020-03-02 10:17:24', '103.142.68.70', '0', '23.615285699999998', '90.50919449999999', '23.615292999999998', '90.5092031', '2020-03-01 10:31:43', '2020-03-02 10:17:24', '2020-03-02 10:17:24', '0:0', '', 'Present'),
(120, 8, '2020-03-01', '2020-03-01 10:31:50', '103.142.68.70', '2020-03-02 19:04:03', '103.142.68.70', '0', '23.6076958', '90.5163405', '23.6076959', '90.5163036', '2020-03-01 10:31:50', '2020-03-02 19:04:03', '2020-03-02 19:04:03', '0:0', '', 'Present'),
(121, 19, '2020-03-01', '2020-03-01 10:51:50', '103.142.68.70', '2020-03-02 10:10:46', '103.142.68.70', '0', '23.6076958', '90.5163405', '23.6076959', '90.5163036', '2020-03-01 10:51:50', '2020-03-02 10:10:46', '2020-03-02 10:10:46', '0:0', '', 'Present'),
(122, 14, '2020-03-02', '2020-03-02 09:53:47', '103.142.68.70', '2020-03-02 23:20:10', '103.142.68.70', '0', '23.6076959', '90.5163036', '23.6076959', '90.5163036', '2020-03-02 09:53:47', '2020-03-02 23:20:10', '2020-03-02 23:20:10', '13:26', '', 'Present'),
(123, 13, '2020-03-02', '2020-03-02 09:58:03', '103.142.68.70', '2020-03-05 10:33:27', '103.142.68.70', '0', '23.615309999999997', '90.5091911', '23.6153047', '90.50920250000001', '2020-03-02 09:58:03', '2020-03-05 10:33:27', '2020-03-05 10:33:27', '0:0', '', 'Present'),
(124, 20, '2020-03-02', '2020-03-02 09:59:22', '103.142.68.146', '2020-03-02 19:09:12', '103.142.68.70', '0', '23.6152746', '90.5092154', '23.6152432', '90.5092042', '2020-03-02 09:59:22', '2020-03-02 19:09:12', '2020-03-02 19:09:12', '9:9', '', 'Present'),
(125, 9, '2020-03-02', '2020-03-02 09:59:44', '103.142.68.70', '2020-03-03 10:39:23', '103.142.68.70', '0', '23.6076959', '90.5163036', '23.6076959', '90.5163036', '2020-03-02 09:59:44', '2020-03-03 10:39:23', '2020-03-03 10:39:23', '0:0', '', 'Present'),
(126, 19, '2020-03-02', '2020-03-02 10:10:51', '103.142.68.70', '2020-03-03 10:41:37', '103.142.68.70', '0', '23.6076959', '90.5163036', '23.6076959', '90.5163036', '2020-03-02 10:10:51', '2020-03-03 10:41:37', '2020-03-03 10:41:37', '0:0', '', 'Present'),
(127, 19, '2020-03-02', '2020-03-02 10:10:51', '103.142.68.70', '2020-03-03 10:41:10', '103.142.68.70', '0', '23.6076959', '90.5163036', '23.6076959', '90.5163036', '2020-03-02 10:10:51', '2020-03-03 10:41:10', '2020-03-03 10:41:10', '0:0', '0:0', 'Present'),
(128, 19, '2020-03-02', '2020-03-02 10:10:51', '103.142.68.70', '2020-03-03 10:38:55', '103.142.68.70', '0', '23.6076959', '90.5163036', '23.6076959', '90.5163036', '2020-03-02 10:10:51', '2020-03-03 10:38:55', '2020-03-03 10:38:55', '0:0', '0:0', 'Present'),
(129, 19, '2020-03-02', '2020-03-02 10:10:51', '103.142.68.70', '2020-03-03 10:37:12', '103.142.68.70', '0', '23.6076959', '90.5163036', '23.6076959', '90.5163036', '2020-03-02 10:10:51', '2020-03-03 10:37:12', '2020-03-03 10:37:12', '0:0', '0:0', 'Present'),
(130, 19, '2020-03-02', '2020-03-02 10:10:51', '103.142.68.70', '2020-03-03 10:37:01', '103.142.68.70', '0', '23.6076959', '90.5163036', '23.6076959', '90.5163036', '2020-03-02 10:10:51', '2020-03-03 10:37:01', '2020-03-03 10:37:01', '0:0', '0:0', 'Present'),
(131, 19, '2020-03-02', '2020-03-02 10:10:52', '103.142.68.70', '2020-03-03 10:36:46', '103.142.68.70', '0', '23.6076959', '90.5163036', '23.6076959', '90.5163036', '2020-03-02 10:10:52', '2020-03-03 10:36:46', '2020-03-03 10:36:46', '0:0', '0:0', 'Present'),
(132, 21, '2020-03-02', '2020-03-02 10:12:59', '103.142.68.144', '2020-03-02 19:38:31', '103.142.68.144', '0', '23.6089977', '90.51634039999999', '23.6126208', '90.5150464', '2020-03-02 10:12:59', '2020-03-02 19:38:31', '2020-03-02 19:38:31', '9:25', '', 'Present'),
(133, 16, '2020-03-02', '2020-03-02 10:17:29', '103.142.68.70', '2020-03-03 10:39:33', '103.142.68.70', '0', '23.615292999999998', '90.5092031', '23.6152481', '90.5092134', '2020-03-02 10:17:29', '2020-03-03 10:39:33', '2020-03-03 10:39:33', '0:0', '', 'Present'),
(134, 12, '2020-03-02', '2020-03-02 10:17:48', '103.142.68.70', '', '', '1', '23.6076959', '90.5163036', '', '', '2020-03-02 10:17:48', '2020-03-02 10:17:48', '2020-03-02 10:17:48', '', '', 'Present'),
(135, 10, '2020-03-02', '2020-03-02 10:36:16', '103.142.68.144', '2020-03-02 20:16:04', '103.142.68.144', '0', '23.6092999', '90.5163405', '23.6126208', '90.5150464', '2020-03-02 10:36:16', '2020-03-02 20:16:04', '2020-03-02 20:16:04', '9:39', '', 'Present'),
(136, 8, '2020-03-02', '2020-03-02 19:04:09', '103.142.68.70', '2020-03-03 11:08:21', '103.142.68.144', '0', '23.6076959', '90.5163036', '23.6152582', '90.5092305', '2020-03-02 19:04:09', '2020-03-03 11:08:21', '2020-03-03 11:08:21', '0:0', '', 'Present'),
(137, 21, '2020-03-03', '2020-03-03 10:11:04', '103.142.68.144', '2020-03-03 19:46:49', '103.142.68.144', '0', '23.609807999999997', '90.51737399999999', '23.6097649', '90.51634039999999', '2020-03-03 10:11:04', '2020-03-03 19:46:49', '2020-03-03 19:46:49', '9:35', '', 'Present'),
(138, 10, '2020-03-03', '2020-03-03 10:16:55', '103.142.68.144', '2020-03-04 10:58:24', '103.142.68.144', '0', '23.6109686', '90.5179093', '23.609625299999998', '90.51634039999999', '2020-03-03 10:16:55', '2020-03-04 10:58:24', '2020-03-04 10:58:24', '0:0', '', 'Present'),
(139, 14, '2020-03-03', '2020-03-03 10:17:47', '103.142.68.70', '2020-03-03 20:29:54', '103.142.68.70', '0', '23.6076959', '90.5163036', '23.6076958', '90.5163405', '2020-03-03 10:17:47', '2020-03-03 20:29:54', '2020-03-03 20:29:54', '10:12', '', 'Present'),
(140, 20, '2020-03-03', '2020-03-03 10:29:19', '103.142.68.70', '2020-03-04 10:41:34', '103.142.68.70', '0', '23.6076959', '90.5163036', '23.6076958', '90.5163405', '2020-03-03 10:29:19', '2020-03-04 10:41:34', '2020-03-04 10:41:34', '0:0', '', 'Present'),
(141, 9, '2020-03-03', '2020-03-03 10:39:35', '103.142.68.70', '2020-03-04 10:40:59', '103.142.68.70', '0', '23.6076959', '90.5163036', '23.6076958', '90.5163405', '2020-03-03 10:39:35', '2020-03-04 10:40:59', '2020-03-04 10:40:59', '0:0', '', 'Present'),
(142, 16, '2020-03-03', '2020-03-03 10:39:49', '103.142.68.70', '2020-03-03 21:29:58', '103.142.68.70', '0', '23.6152481', '90.5092134', '23.6152694', '90.509226', '2020-03-03 10:39:49', '2020-03-03 21:29:58', '2020-03-03 21:29:58', '10:50', '', 'Present'),
(143, 17, '2020-03-03', '2020-03-03 10:40:46', '103.142.68.70', '2020-03-05 10:28:04', '103.142.68.70', '0', '23.6152537', '90.5092413', '23.615249499999997', '90.5092114', '2020-03-03 10:40:46', '2020-03-05 10:28:04', '2020-03-05 10:28:04', '0:0', '', 'Present'),
(144, 8, '2020-03-03', '2020-03-03 11:08:31', '103.142.68.144', '2020-03-04 10:32:14', '103.142.68.70', '0', '23.6152582', '90.5092305', '23.6152755', '90.50919650000002', '2020-03-03 11:08:31', '2020-03-04 10:32:14', '2020-03-04 10:32:14', '0:0', '', 'Present'),
(145, 21, '2020-03-04', '2020-03-04 10:20:04', '103.142.68.144', '2020-03-04 19:38:59', '103.142.68.144', '0', '23.6097428', '90.5159898', '23.609721999999998', '90.515233', '2020-03-04 10:20:04', '2020-03-04 19:38:59', '2020-03-04 19:38:59', '9:18', '', 'Present'),
(146, 8, '2020-03-04', '2020-03-04 10:32:36', '103.142.68.70', '2020-03-05 12:24:57', '103.142.68.70', '0', '23.6152755', '90.50919650000002', '23.6076958', '90.5163405', '2020-03-04 10:32:36', '2020-03-05 12:24:57', '2020-03-05 12:24:57', '0:0', '', 'Present'),
(147, 19, '2020-03-04', '2020-03-04 10:39:26', '103.142.68.70', '2020-03-04 19:10:02', '103.142.68.70', '0', '23.6076958', '90.5163405', '23.6076958', '90.5163405', '2020-03-04 10:39:26', '2020-03-04 19:10:02', '2020-03-04 19:10:02', '8:30', '', 'Present'),
(148, 9, '2020-03-04', '2020-03-04 10:41:12', '103.142.68.70', '2020-03-05 10:08:54', '103.142.68.70', '0', '23.6076958', '90.5163405', '23.6076958', '90.5163405', '2020-03-04 10:41:12', '2020-03-05 10:08:54', '2020-03-05 10:08:54', '0:0', '', 'Present'),
(149, 20, '2020-03-04', '2020-03-04 10:41:46', '103.142.68.70', '2020-03-05 10:55:40', '103.142.68.70', '0', '23.6076958', '90.5163405', '23.6152895', '90.50920169999999', '2020-03-04 10:41:46', '2020-03-05 10:55:40', '2020-03-05 10:55:40', '0:0', '', 'Present'),
(150, 16, '2020-03-04', '2020-03-04 10:49:53', '103.142.68.70', '2020-03-05 10:29:45', '103.142.68.70', '0', '23.615282000000004', '90.5092281', '23.615257099999997', '90.5092067', '2020-03-04 10:49:53', '2020-03-05 10:29:45', '2020-03-05 10:29:45', '0:0', '', 'Present'),
(151, 14, '2020-03-04', '2020-03-04 10:51:49', '103.142.68.70', '2020-03-04 19:26:52', '103.142.68.70', '0', '23.6076958', '90.5163405', '23.6076958', '90.5163405', '2020-03-04 10:51:49', '2020-03-04 19:26:52', '2020-03-04 19:26:52', '8:35', '', 'Present'),
(152, 10, '2020-03-04', '2020-03-04 10:58:46', '103.142.68.144', '2020-03-04 19:40:38', '103.142.68.144', '0', '23.609625299999998', '90.51634039999999', '23.6095324', '90.51634039999999', '2020-03-04 10:58:46', '2020-03-04 19:40:38', '2020-03-04 19:40:38', '8:41', '', 'Present'),
(153, 14, '2020-03-05', '2020-03-05 10:07:15', '103.142.68.70', '2020-03-05 19:55:19', '103.142.68.70', '0', '23.6076958', '90.5163405', '23.6076958', '90.5163405', '2020-03-05 10:07:15', '2020-03-05 19:55:19', '2020-03-05 19:55:19', '9:48', '', 'Present'),
(154, 9, '2020-03-05', '2020-03-05 10:09:19', '103.142.68.70', '2020-03-06 18:29:14', '103.142.68.70', '0', '23.6076958', '90.5163405', '23.6076958', '90.5163405', '2020-03-05 10:09:19', '2020-03-06 18:29:14', '2020-03-06 18:29:14', '0:0', '', 'Present'),
(155, 24, '2020-03-05', '2020-03-05 10:10:12', '103.142.68.70', '2020-03-06 10:17:31', '103.142.68.70', '0', '23.615312400000004', '90.50930960000001', '23.61532478126362', '90.5083322363368', '2020-03-05 10:10:12', '2020-03-06 10:17:31', '2020-03-06 10:17:31', '0:0', '', 'Present'),
(156, 21, '2020-03-05', '2020-03-05 10:15:35', '103.142.68.144', '2020-03-05 19:45:13', '103.142.68.150', '0', '23.6126208', '90.5183232', '23.609649599999997', '90.51602679999999', '2020-03-05 10:15:35', '2020-03-05 19:45:13', '2020-03-05 19:45:13', '9:29', '', 'Present'),
(157, 10, '2020-03-05', '2020-03-05 10:16:24', '103.142.68.144', '2020-03-05 19:45:29', '103.142.68.150', '0', '23.609323099999997', '90.5163405', '23.609649599999997', '90.51602679999999', '2020-03-05 10:16:24', '2020-03-05 19:45:29', '2020-03-05 19:45:29', '9:29', '', 'Present'),
(158, 17, '2020-03-05', '2020-03-05 10:29:31', '103.142.68.70', '2020-03-06 10:17:59', '103.142.68.70', '0', '23.615249499999997', '90.5092114', '23.6152406', '90.5091856', '2020-03-05 10:29:31', '2020-03-06 10:17:59', '2020-03-06 10:17:59', '0:0', '', 'Present'),
(159, 16, '2020-03-05', '2020-03-05 10:30:44', '103.142.68.70', '2020-03-06 10:43:51', '103.142.68.70', '0', '23.615257099999997', '90.5092067', '23.615278699999998', '90.509214', '2020-03-05 10:30:44', '2020-03-06 10:43:51', '2020-03-06 10:43:51', '0:0', '', 'Present'),
(160, 19, '2020-03-05', '2020-03-05 10:33:38', '103.142.68.70', '', '', '1', '23.6076958', '90.5163405', '', '', '2020-03-05 10:33:38', '2020-03-05 10:33:38', '2020-03-05 10:33:38', '', '', 'Present'),
(161, 13, '2020-03-05', '2020-03-05 10:33:44', '103.142.68.70', '2020-03-06 10:18:26', '103.142.68.70', '0', '23.615291199999998', '90.5092245', '23.6076958', '90.5163405', '2020-03-05 10:33:44', '2020-03-06 10:18:26', '2020-03-06 10:18:26', '0:0', '', 'Present'),
(162, 20, '2020-03-05', '2020-03-05 10:56:06', '103.142.68.70', '2020-03-08 10:18:14', '103.142.68.70', '0', '23.6152895', '90.50920169999999', '23.615260100000004', '90.5092026', '2020-03-05 10:56:06', '2020-03-08 10:18:14', '2020-03-08 10:18:14', '0:0', '', 'Present'),
(163, 8, '2020-03-05', '2020-03-05 12:25:34', '103.142.68.70', '2020-03-06 10:18:21', '103.142.68.70', '0', '23.6076958', '90.5163405', '23.6153518', '90.5092064', '2020-03-05 12:25:34', '2020-03-06 10:18:21', '2020-03-06 10:18:21', '0:0', '', 'Present'),
(164, 24, '2020-03-06', '2020-03-06 10:17:40', '103.142.68.70', '2020-03-07 10:12:28', '103.142.68.70', '0', '23.61532478126362', '90.5083322363368', '23.61534395096467', '90.50925388975955', '2020-03-06 10:17:40', '2020-03-07 10:12:28', '2020-03-07 10:12:28', '0:0', '', 'Present'),
(165, 17, '2020-03-06', '2020-03-06 10:18:11', '103.142.68.70', '', '', '1', '23.6152406', '90.5091856', '', '', '2020-03-06 10:18:11', '2020-03-06 10:18:11', '2020-03-06 10:18:11', '', '', 'Present'),
(166, 13, '2020-03-06', '2020-03-06 10:18:43', '103.142.68.70', '2020-03-07 10:13:40', '103.142.68.70', '0', '23.6076958', '90.5163405', '23.61534395096467', '90.50925388975955', '2020-03-06 10:18:43', '2020-03-07 10:13:40', '2020-03-07 10:13:40', '0:0', '', 'Present'),
(167, 8, '2020-03-06', '2020-03-06 10:18:43', '103.142.68.70', '2020-03-08 11:14:03', '103.142.68.70', '0', '23.6153518', '90.5092064', '23.6152858', '90.5092377', '2020-03-06 10:18:43', '2020-03-08 11:14:03', '2020-03-08 11:14:03', '0:0', '', 'Present'),
(168, 14, '2020-03-06', '2020-03-06 10:41:33', '103.142.68.70', '2020-03-06 20:22:20', '103.142.68.70', '0', '23.6076958', '90.5163405', '23.6076958', '90.5163405', '2020-03-06 10:41:33', '2020-03-06 20:22:20', '2020-03-06 20:22:20', '9:40', '', 'Present'),
(169, 16, '2020-03-06', '2020-03-06 10:48:50', '103.142.68.70', '2020-03-08 19:00:35', '103.142.68.70', '0', '23.615301499999998', '90.50919909999999', '23.615306', '90.50919999999999', '2020-03-06 10:48:50', '2020-03-08 19:00:35', '2020-03-08 19:00:35', '0:0', '', 'Present'),
(170, 9, '2020-03-06', '2020-03-06 18:29:25', '103.142.68.70', '2020-03-07 11:29:40', '103.142.68.70', '0', '23.6076958', '90.5163405', '23.6076958', '90.5163405', '2020-03-06 18:29:25', '2020-03-07 11:29:40', '2020-03-07 11:29:40', '0:0', '', 'Present'),
(171, 21, '2020-03-07', '2020-03-07 10:11:03', '103.142.68.150', '2020-03-07 19:37:10', '103.142.68.150', '0', '23.6095346', '90.5156761', '23.6023052', '90.52243179999999', '2020-03-07 10:11:03', '2020-03-07 19:37:10', '2020-03-07 19:37:10', '9:26', '', 'Present'),
(172, 24, '2020-03-07', '2020-03-07 10:12:43', '103.142.68.70', '2020-03-12 10:12:44', '103.142.68.70', '0', '23.615348987736585', '90.50925231565888', '23.615308', '90.50935', '2020-03-07 10:12:43', '2020-03-12 10:12:44', '2020-03-12 10:12:44', '0:0', '', 'Present'),
(173, 13, '2020-03-07', '2020-03-07 10:13:47', '103.142.68.70', '2020-03-08 09:38:01', '103.142.68.70', '0', '23.61534395096467', '90.50925388975955', '23.6076958', '90.5163405', '2020-03-07 10:13:47', '2020-03-08 09:38:01', '2020-03-08 09:38:01', '0:0', '', 'Present'),
(174, 10, '2020-03-07', '2020-03-07 10:14:43', '103.142.68.150', '2020-03-07 20:35:59', '103.142.68.150', '0', '23.6095346', '90.5156761', '23.6097416', '90.51634039999999', '2020-03-07 10:14:43', '2020-03-07 20:35:59', '2020-03-07 20:35:59', '10:21', '', 'Present'),
(175, 9, '2020-03-07', '2020-03-07 11:29:46', '103.142.68.70', '2020-03-09 10:29:21', '103.142.68.70', '0', '23.6076958', '90.5163405', '23.6152719', '90.50915830000001', '2020-03-07 11:29:46', '2020-03-09 10:29:21', '2020-03-09 10:29:21', '0:0', '', 'Present'),
(176, 13, '2020-03-08', '2020-03-08 09:38:11', '103.142.68.70', '2020-03-12 10:06:08', '103.142.68.70', '0', '23.6152761', '90.50916339999999', '23.615325199999997', '90.50921679999999', '2020-03-08 09:38:11', '2020-03-12 10:06:08', '2020-03-12 10:06:08', '0:0', '', 'Present'),
(177, 21, '2020-03-08', '2020-03-08 09:57:14', '103.142.68.150', '2020-03-08 19:43:57', '103.142.68.150', '0', '23.609389600000004', '90.5173557', '23.6126208', '90.5183232', '2020-03-08 09:57:14', '2020-03-08 19:43:57', '2020-03-08 19:43:57', '9:46', '', 'Present'),
(178, 20, '2020-03-08', '2020-03-08 10:18:34', '103.142.68.70', '2020-03-09 10:37:38', '103.142.68.70', '0', '23.615260100000004', '90.5092026', '23.6152014', '90.5092301', '2020-03-08 10:18:34', '2020-03-09 10:37:38', '2020-03-09 10:37:38', '0:0', '', 'Present'),
(179, 8, '2020-03-08', '2020-03-08 11:14:13', '103.142.68.70', '2020-03-09 10:31:57', '103.142.68.70', '0', '23.6152858', '90.5092377', '23.6152764', '90.5092248', '2020-03-08 11:14:13', '2020-03-09 10:31:57', '2020-03-09 10:31:57', '0:0', '', 'Present'),
(180, 16, '2020-03-08', '2020-03-08 19:00:42', '103.142.68.70', '2020-03-10 10:57:33', '103.142.68.70', '0', '23.615306', '90.50919999999999', '23.615255299999998', '90.5092039', '2020-03-08 19:00:42', '2020-03-10 10:57:33', '2020-03-10 10:57:33', '0:0', '', 'Present'),
(181, 21, '2020-03-09', '2020-03-09 10:04:32', '103.142.68.150', '2020-03-09 19:31:49', '103.142.68.150', '0', '23.6096744', '90.5156023', '23.6093696', '90.5163405', '2020-03-09 10:04:32', '2020-03-09 19:31:49', '2020-03-09 19:31:49', '9:27', '', 'Present'),
(182, 10, '2020-03-09', '2020-03-09 10:21:37', '103.142.68.150', '2020-03-09 20:40:00', '103.142.68.150', '0', '23.6089512', '90.51634039999999', '23.6091837', '90.51634039999999', '2020-03-09 10:21:37', '2020-03-09 20:40:00', '2020-03-09 20:40:00', '10:18', '', 'Present'),
(183, 9, '2020-03-09', '2020-03-09 10:29:34', '103.142.68.70', '2020-03-10 12:15:22', '103.142.68.70', '0', '23.6152719', '90.50915830000001', '23.6076958', '90.5163405', '2020-03-09 10:29:34', '2020-03-10 12:15:22', '2020-03-10 12:15:22', '0:0', '', 'Present'),
(184, 8, '2020-03-09', '2020-03-09 10:32:05', '103.142.68.70', '2020-03-10 10:44:44', '103.142.68.70', '0', '23.6152764', '90.5092248', '23.6152874', '90.50920909999999', '2020-03-09 10:32:05', '2020-03-10 10:44:44', '2020-03-10 10:44:44', '0:0', '', 'Present'),
(185, 20, '2020-03-09', '2020-03-09 10:37:54', '103.142.68.70', '2020-03-09 19:15:25', '103.142.68.70', '0', '23.6076958', '90.5163405', '23.6076958', '90.5163405', '2020-03-09 10:37:54', '2020-03-09 19:15:25', '2020-03-09 19:15:25', '8:37', '', 'Present'),
(186, 14, '2020-03-09', '2020-03-09 11:46:40', '103.142.68.70', '2020-03-09 22:37:36', '103.142.68.148', '0', '23.6076958', '90.5163405', '23.6169905', '90.51025419999999', '2020-03-09 11:46:40', '2020-03-09 22:37:36', '2020-03-09 22:37:36', '10:50', '', 'Present'),
(187, 20, '2020-03-10', '2020-03-10 10:00:17', '103.142.68.70', '2020-03-12 10:02:41', '103.142.68.70', '0', '23.615263799999997', '90.5092119', '23.6076958', '90.5163405', '2020-03-10 10:00:17', '2020-03-12 10:02:41', '2020-03-12 10:02:41', '0:0', '', 'Present'),
(188, 21, '2020-03-10', '2020-03-10 10:11:43', '103.142.68.150', '2020-03-10 19:28:48', '103.142.68.150', '0', '23.6094859', '90.51634039999999', '23.609648699999997', '90.51634039999999', '2020-03-10 10:11:43', '2020-03-10 19:28:48', '2020-03-10 19:28:48', '9:17', '', 'Present'),
(189, 10, '2020-03-10', '2020-03-10 10:23:26', '103.142.68.150', '2020-03-10 20:32:40', '103.142.68.150', '0', '23.6094859', '90.51634039999999', '23.6126208', '90.5183232', '2020-03-10 10:23:26', '2020-03-10 20:32:40', '2020-03-10 20:32:40', '10:9', '', 'Present'),
(190, 14, '2020-03-10', '2020-03-10 10:42:43', '103.142.68.70', '2020-03-10 20:29:51', '103.142.68.70', '0', '23.6076958', '90.5163405', '23.6076958', '90.5163405', '2020-03-10 10:42:43', '2020-03-10 20:29:51', '2020-03-10 20:29:51', '9:47', '', 'Present'),
(191, 8, '2020-03-10', '2020-03-10 10:44:57', '103.142.68.70', '2020-03-12 16:54:37', '103.142.68.70', '0', '23.6152874', '90.50920909999999', '23.615477900000002', '90.5091791', '2020-03-10 10:44:57', '2020-03-12 16:54:37', '2020-03-12 16:54:37', '0:0', '', 'Present');
INSERT INTO `xin_attendance_time` (`time_attendance_id`, `employee_id`, `attendance_date`, `clock_in`, `clock_in_ip_address`, `clock_out`, `clock_out_ip_address`, `clock_in_out`, `clock_in_latitude`, `clock_in_longitude`, `clock_out_latitude`, `clock_out_longitude`, `time_late`, `early_leaving`, `overtime`, `total_work`, `total_rest`, `attendance_status`) VALUES
(192, 16, '2020-03-10', '2020-03-10 10:58:11', '103.142.68.70', '2020-03-11 10:42:58', '103.142.68.70', '0', '23.615255299999998', '90.5092039', '23.6152691', '90.5092677', '2020-03-10 10:58:11', '2020-03-11 10:42:58', '2020-03-11 10:42:58', '0:0', '', 'Present'),
(193, 9, '2020-03-10', '2020-03-10 12:15:39', '103.142.68.70', '2020-03-11 11:56:12', '103.142.68.70', '0', '23.6076958', '90.5163405', '23.6076958', '90.5163405', '2020-03-10 12:15:39', '2020-03-11 11:56:12', '2020-03-11 11:56:12', '0:0', '', 'Present'),
(194, 10, '2020-03-11', '2020-03-11 10:13:04', '103.142.68.150', '2020-03-11 20:59:35', '103.142.68.150', '0', '23.6126208', '90.5183232', '23.6095324', '90.51634039999999', '2020-03-11 10:13:04', '2020-03-11 20:59:35', '2020-03-11 20:59:35', '10:46', '', 'Present'),
(195, 21, '2020-03-11', '2020-03-11 10:16:24', '103.142.68.150', '2020-03-11 19:39:41', '103.142.68.150', '0', '23.609671799999997', '90.51634039999999', '23.6097905', '90.51562059999999', '2020-03-11 10:16:24', '2020-03-11 19:39:41', '2020-03-11 19:39:41', '9:23', '', 'Present'),
(196, 16, '2020-03-11', '2020-03-11 10:43:08', '103.142.68.70', '2020-03-12 10:36:48', '103.142.68.70', '0', '23.6152691', '90.5092677', '23.615293599999998', '90.5091549', '2020-03-11 10:43:08', '2020-03-12 10:36:48', '2020-03-12 10:36:48', '0:0', '', 'Present'),
(197, 14, '2020-03-11', '2020-03-11 10:44:16', '103.142.68.70', '2020-03-11 19:38:44', '103.142.68.70', '0', '23.6076958', '90.5163405', '23.6076958', '90.5163405', '2020-03-11 10:44:16', '2020-03-11 19:38:44', '2020-03-11 19:38:44', '8:54', '', 'Present'),
(198, 9, '2020-03-11', '2020-03-11 11:56:22', '103.142.68.70', '', '', '1', '23.6076958', '90.5163405', '', '', '2020-03-11 11:56:22', '2020-03-11 11:56:22', '2020-03-11 11:56:22', '', '', 'Present'),
(199, 20, '2020-03-12', '2020-03-12 10:03:00', '103.142.68.70', '2020-03-15 09:51:30', '103.142.68.70', '0', '23.6076958', '90.5163405', '23.6153701', '90.50919309999999', '2020-03-12 10:03:00', '2020-03-15 09:51:30', '2020-03-15 09:51:30', '0:0', '', 'Present'),
(200, 10, '2020-03-12', '2020-03-12 10:05:28', '103.142.68.150', '2020-03-12 21:30:40', '103.142.68.148', '0', '23.609020899999997', '90.5163405', '23.6126208', '90.5183232', '2020-03-12 10:05:28', '2020-03-12 21:30:40', '2020-03-12 21:30:40', '11:25', '', 'Present'),
(201, 13, '2020-03-12', '2020-03-12 10:06:18', '103.142.68.70', '2020-03-19 09:23:04', '103.142.68.145', '0', '23.615325199999997', '90.50921679999999', '23.609671799999997', '90.51634039999999', '2020-03-12 10:06:18', '2020-03-19 09:23:04', '2020-03-19 09:23:04', '0:0', '', 'Present'),
(202, 24, '2020-03-12', '2020-03-12 10:12:51', '103.142.68.70', '2020-03-13 10:29:18', '103.142.68.70', '0', '23.615313', '90.509306', '23.615349375912665', '90.50924930729424', '2020-03-12 10:12:51', '2020-03-13 10:29:18', '2020-03-13 10:29:18', '0:0', '', 'Present'),
(203, 16, '2020-03-12', '2020-03-12 10:36:53', '103.142.68.70', '', '', '1', '23.615293599999998', '90.5091549', '', '', '2020-03-12 10:36:53', '2020-03-12 10:36:53', '2020-03-12 10:36:53', '', '', 'Present'),
(204, 14, '2020-03-12', '2020-03-12 10:39:10', '103.142.68.70', '2020-03-12 20:11:06', '103.142.68.70', '0', '23.6076958', '90.5163405', '23.6076958', '90.5163405', '2020-03-12 10:39:10', '2020-03-12 20:11:06', '2020-03-12 20:11:06', '9:31', '', 'Present'),
(205, 8, '2020-03-12', '2020-03-12 16:54:44', '103.142.68.70', '2020-03-13 10:55:12', '103.142.68.148', '0', '23.615477900000002', '90.5091791', '23.615261', '90.50919019999999', '2020-03-12 16:54:44', '2020-03-13 10:55:12', '2020-03-13 10:55:12', '0:0', '', 'Present'),
(206, 24, '2020-03-13', '2020-03-13 10:30:53', '103.142.68.70', '', '', '1', '23.615352747998116', '90.50924794316218', '', '', '2020-03-13 10:30:53', '2020-03-13 10:30:53', '2020-03-13 10:30:53', '', '', 'Present'),
(207, 8, '2020-03-13', '2020-03-13 10:55:19', '103.142.68.148', '2020-03-18 14:54:54', '103.142.68.70', '0', '23.615261', '90.50919019999999', '23.607721599999998', '90.51556529999999', '2020-03-13 10:55:19', '2020-03-18 14:54:54', '2020-03-18 14:54:54', '0:0', '', 'Present'),
(208, 14, '2020-03-13', '2020-03-13 10:57:14', '103.142.68.70', '2020-03-13 20:12:08', '103.142.68.70', '0', '23.6076958', '90.5163405', '23.6076958', '90.5163405', '2020-03-13 10:57:14', '2020-03-13 20:12:08', '2020-03-13 20:12:08', '9:14', '', 'Present'),
(209, 10, '2020-03-13', '2020-03-13 16:05:22', '103.142.68.148', '2020-03-13 18:58:04', '103.142.68.148', '0', '23.609718299999997', '90.51634039999999', '23.609648699999997', '90.51634039999999', '2020-03-13 16:05:22', '2020-03-13 18:58:04', '2020-03-13 18:58:04', '2:52', '', 'Present'),
(210, 21, '2020-03-14', '2020-03-14 17:49:08', '103.142.68.148', '2020-03-15 10:13:14', '103.142.68.148', '0', '23.6126208', '90.5150464', '23.6126208', '90.5150464', '2020-03-14 17:49:08', '2020-03-15 10:13:14', '2020-03-15 10:13:14', '0:0', '', 'Present'),
(211, 14, '2020-03-14', '2020-03-14 20:11:21', '103.142.68.70', '2020-03-14 20:12:38', '103.142.68.70', '0', '23.6076958', '90.5163405', '23.6076958', '90.5163405', '2020-03-14 20:11:21', '2020-03-14 20:12:38', '2020-03-14 20:12:38', '0:1', '', 'Present'),
(212, 20, '2020-03-15', '2020-03-15 09:51:46', '103.142.68.70', '2020-03-16 09:56:40', '103.142.68.70', '0', '23.6153701', '90.50919309999999', '23.6076958', '90.5163405', '2020-03-15 09:51:46', '2020-03-16 09:56:40', '2020-03-16 09:56:40', '0:0', '', 'Present'),
(213, 21, '2020-03-15', '2020-03-15 10:13:23', '103.142.68.148', '2020-03-15 19:35:37', '103.142.68.148', '0', '23.6126208', '90.5150464', '23.6126208', '90.5150464', '2020-03-15 10:13:23', '2020-03-15 19:35:37', '2020-03-15 19:35:37', '9:22', '', 'Present'),
(214, 10, '2020-03-15', '2020-03-15 10:19:17', '103.142.68.148', '2020-03-15 21:25:30', '103.142.68.148', '0', '23.609725899999997', '90.5140704', '23.6126208', '90.5150464', '2020-03-15 10:19:17', '2020-03-15 21:25:30', '2020-03-15 21:25:30', '11:6', '', 'Present'),
(215, 20, '2020-03-16', '2020-03-16 09:56:56', '103.142.68.70', '2020-03-19 09:53:31', '103.141.174.174', '0', '23.6076958', '90.5163405', '23.867201599999998', '90.43342559999999', '2020-03-16 09:56:56', '2020-03-19 09:53:31', '2020-03-19 09:53:31', '0:0', '', 'Present'),
(216, 21, '2020-03-16', '2020-03-16 10:14:57', '103.142.68.148', '2020-03-18 10:20:05', '103.142.68.145', '0', '23.6090686', '90.51598969999999', '23.609718299999997', '90.51634039999999', '2020-03-16 10:14:57', '2020-03-18 10:20:05', '2020-03-18 10:20:05', '0:0', '', 'Present'),
(217, 10, '2020-03-16', '2020-03-16 10:18:45', '103.142.68.148', '2020-03-16 19:46:29', '103.142.68.145', '0', '23.609625299999998', '90.51634039999999', '23.6096733', '90.51591599999999', '2020-03-16 10:18:45', '2020-03-16 19:46:29', '2020-03-16 19:46:29', '9:27', '', 'Present'),
(218, 10, '2020-03-18', '2020-03-18 10:01:33', '103.142.68.145', '2020-03-18 21:24:32', '103.142.68.145', '0', '23.6126208', '90.5183232', '23.6126208', '90.5183232', '2020-03-18 10:01:33', '2020-03-18 21:24:32', '2020-03-18 21:24:32', '11:22', '', 'Present'),
(219, 21, '2020-03-18', '2020-03-18 10:20:20', '103.142.68.145', '2020-03-18 19:40:11', '103.142.68.145', '0', '23.609718299999997', '90.51634039999999', '23.6097184', '90.51634039999999', '2020-03-18 10:20:20', '2020-03-18 19:40:11', '2020-03-18 19:40:11', '9:19', '', 'Present'),
(220, 14, '2020-03-18', '2020-03-18 10:39:20', '103.142.68.70', '2020-03-18 21:25:08', '103.142.68.70', '0', '23.6076958', '90.5163405', '23.6076984', '90.51556529999999', '2020-03-18 10:39:20', '2020-03-18 21:25:08', '2020-03-18 21:25:08', '10:45', '', 'Present'),
(221, 8, '2020-03-18', '2020-03-18 14:55:06', '103.142.68.70', '2020-03-18 20:00:08', '103.142.68.70', '0', '23.607721599999998', '90.51556529999999', '23.6076984', '90.51556529999999', '2020-03-18 14:55:06', '2020-03-18 20:00:08', '2020-03-18 20:00:08', '5:5', '', 'Present'),
(222, 13, '2020-03-19', '2020-03-19 09:23:26', '103.142.68.145', '2020-08-27 10:15:28', '103.142.68.154', '0', '23.6152398', '90.5090251', '23.615339910013667', '90.50856090975489', '2020-03-19 09:23:26', '2020-08-27 10:15:28', '2020-08-27 10:15:28', '0:0', '', 'Present'),
(223, 20, '2020-03-19', '2020-03-19 09:54:56', '103.141.174.174', '', '', '1', '23.8672169', '90.4333331', '', '', '2020-03-19 09:54:56', '2020-03-19 09:54:56', '2020-03-19 09:54:56', '', '', 'Present'),
(224, 21, '2020-03-19', '2020-03-19 10:13:42', '103.142.68.145', '2020-03-19 19:41:17', '103.142.68.145', '0', '23.6092302', '90.51634039999999', '23.6093696', '90.5163405', '2020-03-19 10:13:42', '2020-03-19 19:41:17', '2020-03-19 19:41:17', '9:27', '', 'Present'),
(225, 14, '2020-03-19', '2020-03-19 10:30:36', '103.142.68.70', '2020-03-19 21:05:34', '103.142.68.70', '0', '23.6076984', '90.51556529999999', '23.6076984', '90.51556529999999', '2020-03-19 10:30:36', '2020-03-19 21:05:34', '2020-03-19 21:05:34', '10:34', '', 'Present'),
(226, 10, '2020-03-19', '2020-03-19 19:48:04', '103.142.68.145', '2020-03-19 19:48:16', '103.142.68.145', '0', '23.609671799999997', '90.51634039999999', '23.609671799999997', '90.51634039999999', '2020-03-19 19:48:04', '2020-03-19 19:48:16', '2020-03-19 19:48:16', '0:0', '', 'Present'),
(227, 14, '2020-03-20', '2020-03-20 10:42:46', '103.142.68.70', '2020-03-20 20:38:10', '103.142.68.70', '0', '23.6076984', '90.51556529999999', '23.6076958', '90.5163405', '2020-03-20 10:42:46', '2020-03-20 20:38:10', '2020-03-20 20:38:10', '0:0', '', 'Present'),
(228, 21, '2020-03-21', '2020-03-21 09:58:31', '103.142.68.159', '2020-03-21 19:28:15', '103.142.68.159', '0', '23.6092069', '90.51634039999999', '23.609950899999998', '90.5163405', '2020-03-21 09:58:31', '2020-03-21 19:28:15', '2020-03-21 19:28:15', '9:29', '', 'Present'),
(229, 10, '2020-03-21', '2020-03-21 12:47:39', '103.142.68.159', '2020-03-21 21:02:29', '103.142.68.159', '0', '23.6093929', '90.5163405', '23.6126208', '90.5183232', '2020-03-21 12:47:39', '2020-03-21 21:02:29', '2020-03-21 21:02:29', '8:14', '', 'Present'),
(230, 10, '2020-03-22', '2020-03-22 10:02:06', '103.142.68.159', '2020-03-22 19:52:03', '103.142.68.159', '0', '23.6096273', '90.51576829999999', '23.6100206', '90.51634039999999', '2020-03-22 10:02:06', '2020-03-22 19:52:03', '2020-03-22 19:52:03', '9:49', '', 'Present'),
(231, 21, '2020-03-22', '2020-03-22 18:08:06', '103.142.68.159', '2020-03-22 20:43:22', '103.142.68.159', '0', '23.6126208', '90.5183232', '23.6089977', '90.51634039999999', '2020-03-22 18:08:06', '2020-03-22 20:43:22', '2020-03-22 20:43:22', '2:35', '', 'Present'),
(232, 14, '2020-03-23', '2020-03-23 10:09:51', '103.197.155.109', '2020-03-23 22:01:48', '103.197.155.109', '0', '23.8325134', '90.4179422', '23.8324598', '90.41799859999999', '2020-03-23 10:09:51', '2020-03-23 22:01:48', '2020-03-23 22:01:48', '11:51', '', 'Present'),
(233, 21, '2020-03-23', '2020-03-23 10:12:46', '103.142.68.159', '2020-06-06 11:43:27', '103.142.68.70', '0', '23.609625299999998', '90.51634039999999', '23.6158976', '90.5150464', '2020-03-23 10:12:46', '2020-06-06 11:43:27', '2020-06-06 11:43:27', '0:0', '', 'Present'),
(234, 10, '2020-03-23', '2020-03-23 10:16:31', '103.142.68.159', '2020-03-30 12:16:59', '103.142.68.146', '0', '23.6126208', '90.5150464', '23.6097233', '90.51484549999999', '2020-03-23 10:16:31', '2020-03-30 12:16:59', '2020-03-30 12:16:59', '0:0', '', 'Present'),
(235, 14, '2020-03-24', '2020-03-24 10:34:17', '103.197.155.109', '2020-03-25 09:56:17', '103.197.155.109', '0', '23.8325273', '90.41793349999999', '23.8325295', '90.41793249999999', '2020-03-24 10:34:17', '2020-03-25 09:56:17', '2020-03-25 09:56:17', '0:0', '', 'Present'),
(236, 14, '2020-03-25', '2020-03-25 09:57:06', '103.197.155.109', '2020-03-26 01:02:02', '103.197.155.109', '0', '23.832565499999998', '90.4179406', '23.832438999999997', '90.4180631', '2020-03-25 09:57:06', '2020-03-26 01:02:02', '2020-03-26 01:02:02', '0:0', '', 'Present'),
(237, 14, '2020-03-28', '2020-03-28 10:01:44', '103.197.155.109', '2020-03-29 10:11:16', '103.197.155.109', '0', '23.8325', '90.4179419', '23.832442', '90.41798260000002', '2020-03-28 10:01:44', '2020-03-29 10:11:16', '2020-03-29 10:11:16', '0:0', '', 'Present'),
(238, 14, '2020-03-29', '2020-03-29 10:11:41', '103.197.155.109', '2020-03-29 17:38:53', '103.197.155.109', '0', '23.8324932', '90.41800049999999', '23.832527499999998', '90.4179582', '2020-03-29 10:11:41', '2020-03-29 17:38:53', '2020-03-29 17:38:53', '7:27', '', 'Present'),
(239, 14, '2020-03-30', '2020-03-30 09:56:00', '103.197.155.109', '2020-03-30 19:27:33', '103.197.155.109', '0', '23.832390999999998', '90.41812569999999', '23.8324788', '90.4180107', '2020-03-30 09:56:00', '2020-03-30 19:27:33', '2020-03-30 19:27:33', '9:31', '', 'Present'),
(240, 10, '2020-03-30', '2020-03-30 12:17:28', '103.142.68.146', '2020-04-05 10:04:37', '103.142.68.159', '0', '23.6097233', '90.51484549999999', '23.609346400000003', '90.5163405', '2020-03-30 12:17:28', '2020-04-05 10:04:37', '2020-04-05 10:04:37', '0:0', '', 'Present'),
(241, 14, '2020-03-31', '2020-03-31 10:24:53', '103.197.155.109', '2020-03-31 20:01:34', '103.197.155.109', '0', '23.8324963', '90.4179747', '23.8324765', '90.4179901', '2020-03-31 10:24:53', '2020-03-31 20:01:34', '2020-03-31 20:01:34', '9:36', '', 'Present'),
(242, 14, '2020-04-01', '2020-04-01 16:09:45', '103.197.155.109', '2020-04-01 23:40:51', '103.197.155.109', '0', '23.8324838', '90.4180591', '23.8324894', '90.41794689999999', '2020-04-01 16:09:45', '2020-04-01 23:40:51', '2020-04-01 23:40:51', '7:31', '', 'Present'),
(243, 14, '2020-04-02', '2020-04-02 09:53:46', '103.197.155.109', '2020-04-03 02:00:33', '103.197.155.109', '0', '23.8324555', '90.4179866', '23.832448499999998', '90.4179956', '2020-04-02 09:53:46', '2020-04-03 02:00:33', '2020-04-03 02:00:33', '0:0', '', 'Present'),
(244, 14, '2020-04-05', '2020-04-05 09:55:40', '103.197.155.109', '2020-04-05 20:08:23', '103.197.155.109', '0', '23.832450299999998', '90.4179782', '23.8325204', '90.4179906', '2020-04-05 09:55:40', '2020-04-05 20:08:23', '2020-04-05 20:08:23', '10:12', '', 'Present'),
(245, 10, '2020-04-05', '2020-04-05 10:05:08', '103.142.68.159', '2020-08-26 10:50:58', '103.142.68.152', '0', '23.609346400000003', '90.5163405', '23.609344', '90.5150464', '2020-04-05 10:05:08', '2020-08-26 10:50:58', '2020-08-26 10:50:58', '0:0', '', 'Present'),
(246, 14, '2020-04-06', '2020-04-06 09:59:17', '103.197.155.109', '2020-04-06 23:59:10', '103.197.155.109', '0', '23.8324034', '90.4179837', '23.8325222', '90.41802829999999', '2020-04-06 09:59:17', '2020-04-06 23:59:10', '2020-04-06 23:59:10', '13:59', '', 'Present'),
(247, 14, '2020-04-07', '2020-04-07 09:58:57', '103.197.155.109', '2020-04-08 09:54:14', '103.197.155.109', '0', '23.832526899999998', '90.41799979999999', '23.8324745', '90.4179541', '2020-04-07 09:58:57', '2020-04-08 09:54:14', '2020-04-08 09:54:14', '0:0', '', 'Present'),
(248, 14, '2020-04-08', '2020-04-08 09:54:37', '103.197.155.109', '2020-04-08 23:50:37', '103.197.155.109', '0', '23.8324777', '90.41798340000001', '23.8324309', '90.4179982', '2020-04-08 09:54:37', '2020-04-08 23:50:37', '2020-04-08 23:50:37', '13:56', '', 'Present'),
(249, 14, '2020-04-09', '2020-04-09 10:07:49', '103.197.155.109', '2020-04-09 19:08:09', '103.197.155.109', '0', '23.832476699999997', '90.4180222', '23.832483999999997', '90.4179972', '2020-04-09 10:07:49', '2020-04-09 19:08:09', '2020-04-09 19:08:09', '9:0', '', 'Present'),
(250, 14, '2020-04-12', '2020-04-12 10:00:22', '103.197.155.109', '2020-04-13 10:39:45', '103.197.155.109', '0', '23.832460299999997', '90.41791950000001', '23.8324692', '90.4179892', '2020-04-12 10:00:22', '2020-04-13 10:39:45', '2020-04-13 10:39:45', '0:0', '', 'Present'),
(251, 14, '2020-04-13', '2020-04-13 10:39:59', '103.197.155.109', '2020-04-13 11:14:46', '103.197.155.109', '0', '23.8324692', '90.4179892', '23.832384599999997', '90.41800289999999', '2020-04-13 10:39:59', '2020-04-13 11:14:46', '2020-04-13 11:14:46', '0:34', '', 'Present'),
(252, 14, '2020-04-15', '2020-04-15 10:01:35', '103.197.155.109', '2020-04-16 10:41:39', '103.197.155.109', '0', '23.832490399999998', '90.41801249999999', '23.8324833', '90.4179666', '2020-04-15 10:01:35', '2020-04-16 10:41:39', '2020-04-16 10:41:39', '0:0', '', 'Present'),
(253, 14, '2020-04-16', '2020-04-16 10:42:15', '103.197.155.109', '2020-04-19 12:57:58', '103.197.155.109', '0', '23.8324833', '90.4179666', '23.832472799999998', '90.41797179999999', '2020-04-16 10:42:15', '2020-04-19 12:57:58', '2020-04-19 12:57:58', '0:0', '', 'Present'),
(254, 14, '2020-04-19', '2020-04-19 12:58:07', '103.197.155.109', '2020-04-20 00:41:05', '103.197.155.109', '0', '23.832472799999998', '90.41797179999999', '23.832483999999997', '90.41798399999999', '2020-04-19 12:58:07', '2020-04-20 00:41:05', '2020-04-20 00:41:05', '0:0', '', 'Present'),
(255, 14, '2020-04-20', '2020-04-20 10:26:27', '103.197.155.109', '2020-04-20 21:48:39', '103.197.155.109', '0', '23.8324805', '90.4179707', '23.8324748', '90.41799669999999', '2020-04-20 10:26:27', '2020-04-20 21:48:39', '2020-04-20 21:48:39', '11:22', '', 'Present'),
(256, 14, '2020-04-21', '2020-04-21 10:17:06', '103.197.155.109', '2020-04-21 20:47:20', '103.197.155.109', '0', '23.8325168', '90.4180052', '23.8323763', '90.4180488', '2020-04-21 10:17:06', '2020-04-21 20:47:20', '2020-04-21 20:47:20', '10:30', '', 'Present'),
(257, 14, '2020-04-22', '2020-04-22 10:11:51', '103.197.155.109', '2020-04-23 00:01:31', '103.197.155.109', '0', '23.8324611', '90.417971', '23.8324307', '90.4180243', '2020-04-22 10:11:51', '2020-04-23 00:01:31', '2020-04-23 00:01:31', '0:0', '', 'Present'),
(258, 14, '2020-04-23', '2020-04-23 12:11:05', '103.197.155.109', '2020-04-23 23:44:28', '103.197.155.109', '0', '23.8324681', '90.4179527', '23.8324626', '90.418036', '2020-04-23 12:11:05', '2020-04-23 23:44:28', '2020-04-23 23:44:28', '11:33', '', 'Present'),
(259, 14, '2020-04-23', '2020-04-23 12:11:05', '103.197.155.109', '2020-04-23 23:44:13', '103.197.155.109', '0', '23.8324681', '90.4179527', '23.8324626', '90.418036', '2020-04-23 12:11:05', '2020-04-23 23:44:13', '2020-04-23 23:44:13', '11:33', '0:0', 'Present'),
(260, 14, '2020-04-25', '2020-04-25 09:34:32', '103.197.155.109', '2020-04-25 17:15:30', '103.197.155.109', '0', '23.832425399999998', '90.41796839999999', '23.832422200000003', '90.4180246', '2020-04-25 09:34:32', '2020-04-25 17:15:30', '2020-04-25 17:15:30', '7:40', '', 'Present'),
(261, 14, '2020-04-26', '2020-04-26 08:59:24', '103.197.155.109', '2020-04-26 17:34:46', '103.197.155.109', '0', '23.8324866', '90.4179911', '23.8323976', '90.4180456', '2020-04-26 08:59:24', '2020-04-26 17:34:46', '2020-04-26 17:34:46', '8:35', '', 'Present'),
(262, 14, '2020-04-27', '2020-04-27 09:34:10', '103.197.155.109', '2020-04-27 17:40:41', '103.197.155.109', '0', '23.8324067', '90.4180992', '23.832422500000003', '90.41805079999999', '2020-04-27 09:34:10', '2020-04-27 17:40:41', '2020-04-27 17:40:41', '8:6', '', 'Present'),
(263, 14, '2020-04-28', '2020-04-28 09:01:37', '103.197.155.109', '2020-04-29 10:16:33', '103.197.155.109', '0', '23.8325179', '90.4179547', '23.8325108', '90.41797900000002', '2020-04-28 09:01:37', '2020-04-29 10:16:33', '2020-04-29 10:16:33', '0:0', '', 'Present'),
(264, 14, '2020-04-29', '2020-04-29 10:16:38', '103.197.155.109', '2020-04-29 18:19:38', '103.197.155.109', '0', '23.8325108', '90.41797900000002', '23.8324946', '90.41800339999999', '2020-04-29 10:16:38', '2020-04-29 18:19:38', '2020-04-29 18:19:38', '8:3', '', 'Present'),
(265, 14, '2020-04-30', '2020-04-30 09:00:31', '103.197.155.109', '2020-04-30 19:41:30', '103.197.155.109', '0', '23.832531600000003', '90.41800359999999', '23.832456999999998', '90.41798089999999', '2020-04-30 09:00:31', '2020-04-30 19:41:30', '2020-04-30 19:41:30', '10:40', '', 'Present'),
(266, 14, '2020-05-02', '2020-05-02 10:10:01', '119.30.38.184', '2020-05-02 17:26:47', '37.111.205.97', '0', '23.8325714', '90.41796339999999', '23.8325139', '90.41798589999999', '2020-05-02 10:10:01', '2020-05-02 17:26:47', '2020-05-02 17:26:47', '0:0', '', 'Present'),
(267, 14, '2020-05-03', '2020-05-03 09:07:54', '119.30.35.130', '2020-05-04 09:29:20', '119.30.39.134', '0', '23.8325233', '90.4179786', '23.8324917', '90.4179951', '2020-05-03 09:07:54', '2020-05-04 09:29:20', '2020-05-04 09:29:20', '0:0', '', 'Present'),
(268, 14, '2020-05-03', '2020-05-03 09:07:54', '119.30.35.130', '2020-05-03 17:25:41', '43.230.122.67', '0', '23.8325233', '90.4179786', '23.832512899999998', '90.41797869999999', '2020-05-03 09:07:54', '2020-05-03 17:25:41', '2020-05-03 17:25:41', '8:17', '0:0', 'Present'),
(269, 14, '2020-05-04', '2020-05-04 09:48:40', '119.30.38.208', '2020-05-04 17:15:13', '43.230.122.67', '0', '23.8325143', '90.4179454', '23.8324906', '90.4180173', '2020-05-04 09:48:40', '2020-05-04 17:15:13', '2020-05-04 17:15:13', '7:26', '', 'Present'),
(270, 14, '2020-05-04', '2020-05-04 09:48:49', '119.30.38.208', '2020-05-04 17:15:11', '43.230.122.67', '0', '23.8325143', '90.4179454', '23.8324906', '90.4180173', '2020-05-04 09:48:49', '2020-05-04 17:15:11', '2020-05-04 17:15:11', '7:26', '0:0', 'Present'),
(272, 14, '2020-08-26', '2020-08-26 10:46:48', '103.142.68.144', '2020-08-27 10:21:57', '103.142.68.144', '0', '23.609556599999998', '90.5160267', '23.608208299999998', '90.5160267', '2020-08-26 10:46:48', '2020-08-27 10:21:57', '2020-08-27 10:21:57', '0:0', '', 'Present'),
(273, 6, '2020-08-26', '2020-08-26 10:50:41', '103.142.68.152', '2020-12-15 11:19:18', '103.142.68.152', '0', '23.6173', '90.5283', '23.6173', '90.5283', '2020-08-26 10:50:41', '2020-12-15 11:19:18', '2020-12-15 11:19:18', '0:0', '0:8', 'Present'),
(274, 10, '2020-08-26', '2020-08-26 10:51:52', '103.142.68.152', '2020-08-27 10:54:37', '103.142.68.152', '0', '23.609344', '90.5150464', '23.6097649', '90.51634039999999', '2020-08-26 10:51:52', '2020-08-27 10:54:37', '2020-08-27 10:54:37', '0:0', '', 'Present'),
(275, 21, '2020-08-26', '2020-08-26 10:53:09', '103.142.68.149', '2020-08-31 10:35:37', '103.142.68.149', '0', '23.609344', '90.5150464', '23.6093929', '90.5163405', '2020-08-26 10:53:09', '2020-08-31 10:35:37', '2020-08-31 10:35:37', '0:0', '', 'Present'),
(276, 22, '2020-08-26', '2020-08-26 10:56:58', '103.142.68.150', '', '', '1', '23.615371815423256', '90.50821407502754', '', '', '2020-08-26 10:56:58', '2020-08-26 10:56:58', '2020-08-26 10:56:58', '', '', 'Present'),
(277, 22, '2020-08-26', '2020-08-26 10:56:58', '103.142.68.150', '', '', '1', '23.615371815423256', '90.50821407502754', '', '', '2020-08-26 10:56:58', '2020-08-26 10:56:58', '2020-08-26 10:56:58', '', '0:0', 'Present'),
(278, 22, '2020-08-26', '2020-08-26 10:56:58', '103.142.68.150', '', '', '1', '23.615371815423256', '90.50821407502754', '', '', '2020-08-26 10:56:58', '2020-08-26 10:56:58', '2020-08-26 10:56:58', '', '0:0', 'Present'),
(279, 22, '2020-08-26', '2020-08-26 10:56:58', '103.142.68.150', '', '', '1', '23.615371815423256', '90.50821407502754', '', '', '2020-08-26 10:56:58', '2020-08-26 10:56:58', '2020-08-26 10:56:58', '', '0:0', 'Present'),
(280, 22, '2020-08-26', '2020-08-26 10:56:58', '103.142.68.150', '', '', '1', '23.615371815423256', '90.50821407502754', '', '', '2020-08-26 10:56:58', '2020-08-26 10:56:58', '2020-08-26 10:56:58', '', '0:0', 'Present'),
(281, 22, '2020-08-26', '2020-08-26 10:56:59', '103.142.68.150', '', '', '1', '23.615371815423256', '90.50821407502754', '', '', '2020-08-26 10:56:59', '2020-08-26 10:56:59', '2020-08-26 10:56:59', '', '0:0', 'Present'),
(282, 22, '2020-08-26', '2020-08-26 10:56:59', '103.142.68.150', '', '', '1', '23.615371815423256', '90.50821407502754', '', '', '2020-08-26 10:56:59', '2020-08-26 10:56:59', '2020-08-26 10:56:59', '', '0:0', 'Present'),
(283, 22, '2020-08-26', '2020-08-26 10:56:59', '103.142.68.150', '', '', '1', '23.615371815423256', '90.50821407502754', '', '', '2020-08-26 10:56:59', '2020-08-26 10:56:59', '2020-08-26 10:56:59', '', '0:0', 'Present'),
(284, 22, '2020-08-26', '2020-08-26 10:56:59', '103.142.68.150', '', '', '1', '23.615371815423256', '90.50821407502754', '', '', '2020-08-26 10:56:59', '2020-08-26 10:56:59', '2020-08-26 10:56:59', '', '0:0', 'Present'),
(285, 22, '2020-08-26', '2020-08-26 10:56:59', '103.142.68.150', '', '', '1', '23.615371815423256', '90.50821407502754', '', '', '2020-08-26 10:56:59', '2020-08-26 10:56:59', '2020-08-26 10:56:59', '', '0:0', 'Present'),
(286, 22, '2020-08-26', '2020-08-26 10:57:00', '103.142.68.150', '', '', '1', '23.615371815423256', '90.50821407502754', '', '', '2020-08-26 10:57:00', '2020-08-26 10:57:00', '2020-08-26 10:57:00', '', '0:0', 'Present'),
(287, 22, '2020-08-26', '2020-08-26 10:57:00', '103.142.68.150', '', '', '1', '23.615371815423256', '90.50821407502754', '', '', '2020-08-26 10:57:00', '2020-08-26 10:57:00', '2020-08-26 10:57:00', '', '0:0', 'Present'),
(288, 22, '2020-08-26', '2020-08-26 10:57:00', '103.142.68.150', '', '', '1', '23.615371815423256', '90.50821407502754', '', '', '2020-08-26 10:57:00', '2020-08-26 10:57:00', '2020-08-26 10:57:00', '', '0:0', 'Present'),
(289, 22, '2020-08-26', '2020-08-26 10:57:00', '103.142.68.150', '', '', '1', '23.615371815423256', '90.50821407502754', '', '', '2020-08-26 10:57:00', '2020-08-26 10:57:00', '2020-08-26 10:57:00', '', '0:0', 'Present'),
(290, 22, '2020-08-26', '2020-08-26 10:57:00', '103.142.68.150', '', '', '1', '23.615371815423256', '90.50821407502754', '', '', '2020-08-26 10:57:00', '2020-08-26 10:57:00', '2020-08-26 10:57:00', '', '0:0', 'Present'),
(291, 22, '2020-08-26', '2020-08-26 10:57:00', '103.142.68.150', '', '', '1', '23.615371815423256', '90.50821407502754', '', '', '2020-08-26 10:57:00', '2020-08-26 10:57:00', '2020-08-26 10:57:00', '', '0:0', 'Present'),
(292, 22, '2020-08-26', '2020-08-26 10:57:01', '103.142.68.150', '2020-08-31 10:32:37', '103.142.68.150', '0', '23.615371815423256', '90.50821407502754', '23.61533528390285', '90.50829592196045', '2020-08-26 10:57:01', '2020-08-31 10:32:37', '2020-08-31 10:32:37', '0:0', '0:0', 'Present'),
(293, 22, '2020-08-26', '2020-08-26 10:57:01', '103.142.68.150', '2020-08-31 10:32:23', '103.142.68.150', '0', '23.615371815423256', '90.50821407502754', '23.615397', '90.508144', '2020-08-26 10:57:01', '2020-08-31 10:32:23', '2020-08-31 10:32:23', '0:0', '0:0', 'Present'),
(294, 25, '2020-08-26', '2020-08-26 11:26:16', '103.142.68.151', '', '', '1', '23.615244399999998', '90.50917799999999', '', '', '2020-08-26 11:26:16', '2020-08-26 11:26:16', '2020-08-26 11:26:16', '', '', 'Present'),
(295, 14, '2020-08-27', '2020-08-27 10:22:16', '103.142.68.144', '2020-08-31 11:41:02', '103.142.68.144', '0', '23.608208299999998', '90.5160267', '23.6126208', '90.5150464', '2020-08-27 10:22:16', '2020-08-31 11:41:02', '2020-08-31 11:41:02', '0:0', '', 'Present'),
(296, 10, '2020-08-27', '2020-08-27 10:54:54', '103.142.68.152', '', '', '1', '23.6097649', '90.51634039999999', '', '', '2020-08-27 10:54:54', '2020-08-27 10:54:54', '2020-08-27 10:54:54', '', '', 'Present'),
(297, 14, '2020-08-31', '2020-08-31 11:41:06', '103.142.68.144', '2020-09-01 11:33:24', '103.142.68.144', '0', '23.6126208', '90.5150464', '23.609671799999997', '90.51634039999999', '2020-08-31 11:41:06', '2020-09-01 11:33:24', '2020-09-01 11:33:24', '0:0', '', 'Present'),
(298, 14, '2020-09-01', '2020-09-01 11:33:37', '103.142.68.144', '2020-09-01 20:06:36', '103.134.88.26', '0', '23.609671799999997', '90.51634039999999', '23.684994', '90.356331', '2020-09-01 11:33:37', '2020-09-01 20:06:36', '2020-09-01 20:06:36', '8:32', '', 'Present'),
(299, 14, '2020-09-02', '2020-09-02 11:20:53', '103.142.68.144', '2020-09-02 21:30:10', '103.134.88.26', '0', '23.609344', '90.5150464', '23.684994', '90.356331', '2020-09-02 11:20:53', '2020-09-02 21:30:10', '2020-09-02 21:30:10', '10:9', '', 'Present'),
(300, 14, '2020-09-06', '2020-09-06 10:16:55', '103.142.68.144', '2020-09-07 10:27:14', '103.142.68.144', '0', '23.609603099999998', '90.51602679999999', '23.609603', '90.5161006', '2020-09-06 10:16:55', '2020-09-07 10:27:14', '2020-09-07 10:27:14', '0:0', '', 'Present'),
(301, 14, '2020-09-07', '2020-09-07 10:27:28', '103.142.68.144', '2020-09-08 10:25:41', '103.142.69.104', '0', '23.609603', '90.5161006', '23.6093701', '90.51622979999999', '2020-09-07 10:27:28', '2020-09-08 10:25:41', '2020-09-08 10:25:41', '0:0', '', 'Present'),
(302, 14, '2020-09-08', '2020-09-08 10:25:46', '103.142.69.104', '2020-09-09 10:34:12', '103.142.68.153', '0', '23.6093701', '90.51622979999999', '23.6147875', '90.50919859999999', '2020-09-08 10:25:46', '2020-09-09 10:34:12', '2020-09-09 10:34:12', '0:0', '', 'Present'),
(303, 14, '2020-09-09', '2020-09-09 10:35:21', '103.142.68.153', '2020-09-10 10:41:29', '103.142.68.144', '0', '23.6148063', '90.5092112', '23.6126208', '90.5150464', '2020-09-09 10:35:21', '2020-09-10 10:41:29', '2020-09-10 10:41:29', '0:0', '', 'Present'),
(304, 14, '2020-09-10', '2020-09-10 10:46:15', '103.142.68.144', '2020-09-10 22:23:16', '103.142.68.144', '0', '23.6126208', '90.5150464', '23.6126208', '90.5150464', '2020-09-10 10:46:15', '2020-09-10 22:23:16', '2020-09-10 22:23:16', '11:37', '', 'Present'),
(305, 14, '2020-09-13', '2020-09-13 10:35:32', '103.142.68.144', '2020-09-14 10:45:33', '103.142.68.144', '0', '23.6098346', '90.51634039999999', '23.609346400000003', '90.5163405', '2020-09-13 10:35:32', '2020-09-14 10:45:33', '2020-09-14 10:45:33', '0:0', '', 'Present'),
(306, 14, '2020-09-14', '2020-09-14 10:45:57', '103.142.68.144', '2020-09-15 11:01:53', '103.142.68.144', '0', '23.609346400000003', '90.5163405', '23.6091837', '90.51634039999999', '2020-09-14 10:45:57', '2020-09-15 11:01:53', '2020-09-15 11:01:53', '0:0', '', 'Present'),
(307, 14, '2020-09-15', '2020-09-15 11:02:19', '103.142.68.144', '2020-09-16 10:41:10', '103.142.68.144', '0', '23.6091837', '90.51634039999999', '23.609323099999997', '90.5163405', '2020-09-15 11:02:19', '2020-09-16 10:41:10', '2020-09-16 10:41:10', '0:0', '', 'Present'),
(308, 14, '2020-09-16', '2020-09-16 10:41:33', '103.142.68.144', '2020-09-17 10:40:27', '103.142.68.144', '0', '23.609323099999997', '90.5163405', '23.6076958', '90.5163405', '2020-09-16 10:41:33', '2020-09-17 10:40:27', '2020-09-17 10:40:27', '0:0', '', 'Present'),
(309, 14, '2020-09-17', '2020-09-17 22:16:52', '103.142.68.144', '2020-09-22 10:31:33', '103.142.68.144', '0', '23.6093696', '90.5163405', '23.6094162', '90.5163405', '2020-09-17 22:16:52', '2020-09-22 10:31:33', '2020-09-22 10:31:33', '0:0', '', 'Present'),
(310, 14, '2020-09-22', '2020-09-22 10:37:14', '103.142.68.144', '2020-09-27 11:29:09', '103.142.68.144', '0', '23.6094162', '90.5163405', '23.6097416', '90.51634039999999', '2020-09-22 10:37:14', '2020-09-27 11:29:09', '2020-09-27 11:29:09', '0:0', '', 'Present'),
(311, 14, '2020-09-27', '2020-09-27 11:29:45', '103.142.68.144', '2020-09-27 20:53:16', '103.142.68.144', '0', '23.6097416', '90.51634039999999', '23.6099276', '90.51634039999999', '2020-09-27 11:29:45', '2020-09-27 20:53:16', '2020-09-27 20:53:16', '9:23', '', 'Present'),
(312, 14, '2020-09-28', '2020-09-28 11:09:00', '103.142.68.144', '2020-09-29 10:49:38', '103.142.68.144', '0', '23.609648699999997', '90.51634039999999', '23.6102587', '90.5146425', '2020-09-28 11:09:00', '2020-09-29 10:49:38', '2020-09-29 10:49:38', '0:0', '', 'Present'),
(313, 14, '2020-09-29', '2020-09-29 10:49:48', '103.142.68.144', '2020-09-30 10:37:12', '103.142.68.144', '0', '23.6102587', '90.5146425', '23.609344', '90.5150464', '2020-09-29 10:49:48', '2020-09-30 10:37:12', '2020-09-30 10:37:12', '0:0', '', 'Present'),
(314, 14, '2020-09-30', '2020-09-30 10:38:35', '103.142.68.144', '2020-10-01 21:08:20', '103.142.68.144', '0', '23.609344', '90.5150464', '23.609344', '90.5150464', '2020-09-30 10:38:35', '2020-10-01 21:08:20', '2020-10-01 21:08:20', '0:0', '', 'Present'),
(315, 14, '2020-10-01', '2020-10-01 21:08:56', '103.142.68.144', '2020-10-01 21:09:01', '103.142.68.144', '0', '23.609344', '90.5150464', '23.609344', '90.5150464', '2020-10-01 21:08:56', '2020-10-01 21:09:01', '2020-10-01 21:09:01', '0:0', '', 'Present');

-- --------------------------------------------------------

--
-- Table structure for table `xin_attendance_time_request`
--

CREATE TABLE `xin_attendance_time_request` (
  `time_request_id` int(11) NOT NULL,
  `company_id` int(11) NOT NULL,
  `employee_id` int(11) NOT NULL,
  `request_date` varchar(255) NOT NULL,
  `request_date_request` varchar(255) NOT NULL,
  `request_clock_in` varchar(200) NOT NULL,
  `request_clock_out` varchar(200) NOT NULL,
  `total_hours` varchar(255) NOT NULL,
  `request_reason` text NOT NULL,
  `is_approved` tinyint(1) NOT NULL,
  `created_at` varchar(255) NOT NULL
) ENGINE=InnoDB DEFAULT CHARSET=latin1 COLLATE=latin1_swedish_ci;

--
-- Dumping data for table `xin_attendance_time_request`
--

INSERT INTO `xin_attendance_time_request` (`time_request_id`, `company_id`, `employee_id`, `request_date`, `request_date_request`, `request_clock_in`, `request_clock_out`, `total_hours`, `request_reason`, `is_approved`, `created_at`) VALUES
(1, 1, 13, '2020-02-17', '2020-02', '2020-02-17 19:00:00', '2020-02-17 20:30:00', '1:30', '', 1, '');

-- --------------------------------------------------------

--
-- Table structure for table `xin_awards`
--

CREATE TABLE `xin_awards` (
  `award_id` int(11) NOT NULL,
  `company_id` int(11) NOT NULL,
  `employee_id` int(200) NOT NULL,
  `award_type_id` int(200) NOT NULL,
  `gift_item` varchar(200) NOT NULL,
  `cash_price` varchar(200) NOT NULL,
  `award_photo` varchar(255) NOT NULL,
  `award_month_year` varchar(200) NOT NULL,
  `award_information` mediumtext NOT NULL,
  `description` mediumtext NOT NULL,
  `created_at` varchar(200) NOT NULL
) ENGINE=InnoDB DEFAULT CHARSET=utf8 COLLATE=utf8_general_ci;

-- --------------------------------------------------------

--
-- Table structure for table `xin_award_type`
--

CREATE TABLE `xin_award_type` (
  `award_type_id` int(11) NOT NULL,
  `company_id` int(11) NOT NULL,
  `award_type` varchar(200) NOT NULL,
  `created_at` varchar(200) NOT NULL
) ENGINE=InnoDB DEFAULT CHARSET=utf8 COLLATE=utf8_general_ci;

--
-- Dumping data for table `xin_award_type`
--

INSERT INTO `xin_award_type` (`award_type_id`, `company_id`, `award_type`, `created_at`) VALUES
(1, 1, 'Performer of the Month', '22-03-2018 01:33:57'),
(2, 0, 'Performer of the Year', '16-02-2020 12:46:34'),
(4, 0, 'Goal Achievement Award', '16-02-2020 09:29:18');

-- --------------------------------------------------------

--
-- Table structure for table `xin_chat_messages`
--

CREATE TABLE `xin_chat_messages` (
  `message_id` int(11) UNSIGNED NOT NULL,
  `from_id` varchar(40) NOT NULL DEFAULT '',
  `to_id` varchar(50) NOT NULL DEFAULT '',
  `message_frm` varchar(255) NOT NULL,
  `is_read` int(11) NOT NULL DEFAULT 0,
  `message_content` longtext NOT NULL,
  `message_date` varchar(255) DEFAULT NULL,
  `recd` tinyint(1) NOT NULL DEFAULT 0,
  `message_type` varchar(255) NOT NULL DEFAULT '',
  `department_id` int(11) NOT NULL,
  `location_id` int(11) NOT NULL
) ENGINE=InnoDB DEFAULT CHARSET=utf8 COLLATE=utf8_general_ci;

--
-- Dumping data for table `xin_chat_messages`
--

INSERT INTO `xin_chat_messages` (`message_id`, `from_id`, `to_id`, `message_frm`, `is_read`, `message_content`, `message_date`, `recd`, `message_type`, `department_id`, `location_id`) VALUES
(1, '6', '12', '12', 0, 'Hi', '2020-02-16 10:57:41', 0, '', 0, 0),
(2, '9', '18', '18', 1, 'hi', '2020-02-16 19:24:20', 0, '', 0, 0),
(3, '7', '6', '6', 1, 'hi', '2020-02-16 21:22:26', 0, '', 0, 0),
(4, '7', '6', '6', 1, 'hi', '2020-02-16 21:22:50', 0, '', 0, 0),
(5, '6', '7', '7', 1, 'hello', '2020-02-16 21:22:59', 0, '', 0, 0),
(6, '14', '9', '9', 1, 'hi bro', '2020-02-17 11:03:52', 0, '', 0, 0),
(7, '9', '14', '14', 1, 'vai msg er notification dey na', '2020-02-17 11:43:44', 0, '', 0, 0),
(8, '18', '9', '9', 1, 'hola', '2020-02-19 13:40:51', 0, '', 0, 0),
(9, '9', '18', '18', 0, 'hola ki?', '2020-02-20 10:21:50', 0, '', 0, 0),
(10, '14', '9', '9', 1, 'khub kosto, oita nopication hobe, 2mr banan vul, oi jono ase nai', '2020-02-20 10:52:13', 0, '', 0, 0),
(11, '9', '14', '14', 1, 'e e itrami koiro na', '2020-02-20 11:12:56', 0, '', 0, 0),
(12, '25', '24', '24', 0, 'Yeah', '2020-08-28 10:31:41', 0, '', 0, 0);

-- --------------------------------------------------------

--
-- Table structure for table `xin_clients`
--

CREATE TABLE `xin_clients` (
  `client_id` int(111) NOT NULL,
  `type` varchar(100) NOT NULL,
  `name` varchar(255) NOT NULL,
  `email` varchar(255) NOT NULL,
  `client_username` varchar(255) NOT NULL,
  `client_password` varchar(255) NOT NULL,
  `client_profile` varchar(255) NOT NULL,
  `contact_number` varchar(255) NOT NULL,
  `company_name` varchar(255) NOT NULL,
  `is_changed` int(11) NOT NULL,
  `gender` varchar(200) NOT NULL,
  `website_url` varchar(255) NOT NULL,
  `address_1` mediumtext NOT NULL,
  `address_2` mediumtext NOT NULL,
  `city` varchar(255) NOT NULL,
  `state` varchar(255) NOT NULL,
  `zipcode` varchar(255) NOT NULL,
  `country` int(111) NOT NULL,
  `is_active` int(11) NOT NULL,
  `last_logout_date` varchar(255) NOT NULL,
  `last_login_date` varchar(255) NOT NULL,
  `last_login_ip` varchar(255) NOT NULL,
  `is_logged_in` int(11) NOT NULL,
  `created_at` varchar(255) NOT NULL
) ENGINE=InnoDB DEFAULT CHARSET=utf8 COLLATE=utf8_general_ci;

--
-- Dumping data for table `xin_clients`
--

INSERT INTO `xin_clients` (`client_id`, `type`, `name`, `email`, `client_username`, `client_password`, `client_profile`, `contact_number`, `company_name`, `is_changed`, `gender`, `website_url`, `address_1`, `address_2`, `city`, `state`, `zipcode`, `country`, `is_active`, `last_logout_date`, `last_login_date`, `last_login_ip`, `is_logged_in`, `created_at`) VALUES
(2, '', 'SoftifyBD', 'mostaim.murad@gmail.com', '', '$2y$12$IdY6Lp09ykjwRN7ewBeql.lcprJclp27m31v/uCgcY6Yg4GzsMX/i', 'client_photo_1581778695.jpg', '01723221999', 'SoftifyBD Ltd.', 0, '', 'www.softifybd.net', 'Hazi Motaleb Plaza', 'Bandar', 'Narayanganj', 'Dhaka', '1410', 18, 1, '15-02-2020 22:02:34', '14-10-2021 22:26:08', '103.142.68.212', 1, '2020-02-15 20:58:15'),
(3, '', 'Rubai Saleh', 'rubaiithegreat@gmail.com', '', '$2y$12$xeIecZTi6gObVhk6cT69r.C/QTljSNP3zyPcxs7Ciw90WVhbXrzcS', '', '0481304839', 'A1 Remidial Pty Ltd.', 0, '', '', '49 Loch Street,', '', 'Loch Street', 'Loch Street', '', 13, 1, '', '17-02-2020 16:59:27', '1.129.109.113', 1, '2020-02-17 11:22:50'),
(4, '', 'Skyview Online Ltd.', 'admin@skyviewonlineltd.com', '', '$2y$12$HUl56pq51A9jDHxNRrTcKe7SfVwtm/1sPzrh5Keqe/y9lOULwKbL2', '', '01678555913', 'Skyview Online Ltd', 0, '', 'skyviewonlineltd.com', '153/1, North Jatrabari', 'Shahid Faruque Road', 'Dhaka', 'Dhaka ', '1200', 18, 1, '', '17-02-2020 18:54:44', '103.200.37.37', 1, '2020-02-17 12:38:36'),
(5, '', ' (MD RAISUL ISLAM)', 'info.ayojon@gmail.com', '', '$2y$12$s0EXUXlMWGQ26v6g7Gwx4.j8yXG6MpIxaHl3JypQ.dPK68TP46dB6', '', '+8801823181616', '', 0, '', 'www.ayojon.online', 'Shop No-53, Level-4, , Al-Modina Tower,', 'Mograpara Chowrasta, Sonargaon', 'Narayanganj', 'Dhaka', '1400', 18, 1, '', '', '', 0, '2020-02-17 15:29:24'),
(6, '', 'Hasnat Rahman Bindu', 'hrb4931@gmail.com', '', '$2y$12$EAXXfj9Morpk7dIeEUbsO.tB7F5FyBfl3Un/VsQa/jj7058y6ST86', '', '01763333633', 'Info Narayanganj', 0, '', 'www.infonarayanganj.com', 'Bandar', 'Narayanganj', 'Narayanganj', 'Dhaka', '1410', 18, 1, '', '17-02-2020 16:42:54', '103.142.68.2', 1, '2020-02-17 16:39:57'),
(7, '', 'Orange Communication Ctg', 'tsd.orangecommunication@gmail.com', '', '$2y$12$YlKyM2k6sJ296KLvUlzwj.wQNefM5WKz4WwUNYfMG1AR4wQ8gSqtu', '', '01877701888', 'Orange Communication Ctg', 0, '', 'http://orangebd.online', '286, chandanpura, chawkbazar,', 'chittagong', 'chittagong', 'chittagong', '', 18, 1, '', '', '', 0, '2020-02-17 20:54:05');

-- --------------------------------------------------------

--
-- Table structure for table `xin_companies`
--

CREATE TABLE `xin_companies` (
  `company_id` int(111) NOT NULL,
  `type_id` int(111) NOT NULL,
  `name` varchar(255) NOT NULL,
  `trading_name` varchar(255) NOT NULL,
  `username` varchar(255) NOT NULL,
  `password` varchar(255) NOT NULL,
  `registration_no` varchar(255) NOT NULL,
  `government_tax` varchar(255) NOT NULL,
  `email` varchar(255) NOT NULL,
  `logo` varchar(255) NOT NULL,
  `contact_number` varchar(255) NOT NULL,
  `website_url` varchar(255) NOT NULL,
  `address_1` mediumtext NOT NULL,
  `address_2` mediumtext NOT NULL,
  `city` varchar(255) NOT NULL,
  `state` varchar(255) NOT NULL,
  `zipcode` varchar(255) NOT NULL,
  `country` int(111) NOT NULL,
  `is_active` int(11) NOT NULL,
  `added_by` int(111) NOT NULL,
  `created_at` varchar(255) NOT NULL
) ENGINE=InnoDB DEFAULT CHARSET=utf8 COLLATE=utf8_general_ci;

--
-- Dumping data for table `xin_companies`
--

INSERT INTO `xin_companies` (`company_id`, `type_id`, `name`, `trading_name`, `username`, `password`, `registration_no`, `government_tax`, `email`, `logo`, `contact_number`, `website_url`, `address_1`, `address_2`, `city`, `state`, `zipcode`, `country`, `is_active`, `added_by`, `created_at`) VALUES
(1, 5, 'Getup Ltd', 'Getup Ltd', 'SoftifyBD', '', '', '', 'getup@gmail.com', 'logo_1692503451.png', '01730797262', 'https://getup.com.bd', 'Flat #B4, House No: 71, Road: 27, Dhaka 1212', '', 'Gulshan', 'Dhaka', '1410', 18, 0, 1, '22-05-2018');

-- --------------------------------------------------------

--
-- Table structure for table `xin_company_documents`
--

CREATE TABLE `xin_company_documents` (
  `document_id` int(11) NOT NULL,
  `document_type_id` int(11) NOT NULL,
  `license_name` varchar(255) NOT NULL,
  `company_id` int(11) NOT NULL,
  `expiry_date` varchar(255) NOT NULL,
  `license_number` varchar(255) NOT NULL,
  `license_notification` int(11) NOT NULL,
  `added_by` int(11) NOT NULL,
  `document` varchar(255) NOT NULL,
  `created_at` varchar(255) NOT NULL
) ENGINE=InnoDB DEFAULT CHARSET=latin1 COLLATE=latin1_swedish_ci;

-- --------------------------------------------------------

--
-- Table structure for table `xin_company_info`
--

CREATE TABLE `xin_company_info` (
  `company_info_id` int(111) NOT NULL,
  `logo` varchar(255) NOT NULL,
  `logo_second` varchar(255) NOT NULL,
  `sign_in_logo` varchar(255) NOT NULL,
  `favicon` varchar(255) NOT NULL,
  `website_url` mediumtext NOT NULL,
  `starting_year` varchar(255) NOT NULL,
  `company_name` varchar(255) NOT NULL,
  `company_email` varchar(255) NOT NULL,
  `company_contact` varchar(255) NOT NULL,
  `contact_person` varchar(255) NOT NULL,
  `email` varchar(255) NOT NULL,
  `phone` varchar(255) NOT NULL,
  `address_1` mediumtext NOT NULL,
  `address_2` mediumtext NOT NULL,
  `city` varchar(255) NOT NULL,
  `state` varchar(255) NOT NULL,
  `zipcode` varchar(255) NOT NULL,
  `country` int(111) NOT NULL,
  `updated_at` varchar(255) NOT NULL
) ENGINE=InnoDB DEFAULT CHARSET=utf8 COLLATE=utf8_general_ci;

--
-- Dumping data for table `xin_company_info`
--

INSERT INTO `xin_company_info` (`company_info_id`, `logo`, `logo_second`, `sign_in_logo`, `favicon`, `website_url`, `starting_year`, `company_name`, `company_email`, `company_contact`, `contact_person`, `email`, `phone`, `address_1`, `address_2`, `city`, `state`, `zipcode`, `country`, `updated_at`) VALUES
(1, 'logo_1692503657.png', 'logo2_1520609223.png', 'signin_logo_1692503666.png', 'favicon_1581920260.ico', '', '', 'Softifybd Limited', '', '', 'Mostaim Billah Murad', 'softifybd@gmail.com', '01730797262', 'Hazi Motaleb Plaza, S.S. Shah Road', 'Bandar', 'Narayanganj', 'Dhaka', '1410', 18, '2017-05-20 12:05:53');

-- --------------------------------------------------------

--
-- Table structure for table `xin_company_policy`
--

CREATE TABLE `xin_company_policy` (
  `policy_id` int(111) NOT NULL,
  `company_id` int(111) NOT NULL,
  `title` varchar(255) NOT NULL,
  `description` longtext NOT NULL,
  `attachment` varchar(255) DEFAULT NULL,
  `added_by` int(111) NOT NULL,
  `created_at` varchar(255) NOT NULL
) ENGINE=InnoDB DEFAULT CHARSET=utf8 COLLATE=utf8_general_ci;

--
-- Dumping data for table `xin_company_policy`
--

INSERT INTO `xin_company_policy` (`policy_id`, `company_id`, `title`, `description`, `attachment`, `added_by`, `created_at`) VALUES
(1, 1, 'Smoke-Free Work', '&lt;p&gt;Smoke-Free Work Environment Policy Close&lt;/p&gt;', NULL, 1, '28-02-2018');

-- --------------------------------------------------------

--
-- Table structure for table `xin_company_type`
--

CREATE TABLE `xin_company_type` (
  `type_id` int(111) NOT NULL,
  `name` varchar(255) NOT NULL,
  `created_at` varchar(255) NOT NULL
) ENGINE=InnoDB DEFAULT CHARSET=utf8 COLLATE=utf8_general_ci;

--
-- Dumping data for table `xin_company_type`
--

INSERT INTO `xin_company_type` (`type_id`, `name`, `created_at`) VALUES
(3, 'Partnership', ''),
(5, 'Private Limited Company', ''),
(6, 'Sole Proprietorship', '16-02-2020 12:59:22');

-- --------------------------------------------------------

--
-- Table structure for table `xin_contract_type`
--

CREATE TABLE `xin_contract_type` (
  `contract_type_id` int(111) NOT NULL,
  `company_id` int(11) NOT NULL,
  `name` varchar(255) NOT NULL,
  `created_at` varchar(255) NOT NULL
) ENGINE=InnoDB DEFAULT CHARSET=utf8 COLLATE=utf8_general_ci;

--
-- Dumping data for table `xin_contract_type`
--

INSERT INTO `xin_contract_type` (`contract_type_id`, `company_id`, `name`, `created_at`) VALUES
(1, 1, 'Permanent', '05-04-2018 06:10:32'),
(2, 0, 'Fixed-Term', '16-02-2020 05:47:57'),
(3, 0, 'Probationary', '16-02-2020 05:50:04'),
(4, 0, 'Casual', '16-02-2020 05:53:49'),
(5, 0, 'Temporary', '16-02-2020 05:54:40');

-- --------------------------------------------------------

--
-- Table structure for table `xin_countries`
--

CREATE TABLE `xin_countries` (
  `country_id` int(11) NOT NULL,
  `country_code` varchar(255) NOT NULL,
  `country_name` varchar(255) NOT NULL,
  `country_flag` varchar(255) NOT NULL
) ENGINE=MyISAM DEFAULT CHARSET=utf8 COLLATE=utf8_general_ci;

--
-- Dumping data for table `xin_countries`
--

INSERT INTO `xin_countries` (`country_id`, `country_code`, `country_name`, `country_flag`) VALUES
(1, '+93', 'Afghanistan', 'flag_1500831780.gif'),
(2, '+355', 'Albania', 'flag_1500831815.gif'),
(3, 'DZ', 'Algeria', ''),
(4, 'DS', 'American Samoa', ''),
(5, 'AD', 'Andorra', ''),
(6, 'AO', 'Angola', ''),
(7, 'AI', 'Anguilla', ''),
(8, 'AQ', 'Antarctica', ''),
(9, 'AG', 'Antigua and Barbuda', ''),
(10, 'AR', 'Argentina', ''),
(11, 'AM', 'Armenia', ''),
(12, 'AW', 'Aruba', ''),
(13, 'AU', 'Australia', ''),
(14, 'AT', 'Austria', ''),
(15, 'AZ', 'Azerbaijan', ''),
(16, 'BS', 'Bahamas', ''),
(17, 'BH', 'Bahrain', ''),
(18, 'BD', 'Bangladesh', ''),
(19, 'BB', 'Barbados', ''),
(20, 'BY', 'Belarus', ''),
(21, 'BE', 'Belgium', ''),
(22, 'BZ', 'Belize', ''),
(23, 'BJ', 'Benin', ''),
(24, 'BM', 'Bermuda', ''),
(25, 'BT', 'Bhutan', ''),
(26, 'BO', 'Bolivia', ''),
(27, 'BA', 'Bosnia and Herzegovina', ''),
(28, 'BW', 'Botswana', ''),
(29, 'BV', 'Bouvet Island', ''),
(30, 'BR', 'Brazil', ''),
(31, 'IO', 'British Indian Ocean Territory', ''),
(32, 'BN', 'Brunei Darussalam', ''),
(33, 'BG', 'Bulgaria', ''),
(34, 'BF', 'Burkina Faso', ''),
(35, 'BI', 'Burundi', ''),
(36, 'KH', 'Cambodia', ''),
(37, 'CM', 'Cameroon', ''),
(38, 'CA', 'Canada', ''),
(39, 'CV', 'Cape Verde', ''),
(40, 'KY', 'Cayman Islands', ''),
(41, 'CF', 'Central African Republic', ''),
(42, 'TD', 'Chad', ''),
(43, 'CL', 'Chile', ''),
(44, 'CN', 'China', ''),
(45, 'CX', 'Christmas Island', ''),
(46, 'CC', 'Cocos (Keeling) Islands', ''),
(47, 'CO', 'Colombia', ''),
(48, 'KM', 'Comoros', ''),
(49, 'CG', 'Congo', ''),
(50, 'CK', 'Cook Islands', ''),
(51, 'CR', 'Costa Rica', ''),
(52, 'HR', 'Croatia (Hrvatska)', ''),
(53, 'CU', 'Cuba', ''),
(54, 'CY', 'Cyprus', ''),
(55, 'CZ', 'Czech Republic', ''),
(56, 'DK', 'Denmark', ''),
(57, 'DJ', 'Djibouti', ''),
(58, 'DM', 'Dominica', ''),
(59, 'DO', 'Dominican Republic', ''),
(60, 'TP', 'East Timor', ''),
(61, 'EC', 'Ecuador', ''),
(62, 'EG', 'Egypt', ''),
(63, 'SV', 'El Salvador', ''),
(64, 'GQ', 'Equatorial Guinea', ''),
(65, 'ER', 'Eritrea', ''),
(66, 'EE', 'Estonia', ''),
(67, 'ET', 'Ethiopia', ''),
(68, 'FK', 'Falkland Islands (Malvinas)', ''),
(69, 'FO', 'Faroe Islands', ''),
(70, 'FJ', 'Fiji', ''),
(71, 'FI', 'Finland', ''),
(72, 'FR', 'France', ''),
(73, 'FX', 'France, Metropolitan', ''),
(74, 'GF', 'French Guiana', ''),
(75, 'PF', 'French Polynesia', ''),
(76, 'TF', 'French Southern Territories', ''),
(77, 'GA', 'Gabon', ''),
(78, 'GM', 'Gambia', ''),
(79, 'GE', 'Georgia', ''),
(80, 'DE', 'Germany', ''),
(81, 'GH', 'Ghana', ''),
(82, 'GI', 'Gibraltar', ''),
(83, 'GK', 'Guernsey', ''),
(84, 'GR', 'Greece', ''),
(85, 'GL', 'Greenland', ''),
(86, 'GD', 'Grenada', ''),
(87, 'GP', 'Guadeloupe', ''),
(88, 'GU', 'Guam', ''),
(89, 'GT', 'Guatemala', ''),
(90, 'GN', 'Guinea', ''),
(91, 'GW', 'Guinea-Bissau', ''),
(92, 'GY', 'Guyana', ''),
(93, 'HT', 'Haiti', ''),
(94, 'HM', 'Heard and Mc Donald Islands', ''),
(95, 'HN', 'Honduras', ''),
(96, 'HK', 'Hong Kong', ''),
(97, 'HU', 'Hungary', ''),
(98, 'IS', 'Iceland', ''),
(99, 'IN', 'India', ''),
(100, 'IM', 'Isle of Man', ''),
(101, 'ID', 'Indonesia', ''),
(102, 'IR', 'Iran (Islamic Republic of)', ''),
(103, 'IQ', 'Iraq', ''),
(104, 'IE', 'Ireland', ''),
(105, 'IL', 'Israel', ''),
(106, 'IT', 'Italy', ''),
(107, 'CI', 'Ivory Coast', ''),
(108, 'JE', 'Jersey', ''),
(109, 'JM', 'Jamaica', ''),
(110, 'JP', 'Japan', ''),
(111, 'JO', 'Jordan', ''),
(112, 'KZ', 'Kazakhstan', ''),
(113, 'KE', 'Kenya', ''),
(114, 'KI', 'Kiribati', ''),
(115, 'KP', 'Korea, Democratic People\'s Republic of', ''),
(116, 'KR', 'Korea, Republic of', ''),
(117, 'XK', 'Kosovo', ''),
(118, 'KW', 'Kuwait', ''),
(119, 'KG', 'Kyrgyzstan', ''),
(120, 'LA', 'Lao People\'s Democratic Republic', ''),
(121, 'LV', 'Latvia', ''),
(122, 'LB', 'Lebanon', ''),
(123, 'LS', 'Lesotho', ''),
(124, 'LR', 'Liberia', ''),
(125, 'LY', 'Libyan Arab Jamahiriya', ''),
(126, 'LI', 'Liechtenstein', ''),
(127, 'LT', 'Lithuania', ''),
(128, 'LU', 'Luxembourg', ''),
(129, 'MO', 'Macau', ''),
(130, 'MK', 'Macedonia', ''),
(131, 'MG', 'Madagascar', ''),
(132, 'MW', 'Malawi', ''),
(133, 'MY', 'Malaysia', ''),
(134, 'MV', 'Maldives', ''),
(135, 'ML', 'Mali', ''),
(136, 'MT', 'Malta', ''),
(137, 'MH', 'Marshall Islands', ''),
(138, 'MQ', 'Martinique', ''),
(139, 'MR', 'Mauritania', ''),
(140, 'MU', 'Mauritius', ''),
(141, 'TY', 'Mayotte', ''),
(142, 'MX', 'Mexico', ''),
(143, 'FM', 'Micronesia, Federated States of', ''),
(144, 'MD', 'Moldova, Republic of', ''),
(145, 'MC', 'Monaco', ''),
(146, 'MN', 'Mongolia', ''),
(147, 'ME', 'Montenegro', ''),
(148, 'MS', 'Montserrat', ''),
(149, 'MA', 'Morocco', ''),
(150, 'MZ', 'Mozambique', ''),
(151, 'MM', 'Myanmar', ''),
(152, 'NA', 'Namibia', ''),
(153, 'NR', 'Nauru', ''),
(154, 'NP', 'Nepal', ''),
(155, 'NL', 'Netherlands', ''),
(156, 'AN', 'Netherlands Antilles', ''),
(157, 'NC', 'New Caledonia', ''),
(158, 'NZ', 'New Zealand', ''),
(159, 'NI', 'Nicaragua', ''),
(160, 'NE', 'Niger', ''),
(161, 'NG', 'Nigeria', ''),
(162, 'NU', 'Niue', ''),
(163, 'NF', 'Norfolk Island', ''),
(164, 'MP', 'Northern Mariana Islands', ''),
(165, 'NO', 'Norway', ''),
(166, 'OM', 'Oman', ''),
(167, 'PK', 'Pakistan', ''),
(168, 'PW', 'Palau', ''),
(169, 'PS', 'Palestine', ''),
(170, 'PA', 'Panama', ''),
(171, 'PG', 'Papua New Guinea', ''),
(172, 'PY', 'Paraguay', ''),
(173, 'PE', 'Peru', ''),
(174, 'PH', 'Philippines', ''),
(175, 'PN', 'Pitcairn', ''),
(176, 'PL', 'Poland', ''),
(177, 'PT', 'Portugal', ''),
(178, 'PR', 'Puerto Rico', ''),
(179, 'QA', 'Qatar', ''),
(180, 'RE', 'Reunion', ''),
(181, 'RO', 'Romania', ''),
(182, 'RU', 'Russian Federation', ''),
(183, 'RW', 'Rwanda', ''),
(184, 'KN', 'Saint Kitts and Nevis', ''),
(185, 'LC', 'Saint Lucia', ''),
(186, 'VC', 'Saint Vincent and the Grenadines', ''),
(187, 'WS', 'Samoa', ''),
(188, 'SM', 'San Marino', ''),
(189, 'ST', 'Sao Tome and Principe', ''),
(190, 'SA', 'Saudi Arabia', ''),
(191, 'SN', 'Senegal', ''),
(192, 'RS', 'Serbia', ''),
(193, 'SC', 'Seychelles', ''),
(194, 'SL', 'Sierra Leone', ''),
(195, 'SG', 'Singapore', ''),
(196, 'SK', 'Slovakia', ''),
(197, 'SI', 'Slovenia', ''),
(198, 'SB', 'Solomon Islands', ''),
(199, 'SO', 'Somalia', ''),
(200, 'ZA', 'South Africa', ''),
(201, 'GS', 'South Georgia South Sandwich Islands', ''),
(202, 'ES', 'Spain', ''),
(203, 'LK', 'Sri Lanka', ''),
(204, 'SH', 'St. Helena', ''),
(205, 'PM', 'St. Pierre and Miquelon', ''),
(206, 'SD', 'Sudan', ''),
(207, 'SR', 'Suriname', ''),
(208, 'SJ', 'Svalbard and Jan Mayen Islands', ''),
(209, 'SZ', 'Swaziland', ''),
(210, 'SE', 'Sweden', ''),
(211, 'CH', 'Switzerland', ''),
(212, 'SY', 'Syrian Arab Republic', ''),
(213, 'TW', 'Taiwan', ''),
(214, 'TJ', 'Tajikistan', ''),
(215, 'TZ', 'Tanzania, United Republic of', ''),
(216, 'TH', 'Thailand', ''),
(217, 'TG', 'Togo', ''),
(218, 'TK', 'Tokelau', ''),
(219, 'TO', 'Tonga', ''),
(220, 'TT', 'Trinidad and Tobago', ''),
(221, 'TN', 'Tunisia', ''),
(222, 'TR', 'Turkey', ''),
(223, 'TM', 'Turkmenistan', ''),
(224, 'TC', 'Turks and Caicos Islands', ''),
(225, 'TV', 'Tuvalu', ''),
(226, 'UG', 'Uganda', ''),
(227, 'UA', 'Ukraine', ''),
(228, 'AE', 'United Arab Emirates', ''),
(229, 'GB', 'United Kingdom', ''),
(230, 'US', 'United States', ''),
(231, 'UM', 'United States minor outlying islands', ''),
(232, 'UY', 'Uruguay', ''),
(233, 'UZ', 'Uzbekistan', ''),
(234, 'VU', 'Vanuatu', ''),
(235, 'VA', 'Vatican City State', ''),
(236, 'VE', 'Venezuela', ''),
(237, 'VN', 'Vietnam', ''),
(238, 'VG', 'Virgin Islands (British)', ''),
(239, 'VI', 'Virgin Islands (U.S.)', ''),
(240, 'WF', 'Wallis and Futuna Islands', ''),
(241, 'EH', 'Western Sahara', ''),
(242, 'YE', 'Yemen', ''),
(243, 'ZR', 'Zaire', ''),
(244, 'ZM', 'Zambia', ''),
(245, 'ZW', 'Zimbabwe', '');

-- --------------------------------------------------------

--
-- Table structure for table `xin_currencies`
--

CREATE TABLE `xin_currencies` (
  `currency_id` int(111) NOT NULL,
  `company_id` int(11) NOT NULL,
  `name` varchar(255) NOT NULL,
  `code` varchar(255) NOT NULL,
  `symbol` varchar(255) NOT NULL
) ENGINE=InnoDB DEFAULT CHARSET=utf8 COLLATE=utf8_general_ci;

--
-- Dumping data for table `xin_currencies`
--

INSERT INTO `xin_currencies` (`currency_id`, `company_id`, `name`, `code`, `symbol`) VALUES
(1, 1, 'Taka', 'BDT', ''),
(2, 0, 'Dollar', 'USD', '$');

-- --------------------------------------------------------

--
-- Table structure for table `xin_currency_converter`
--

CREATE TABLE `xin_currency_converter` (
  `currency_converter_id` int(11) NOT NULL,
  `usd_currency` varchar(11) NOT NULL DEFAULT '1',
  `to_currency_title` varchar(200) NOT NULL,
  `to_currency_rate` varchar(200) NOT NULL,
  `created_at` varchar(200) NOT NULL
) ENGINE=InnoDB DEFAULT CHARSET=utf8 COLLATE=utf8_general_ci;

--
-- Dumping data for table `xin_currency_converter`
--

INSERT INTO `xin_currency_converter` (`currency_converter_id`, `usd_currency`, `to_currency_title`, `to_currency_rate`, `created_at`) VALUES
(1, '1', 'MYR', '4.11', '17-08-2018 03:29:58');

-- --------------------------------------------------------

--
-- Table structure for table `xin_database_backup`
--

CREATE TABLE `xin_database_backup` (
  `backup_id` int(111) NOT NULL,
  `backup_file` varchar(255) NOT NULL,
  `created_at` varchar(255) NOT NULL
) ENGINE=InnoDB DEFAULT CHARSET=utf8 COLLATE=utf8_general_ci;

--
-- Dumping data for table `xin_database_backup`
--

INSERT INTO `xin_database_backup` (`backup_id`, `backup_file`, `created_at`) VALUES
(1, 'backup_16-02-2020_00_39_37.sql.gz', '16-02-2020 00:39:37'),
(2, 'backup_16-02-2020_10_12_53.sql.gz', '16-02-2020 10:12:53'),
(3, 'backup_17-02-2020_12_13_59.sql.gz', '17-02-2020 12:13:59');

-- --------------------------------------------------------

--
-- Table structure for table `xin_departments`
--

CREATE TABLE `xin_departments` (
  `department_id` int(11) NOT NULL,
  `department_name` varchar(200) NOT NULL,
  `company_id` int(11) NOT NULL,
  `location_id` int(111) NOT NULL,
  `employee_id` int(111) NOT NULL,
  `added_by` int(111) NOT NULL,
  `created_at` varchar(200) NOT NULL,
  `status` tinyint(1) NOT NULL DEFAULT 1
) ENGINE=InnoDB DEFAULT CHARSET=utf8 COLLATE=utf8_general_ci;

--
-- Dumping data for table `xin_departments`
--

INSERT INTO `xin_departments` (`department_id`, `department_name`, `company_id`, `location_id`, `employee_id`, `added_by`, `created_at`, `status`) VALUES
(2, 'AppAdmin', 1, 2, 6, 1, '17-03-2018', 1),
(3, 'Administration', 1, 2, 7, 1, '2020-02-15 17:07:19', 1),
(4, 'Development', 1, 2, 7, 1, '2020-02-15 17:13:18', 1),
(5, 'HR & Accounts', 1, 2, 23, 6, '2020-02-15 18:30:09', 1),
(6, 'Client Support', 1, 2, 10, 6, '2020-02-15 19:27:17', 1),
(7, 'Sales & Marketing', 1, 2, 6, 6, '2020-02-15 19:27:45', 1),
(8, 'Research & Development', 1, 2, 6, 6, '2020-02-15 19:30:00', 1),
(9, 'Branding & Promotion', 1, 2, 12, 6, '2020-02-16 10:22:00', 1),
(10, 'Graphics & UI/UX', 1, 2, 19, 6, '2020-02-16 13:14:30', 1),
(11, 'Management Committee', 1, 2, 6, 1, '2020-02-16 15:34:36', 1);

-- --------------------------------------------------------

--
-- Table structure for table `xin_designations`
--

CREATE TABLE `xin_designations` (
  `designation_id` int(11) NOT NULL,
  `top_designation_id` int(11) NOT NULL DEFAULT 0,
  `department_id` int(200) NOT NULL,
  `sub_department_id` int(11) NOT NULL,
  `company_id` int(11) NOT NULL,
  `designation_name` varchar(200) NOT NULL,
  `added_by` int(111) NOT NULL,
  `created_at` varchar(200) NOT NULL,
  `status` tinyint(1) NOT NULL DEFAULT 1
) ENGINE=InnoDB DEFAULT CHARSET=utf8 COLLATE=utf8_general_ci;

--
-- Dumping data for table `xin_designations`
--

INSERT INTO `xin_designations` (`designation_id`, `top_designation_id`, `department_id`, `sub_department_id`, `company_id`, `designation_name`, `added_by`, `created_at`, `status`) VALUES
(9, 0, 4, 0, 1, 'Software Developer', 1, '06-03-2018', 1),
(10, 0, 2, 0, 1, 'Admin', 1, '18-03-2018', 1),
(11, 0, 3, 0, 1, 'CEO & Managing Director', 1, '15-02-2020', 1),
(12, 0, 11, 0, 1, 'CTO & Executive Director', 1, '15-02-2020', 1),
(13, 0, 11, 0, 1, 'Chairman', 6, '15-02-2020', 1),
(14, 0, 9, 0, 1, 'Brand Manager', 6, '16-02-2020', 1),
(15, 0, 4, 0, 1, 'Web Developer', 6, '16-02-2020', 1),
(16, 0, 10, 0, 1, 'Senior Graphic Designer', 6, '16-02-2020', 1),
(17, 0, 6, 0, 1, 'Customer Relationship Executive', 6, '16-02-2020', 1),
(18, 0, 7, 0, 1, 'Marketing Executive', 6, '16-02-2020', 1),
(19, 0, 5, 0, 1, 'Head of HR & Accounts', 1, '16-02-2020', 1),
(20, 0, 4, 0, 1, 'Junior Software Developer', 23, '18-02-2020', 1),
(21, 0, 7, 0, 1, 'Junior Marketing Executive', 23, '20-02-2020', 1),
(22, 0, 7, 0, 1, 'Senior Marketing Executive', 23, '20-02-2020', 1),
(23, 0, 7, 0, 1, 'Head of Marketing', 23, '20-02-2020', 1),
(24, 0, 6, 0, 1, 'Head of Support', 23, '20-02-2020', 1),
(25, 0, 4, 0, 1, 'Software Engineer Specialist', 23, '07-10-2021', 1),
(26, 0, 4, 0, 1, 'Software Engineer Lead', 23, '02-01-2022', 1);

-- --------------------------------------------------------

--
-- Table structure for table `xin_document_type`
--

CREATE TABLE `xin_document_type` (
  `document_type_id` int(11) NOT NULL,
  `company_id` int(11) NOT NULL,
  `document_type` varchar(255) NOT NULL,
  `created_at` varchar(200) NOT NULL
) ENGINE=InnoDB DEFAULT CHARSET=utf8 COLLATE=utf8_general_ci;

--
-- Dumping data for table `xin_document_type`
--

INSERT INTO `xin_document_type` (`document_type_id`, `company_id`, `document_type`, `created_at`) VALUES
(1, 1, 'Driving License', '09-05-2018 12:34:55'),
(2, 0, 'NID', '16-02-2020 12:40:44'),
(3, 0, 'Birth Certificate', '16-02-2020 12:41:09'),
(4, 0, 'Academic Certificate', '16-02-2020 12:41:47'),
(5, 0, 'Academic Transcript', '16-02-2020 06:03:08'),
(6, 0, 'Passport', '16-02-2020 06:03:37'),
(7, 0, 'Experience Certificate', '16-02-2020 06:05:12'),
(8, 0, 'TIN Certificate', '16-02-2020 11:51:35'),
(9, 0, 'Reference Letter', '16-02-2020 11:53:32');

-- --------------------------------------------------------

--
-- Table structure for table `xin_email_configuration`
--

CREATE TABLE `xin_email_configuration` (
  `email_config_id` int(11) NOT NULL,
  `email_type` enum('phpmail','smtp','codeigniter') NOT NULL,
  `smtp_host` varchar(64) NOT NULL,
  `smtp_username` varchar(64) NOT NULL,
  `smtp_password` varchar(64) NOT NULL,
  `smtp_port` int(11) NOT NULL,
  `smtp_secure` enum('tls','ssl') NOT NULL
) ENGINE=InnoDB DEFAULT CHARSET=utf8 COLLATE=utf8_unicode_ci;

--
-- Dumping data for table `xin_email_configuration`
--

INSERT INTO `xin_email_configuration` (`email_config_id`, `email_type`, `smtp_host`, `smtp_username`, `smtp_password`, `smtp_port`, `smtp_secure`) VALUES
(1, 'smtp', 'smtp.gmail.com', 'softifybd@gmail.com', 'Rifat+Murad@BD2019', 587, 'ssl');

-- --------------------------------------------------------

--
-- Table structure for table `xin_email_template`
--

CREATE TABLE `xin_email_template` (
  `template_id` int(111) NOT NULL,
  `template_code` varchar(255) NOT NULL,
  `name` varchar(255) NOT NULL,
  `subject` varchar(255) NOT NULL,
  `message` longtext NOT NULL,
  `status` tinyint(2) NOT NULL
) ENGINE=InnoDB DEFAULT CHARSET=utf8 COLLATE=utf8_general_ci;

--
-- Dumping data for table `xin_email_template`
--

INSERT INTO `xin_email_template` (`template_id`, `template_code`, `name`, `subject`, `message`, `status`) VALUES
(2, 'code1', 'Forgot Password', 'Forgot Password', '&lt;p&gt;There was recently a request for password for your {var site_name}account.&lt;/p&gt;&lt;p&gt;If this was a mistake, just ignore this email and nothing will happen.&lt;br&gt;&lt;/p&gt;&lt;p&gt;To reset your password, visit the following link &lt;a href=\\&quot;\\\\\\\\\\&quot; admin=\\&quot;\\&quot; auth=\\&quot;\\&quot; password=\\&quot;\\&quot; change=\\&quot;true&amp;email={var\\&quot; title=\\&quot;\\\\\\\\\\&quot;&gt;&lt;a href=\\&quot;{var site_url}admin/auth/reset_password/?change=true&amp;email={var email}\\&quot; title=\\&quot;reset_password\\&quot;&gt;Reset Password&lt;/a&gt;&lt;/a&gt;&lt;a href=\\&quot;\\\\\\\\\\&quot; admin=\\&quot;\\\\\\\\\\&quot; auth=\\&quot;\\\\\\\\\\&quot; title=\\&quot;\\\\\\\\\\&quot;&gt;&lt;/a&gt;&lt;/p&gt;&lt;p&gt;Thank you,&lt;br&gt;The {var site_name} Team&lt;/p&gt;', 1),
(3, 'code2', 'New Project', 'New Project', '&lt;p&gt;Dear {var name},&lt;/p&gt;&lt;p&gt;New project has been assigned to you.&lt;/p&gt;&lt;p&gt;Project Name: {var project_name}&lt;/p&gt;&lt;p&gt;Project Start Date:&amp;nbsp;&lt;span 1rem;\\\\\\&quot;=\\&quot;\\&quot;&gt;{var project_start_date}&lt;/span&gt;&lt;/p&gt;&lt;p&gt;&lt;span 1rem;\\\\\\&quot;=\\&quot;\\&quot;&gt;Thank you,&lt;/span&gt;&lt;br&gt;&lt;/p&gt;&lt;p&gt;The {var site_name} Team&lt;/p&gt;', 1),
(5, 'code3', 'Leave Request ', 'A Leave Request from you', '&lt;p&gt;Dear Admin,&lt;/p&gt;&lt;p&gt;{var employee_name}wants a leave from you.&lt;/p&gt;&lt;p&gt;You can view this leave request by logging in to the portal using the link below.&lt;/p&gt;&lt;p&gt;{var site_url}admin/&lt;br&gt;&lt;br&gt;Regards&lt;/p&gt;&lt;p&gt;The {var site_name} Team&lt;/p&gt;', 1),
(6, 'code4', 'Leave Approve', 'Your leave request has been approved', '&lt;p&gt;Your leave request has been approved&lt;/p&gt;&lt;p&gt;&lt;span xss=removed&gt;Congratulations! Your leave request from&lt;/span&gt;&lt;font color=\\&quot;\\\\\\\\\\&quot; face=\\&quot;\\\\\\\\\\&quot; arial,=\\&quot;\\&quot; verdana,=\\&quot;\\&quot; trebuchet=\\&quot;\\&quot;&gt;&lt;/font&gt;{var leave_start_date}to{var leave_end_date}has been approved by your company management.&lt;/p&gt;&lt;p&gt;Check here&lt;/p&gt;&lt;p&gt;{var site_url}admin/&lt;br&gt;&lt;/p&gt;&lt;p&gt;Regards&lt;br&gt;The {var site_name} Team&lt;/p&gt;', 1),
(7, 'code5', 'Leave Reject', 'Your leave request has been Rejected', '&lt;p&gt;Your leave request has been Rejected&lt;/p&gt;&lt;p&gt;Unfortunately !Your leave request from{var leave_start_date}to{var leave_end_date}has been Rejected by your company management.&lt;/p&gt;&lt;p&gt;Check here&lt;/p&gt;&lt;p&gt;{var site_url}admin/&lt;br&gt;&lt;/p&gt;&lt;p&gt;Regards&lt;/p&gt;&lt;p&gt;The {var site_name} Team&lt;/p&gt;', 1),
(8, 'code6', 'Welcome Email ', 'Welcome Email ', '&lt;p&gt;Hello{var employee_name},&lt;/p&gt;&lt;p&gt;Welcome to{var site_name}.Thanks for joining{var site_name}. We listed your sign in details below, make sure you keep them safe.&lt;/p&gt;&lt;p&gt;Your Username: {var username}&lt;/p&gt;&lt;p&gt;Your Employee ID: {var employee_id}&lt;br&gt;Your Email Address: {var email}&lt;br&gt;Your Password: {var password}&lt;br&gt;&lt;/p&gt;&lt;p&gt;&lt;a href=\\&quot;\\\\\\\\\\&quot;&gt;&lt;/a&gt;&lt;a href=\\&quot;\\\\\\\\\\&quot; hr=\\&quot;\\\\\\\\\\&quot;&gt;&lt;/a&gt;&lt;a href=\\&quot;\\\\\\\\\\&quot; admin=\\&quot;\\&quot;&gt;Login Panel&lt;/a&gt;&lt;/p&gt;&lt;p&gt;Link doesn\\&#039;t work? Copy the following link to your browser address bar:&lt;/p&gt;&lt;p&gt;{var site_url}admin/&lt;/p&gt;&lt;p&gt;Have fun!&lt;/p&gt;&lt;p&gt;The{var site_name}Team.&lt;/p&gt;', 1),
(9, 'code7', 'Transfer', 'New Transfer', '&lt;p&gt;Hello{var employee_name},&lt;/p&gt;&lt;p&gt;You have beentransfered to another department and location.&lt;/p&gt;&lt;p&gt;You can view the transfer details by logging in to the portal using the link below.&lt;/p&gt;&lt;p&gt;{var site_url}admin/&lt;/p&gt;&lt;p&gt;Regards&lt;/p&gt;&lt;p&gt;The {var site_name} Team&lt;/p&gt;', 1),
(10, 'code8', 'Award', 'Award Received', '&lt;p&gt;Hello{var employee_name},&lt;/p&gt;&lt;p&gt;You have beenawarded{var award_name}.&lt;/p&gt;&lt;p&gt;You can view this award by logging in to the portal using the link below.&lt;/p&gt;&lt;p&gt;&lt;span xss=removed&gt;{var site_url}admin/&lt;/span&gt;&lt;br&gt;&lt;/p&gt;&lt;p&gt;Regards&lt;/p&gt;&lt;p&gt;The {var site_name} Team&lt;/p&gt;', 1),
(14, 'code9', 'New Task', 'Task assigned', '&lt;p&gt;Dear Employee,&lt;/p&gt;&lt;p&gt;A new task&lt;span xss=\\&quot;\\\\\\\\\\&quot;&gt;{var task_name}&lt;/span&gt;has been assigned to you by&lt;span xss=\\&quot;\\\\\\\\\\&quot;&gt;{var task_assigned_by}&lt;/span&gt;.&lt;/p&gt;&lt;p&gt;You can view this task by logging in to the portal using the link below.&lt;/p&gt;&lt;p&gt;{var site_url}admin/&lt;/p&gt;&lt;p&gt;Regards,&lt;/p&gt;&lt;p&gt;The {var site_name} Team&lt;/p&gt;', 1),
(15, 'code10', 'New Inquiry', 'New Inquiry [#{var ticket_code}]', '&lt;p xss=\\&quot;removed\\&quot; rgb(51,=\\&quot;\\\\\\&quot; font-family:=\\&quot;\\\\\\&quot; sans-serif,=\\&quot;\\\\\\&quot; arial,=\\&quot;\\\\\\&quot; verdana,=\\&quot;\\\\\\&quot; trebuchet=\\&quot;\\\\\\\\\\&quot;&gt;&lt;span xss=\\&quot;removed\\&quot;&gt;Dear Admin,&lt;/span&gt;&lt;br&gt;&lt;/p&gt;&lt;p xss=\\&quot;removed\\&quot; rgb(51,=\\&quot;\\\\\\&quot; font-family:=\\&quot;\\\\\\&quot; sans-serif,=\\&quot;\\\\\\&quot; arial,=\\&quot;\\\\\\&quot; verdana,=\\&quot;\\\\\\&quot; trebuchet=\\&quot;\\\\\\\\\\&quot;&gt;&lt;span xss=\\&quot;removed\\&quot;&gt;Your received a new inquiry.&lt;/span&gt;&lt;/p&gt;&lt;p xss=\\&quot;removed\\&quot; rgb(51,=\\&quot;\\\\\\&quot; font-family:=\\&quot;\\\\\\&quot; sans-serif,=\\&quot;\\\\\\&quot; arial,=\\&quot;\\\\\\&quot; verdana,=\\&quot;\\\\\\&quot; trebuchet=\\&quot;\\\\\\\\\\&quot;&gt;&lt;span xss=\\&quot;removed\\&quot;&gt;Inquiry Code: #{var ticket_code}&lt;/span&gt;&lt;/p&gt;&lt;p xss=\\&quot;removed\\&quot; rgb(51,=\\&quot;\\\\\\&quot; font-family:=\\&quot;\\\\\\&quot; sans-serif,=\\&quot;\\\\\\&quot; arial,=\\&quot;\\\\\\&quot; verdana,=\\&quot;\\\\\\&quot; trebuchet=\\&quot;\\\\\\\\\\&quot;&gt;Status : Open&lt;br&gt;&lt;br&gt;Click on the below link to see the inquiry details and post additional comments.&lt;/p&gt;&lt;p xss=\\&quot;removed\\&quot; rgb(51,=\\&quot;\\\\\\&quot; font-family:=\\&quot;\\\\\\&quot; sans-serif,=\\&quot;\\\\\\&quot; arial,=\\&quot;\\\\\\&quot; verdana,=\\&quot;\\\\\\&quot; trebuchet=\\&quot;\\\\\\\\\\&quot;&gt;{var site_url}admin/tickets/&lt;br&gt;&lt;br&gt;Regards&lt;/p&gt;&lt;p xss=\\&quot;removed\\&quot; rgb(51,=\\&quot;\\\\\\&quot; font-family:=\\&quot;\\\\\\&quot; sans-serif,=\\&quot;\\\\\\&quot; arial,=\\&quot;\\\\\\&quot; verdana,=\\&quot;\\\\\\&quot; trebuchet=\\&quot;\\\\\\\\\\&quot;&gt;The {var site_name} Team&lt;/p&gt;', 1),
(16, 'code11', 'Client Welcome Email', 'Welcome Email', '&lt;p&gt;Hello{var client_name},&lt;/p&gt;&lt;p&gt;Welcome to{var site_name}.Thanks for joining{var site_name}. We listed your sign in details below, make sure you keep them safe. You can login to your panel using email and password.&lt;/p&gt;&lt;p&gt;Your Email Address: {var email}&lt;br&gt;&lt;/p&gt;&lt;p&gt;Your Password: {var password}&lt;br&gt;&lt;/p&gt;&lt;p&gt;&lt;a href=\\&quot;\\\\\\\\\\&quot;&gt;&lt;/a&gt;&lt;a href=\\&quot;\\\\\\\\\\&quot; hr=\\&quot;\\\\\\\\\\&quot;&gt;&lt;/a&gt;&lt;a href=\\&quot;\\\\\\\\\\&quot; client=\\&quot;\\\\\\\\\\&quot;&gt;&lt;/a&gt;&lt;a href=\\&quot;\\\\\\\\\\&quot; client=\\&quot;\\\\\\\\\\&quot;&gt;Login Panel&lt;/a&gt;&lt;/p&gt;&lt;p&gt;Link doesn\\&#039;t work? Copy the following link to your browser address bar:&lt;/p&gt;&lt;p&gt;{var site_url}client/&lt;/p&gt;&lt;p&gt;Have fun!&lt;/p&gt;&lt;p&gt;The{var site_name}Team.&lt;/p&gt;', 1),
(17, 'code12', 'Password Changed Successfully', 'Password Changed Successfully', '&lt;p&gt;Hello,&lt;/p&gt;&lt;p&gt;Congratulations! Your password has been updated successfully.&lt;/p&gt;&lt;p&gt;Your new password is: {var password}&lt;/p&gt;&lt;p&gt;Thank you,&lt;br&gt;The {var site_name} Team&lt;br&gt;&lt;/p&gt;', 1);

-- --------------------------------------------------------

--
-- Table structure for table `xin_employees`
--

CREATE TABLE `xin_employees` (
  `user_id` int(11) NOT NULL,
  `employee_id` varchar(200) NOT NULL,
  `office_shift_id` int(111) NOT NULL,
  `first_name` varchar(200) NOT NULL,
  `last_name` varchar(200) NOT NULL,
  `username` varchar(200) NOT NULL,
  `email` varchar(200) NOT NULL,
  `password` varchar(200) NOT NULL,
  `date_of_birth` varchar(200) NOT NULL,
  `gender` varchar(200) NOT NULL,
  `e_status` int(11) NOT NULL,
  `user_role_id` int(100) NOT NULL,
  `department_id` int(100) NOT NULL,
  `sub_department_id` int(11) NOT NULL,
  `designation_id` int(100) NOT NULL,
  `company_id` int(111) DEFAULT NULL,
  `location_id` int(11) NOT NULL,
  `view_companies_id` varchar(255) NOT NULL,
  `salary_template` varchar(255) NOT NULL,
  `hourly_grade_id` int(111) NOT NULL,
  `monthly_grade_id` int(111) NOT NULL,
  `date_of_joining` varchar(200) NOT NULL,
  `date_of_leaving` varchar(255) NOT NULL,
  `marital_status` varchar(255) NOT NULL,
  `salary` varchar(200) NOT NULL,
  `wages_type` int(11) NOT NULL,
  `basic_salary` varchar(200) NOT NULL DEFAULT '0',
  `daily_wages` varchar(200) NOT NULL DEFAULT '0',
  `salary_ssempee` varchar(200) NOT NULL DEFAULT '0',
  `salary_ssempeer` varchar(200) DEFAULT '0',
  `salary_income_tax` varchar(200) NOT NULL DEFAULT '0',
  `salary_overtime` varchar(200) NOT NULL DEFAULT '0',
  `salary_commission` varchar(200) NOT NULL DEFAULT '0',
  `salary_claims` varchar(200) NOT NULL DEFAULT '0',
  `salary_paid_leave` varchar(200) NOT NULL DEFAULT '0',
  `salary_director_fees` varchar(200) NOT NULL DEFAULT '0',
  `salary_bonus` varchar(200) NOT NULL DEFAULT '0',
  `salary_advance_paid` varchar(200) NOT NULL DEFAULT '0',
  `address` mediumtext NOT NULL,
  `state` varchar(200) NOT NULL,
  `city` varchar(200) NOT NULL,
  `zipcode` varchar(200) NOT NULL,
  `profile_picture` mediumtext NOT NULL,
  `profile_background` mediumtext NOT NULL,
  `resume` mediumtext NOT NULL,
  `skype_id` varchar(200) NOT NULL,
  `contact_no` varchar(200) NOT NULL,
  `facebook_link` mediumtext NOT NULL,
  `twitter_link` mediumtext NOT NULL,
  `blogger_link` mediumtext NOT NULL,
  `linkdedin_link` mediumtext NOT NULL,
  `google_plus_link` mediumtext NOT NULL,
  `instagram_link` varchar(255) NOT NULL,
  `pinterest_link` varchar(255) NOT NULL,
  `youtube_link` varchar(255) NOT NULL,
  `is_active` tinyint(1) NOT NULL,
  `last_login_date` varchar(255) NOT NULL,
  `last_logout_date` varchar(255) NOT NULL,
  `last_login_ip` varchar(255) NOT NULL,
  `is_logged_in` int(111) NOT NULL,
  `online_status` int(111) NOT NULL,
  `fixed_header` varchar(150) NOT NULL,
  `compact_sidebar` varchar(150) NOT NULL,
  `boxed_wrapper` varchar(150) NOT NULL,
  `leave_categories` varchar(255) NOT NULL DEFAULT '0',
  `ethnicity_type` int(11) NOT NULL,
  `created_at` varchar(200) NOT NULL
) ENGINE=InnoDB DEFAULT CHARSET=utf8 COLLATE=utf8_general_ci;

--
-- Dumping data for table `xin_employees`
--

INSERT INTO `xin_employees` (`user_id`, `employee_id`, `office_shift_id`, `first_name`, `last_name`, `username`, `email`, `password`, `date_of_birth`, `gender`, `e_status`, `user_role_id`, `department_id`, `sub_department_id`, `designation_id`, `company_id`, `location_id`, `view_companies_id`, `salary_template`, `hourly_grade_id`, `monthly_grade_id`, `date_of_joining`, `date_of_leaving`, `marital_status`, `salary`, `wages_type`, `basic_salary`, `daily_wages`, `salary_ssempee`, `salary_ssempeer`, `salary_income_tax`, `salary_overtime`, `salary_commission`, `salary_claims`, `salary_paid_leave`, `salary_director_fees`, `salary_bonus`, `salary_advance_paid`, `address`, `state`, `city`, `zipcode`, `profile_picture`, `profile_background`, `resume`, `skype_id`, `contact_no`, `facebook_link`, `twitter_link`, `blogger_link`, `linkdedin_link`, `google_plus_link`, `instagram_link`, `pinterest_link`, `youtube_link`, `is_active`, `last_login_date`, `last_logout_date`, `last_login_ip`, `is_logged_in`, `online_status`, `fixed_header`, `compact_sidebar`, `boxed_wrapper`, `leave_categories`, `ethnicity_type`, `created_at`) VALUES
(1, 'fionagrace', 1, 'Getup', 'Ltd', 'fionagrace', 'getup@gmail.com', '$2y$10$Dd/wBjNx4xOmk31z0/ey9OHCJM6TyP52Ivc6X0jcbx.fgPHOmvrFS', '1985-04-22', 'Male', 0, 1, 2, 0, 10, 1, 1, '0', 'monthly', 0, 0, '2018-02-01', '', 'Married', '', 1, '1000', '0', '8', '17', '10', '0', '1', '2', '3', '0', '0', '0', 'Test Address', '', '', '', 'profile_1692503580.png', 'profile_background_1519924152.jpg', '', '', '01760607450', '', '', '', '', '', '', '', '', 1, '20-08-2023 09:16:01', '18-10-2021 16:20:35', '127.0.0.1', 1, 1, 'fixed_layout_hrsale', '', '', '0,1,2', 0, '2018-02-28 05:30:44'),
(6, '001', 1, 'Mostaim Billah', 'Murad', 'MostaimMurad', 'green.infotechbd@gmail.com', '$2y$12$QUfy8KNQNpxlXQrRRY3MrOpowk/NC1p/UpqVHx8vB/a3jvq68AbvC', '1985-04-22', 'Male', 0, 4, 3, 0, 11, 1, 2, '0', '', 0, 0, '2018-04-01', '', 'Single', '', 1, '0', '0', '0', '0', '0', '0', '0', '0', '0', '0', '0', '0', 'Bandar, Narayanganj', '', '', '', 'profile_1581766634.jpg', '', '', '', '01723221999', '', '', '', '', '', '', '', '', 1, '12-10-2021 12:07:37', '12-10-2021 13:07:51', '103.142.68.212', 0, 0, '', '', '', '0,1,2', 0, '2020-02-15 11:31:02'),
(7, '002', 1, 'Rifat', 'Solaiman', 'RifatSolaiman', 'invisiblerifat@gmail.com', '$2y$12$ZJuB/6MPnPa7SIWMek3Ry.C7m6HA1HqN9.xHNeuhaUjdFk0gOCyrC', '1989-01-01', 'Male', 0, 4, 3, 0, 12, 1, 2, '0', '', 0, 0, '2018-04-01', '', 'Single', '', 0, '0', '0', '0', '0', '0', '0', '0', '0', '0', '0', '0', '0', 'Bandar, Narayanganj', '', '', '', '', '', '', '', '01811998241', '', '', '', '', '', '', '', '', 1, '16-07-2020 23:41:48', '16-02-2020 01:12:42', '103.142.68.155', 1, 1, '', '', '', '0,1,2', 0, '2020-02-15 01:18:31'),
(8, '003', 1, 'Sakib', 'Rahman', 'SakibRahman', 'sakibrahman.11.27@gmail.com', '$2y$12$M/pE1oIFCHppZsPygBRAgeYURPpYHN0hPdUEgG5XigOBYO9X5qNUK', '1997-08-07', 'Male', 0, 2, 4, 0, 9, 1, 2, '0', '', 0, 0, '2020-02-01', '', 'Single', '', 0, '0', '0', '0', '0', '0', '0', '0', '0', '0', '0', '0', '0', 'Kadam Rasul Road, Nabiganj, Bandar', '', 'Narayanganj', '', '', '', '', '', '01534619961', 'https://www.facebook.com/profile.php', '', '', '', '', '', '', '', 1, '25-03-2020 14:15:46', '03-03-2020 17:30:08', '103.142.68.70', 1, 0, '', '', '', '0,1,2', 0, '2020-02-15 02:18:49'),
(9, '105', 1, 'Md Towhid Raihan', 'Talukdar', 'TowhidRahman', 'towhid623@gmail.com', '$2y$12$nZes1tx6qqTKN2t1EuycJeLCUncyNzW8EEWuPZupcZ.gXr6kOkWc2', '1994-10-04', 'Male', 0, 2, 4, 0, 26, 1, 2, '0', '', 0, 0, '2018-08-01', '', 'Married', '', 1, '45000', '0', '0', '0', '0', '0', '0', '0', '0', '0', '0', '0', 'Bandar, Narayanganj', '', '', '', 'profile_1581833544.jpg', '', '', '', '01631893580', '', '', '', '', '', '', '', '', 1, '02-04-2020 10:03:13', '18-02-2020 14:03:10', '122.152.49.186', 1, 0, 'fixed_layout_hrsale', '', '', '0,1,2', 0, '2020-02-15 02:25:14'),
(10, '005', 1, 'Kazi', 'Sifat', 'KaziSifat', 'sifatovi007@gmail.com', '$2y$12$fVzXyKYHY1islrsL0vW8OOE6oBIy8sJfje32iBA4CnhMFN9LqPHlq', '1993-08-01', 'Male', 0, 2, 6, 0, 24, 1, 2, '0', '', 0, 0, '2019-03-18', '', 'Single', '', 0, '0', '0', '0', '0', '0', '0', '0', '0', '0', '0', '0', '0', 'Bandar, Narayanganj', '', '', '', 'profile_1581833190.jpg', '', '', '', '01677706308', '', '', '', '', '', '', '', '', 1, '27-08-2020 10:54:04', '18-02-2020 21:02:12', '103.142.68.152', 1, 0, '', '', '', '0,1,2', 0, '2020-02-15 02:42:49'),
(11, '006', 1, 'Motasim Billah', 'Morshed', 'MotasiMorshed', 'gmt2motasim@gmail.com', '$2y$12$C7wg6PiQZESTXv8Rxhv9R.91SZL1nT4z0Vpqx1sgUp/VdAGVuh586', '1983-04-09', 'Male', 0, 1, 3, 0, 12, 1, 2, '', '', 0, 0, '2018-11-01', '', '', '', 0, '0', '0', '0', '0', '0', '0', '0', '0', '0', '0', '0', '0', 'Bandar, narayanganj', '', '', '', '', '', '', '', '01818133155', '', '', '', '', '', '', '', '', 1, '', '', '', 0, 0, '', '', '', '0', 0, '2020-02-15 04:51:26'),
(12, '007', 1, 'Nure Kamal', 'Mithu', 'NureKamal', 'splendidkamal@gmail.com', '$2y$12$3fP/SHF1JKBkQYNy41Wjbug0AgWzGt9v9PVo2mU9rDh84LD06vMKO', '1993-09-01', 'Male', 0, 2, 9, 0, 14, 1, 2, '0', '', 0, 0, '2019-01-01', '', 'Single', '', 0, '0', '0', '0', '0', '0', '0', '0', '0', '0', '0', '0', '0', 'Lakshmipur', '', '', '', '', '', '', '', '01814959293', '', '', '', '', '', '', '', '', 1, '02-03-2020 10:13:40', '18-02-2020 16:04:48', '103.142.68.70', 1, 0, '', '', '', '0,1,2', 0, '2020-02-16 04:37:14'),
(13, '008', 1, 'Md', 'Wahid', 'MdWahid', 'mdwahid.eu@gmail.com', '$2y$12$yb9BMidno3dcWN7ATKZ/vujbxy8gCPUZPoij6uOtfALtJmSJP15dO', '1994-03-08', 'Male', 0, 2, 4, 0, 9, 1, 2, '', '', 0, 0, '2020-02-01', '', 'Single', '', 0, '0', '0', '0', '0', '0', '0', '0', '0', '0', '0', '0', '0', 'Narayanganj', '', '', '', 'profile_1581835380.jpg', '', '', '', '+8801689308776', '', '', '', '', '', '', '', '', 1, '27-08-2020 10:11:24', '27-08-2020 09:43:51', '103.142.68.151', 1, 0, '', '', '', '0,1,2', 0, '2020-02-16 05:03:02'),
(14, '009', 2, 'Md Saiful', 'Islam', 'Msaiful', 'msaiful@softifybd.com', '$2y$12$chRFA6bw.lrslGmmJgtgBu1ty59I4GfX5QkYtBmwlLL7BqjzG79Ma', '1994-05-30', 'Male', 0, 2, 4, 0, 9, 1, 2, '0', '', 0, 0, '2018-11-15', '', 'Married', '', 0, '0', '0', '0', '0', '0', '0', '0', '0', '0', '0', '0', '0', 'Kalai, Jaypurhat', '', '', '', 'profile_1581916014.jpg', '', '', '', '01722182404', '', '', '', '', '', '', '', '', 1, '01-10-2020 21:07:56', '01-10-2020 22:09:06', '103.142.68.144', 0, 0, '', '', '', '0,1,2', 1, '2020-02-16 05:24:27'),
(15, '010', 1, 'Md', 'Al Amin', 'MdAlamin', 'alamin.cse46@gmail.com', '$2y$12$KtqW0MIZ1PswnZR.RD74oOKQsVz0OK9me5rF.szwruxNzObwhqzbW', '1998-10-05', 'Male', 0, 2, 4, 0, 15, 1, 2, '0', '', 0, 0, '2019-09-01', '', 'Single', '', 0, '0', '0', '0', '0', '0', '0', '0', '0', '0', '0', '0', '0', 'Bandar', '', '', '', '', '', '', '', '01521435717', '', '', '', '', '', '', '', '', 1, '23-02-2020 11:36:34', '', '103.142.68.70', 1, 0, '', '', '', '0,1,2', 1, '2020-02-16 06:23:44'),
(16, '011', 4, 'Pritom', 'Paul', 'PritomPaul', 'pritompal789@gmail.com', '$2y$12$s1yFCzzOjcVNIxPaKZVp5eNIh5/JDeVkgcHl1HX1pvch1XG3F4ZOW', '1995-10-25', 'Male', 0, 2, 4, 0, 9, 1, 2, '0', '', 0, 0, '2019-09-01', '', 'Single', '', 0, '0', '0', '0', '0', '0', '0', '0', '0', '0', '0', '0', '0', 'Lakshmipur', '', '', '', '', '', '', '', '01628160681', '', '', '', '', '', '', '', '', 1, '12-03-2020 10:36:15', '16-02-2020 13:45:30', '103.142.68.70', 1, 0, '', '', '', '0,1,2', 0, '2020-02-16 06:37:42'),
(17, '012', 4, 'Md Rakibul Islam', 'Refat', 'RakibulRefat', 'rakibulislam6619@gmail.com', '$2y$12$WWTWGr3TS7vmBFFFu0LSqeweRP9tIMkGOKxpLSpPEuNjLYQetCLiS', '1996-01-26', 'Male', 0, 2, 4, 0, 9, 1, 2, '0', '', 0, 0, '2019-03-19', '', 'Single', '', 0, '0', '0', '0', '0', '0', '0', '0', '0', '0', '0', '0', '0', 'Bandar, Narayanganj', '', '', '', '', '', '', '', '01989882401', '', '', '', '', '', '', '', '', 1, '06-03-2020 10:17:03', '', '103.142.68.70', 1, 0, '', '', '', '0,1,2', 0, '2020-02-16 06:54:16'),
(18, '013', 5, 'Jayadul', 'Islam', 'Jayadul', 'Jayadulsoftifybd@gmail.com', '$2y$12$vCgThUjZ/sPekl4DMpYWNOjRnkGShzOXwjE7eweqBA.Cd/KnTnSoO', '1995-06-27', 'Male', 0, 2, 4, 0, 15, 1, 2, '0', '', 0, 0, '2018-05-22', '', 'Single', '', 0, '0', '0', '0', '0', '0', '0', '0', '0', '0', '0', '0', '0', 'Bandar, Narayanganj', '', '', '', '', '', '', '', '01969155575', '', '', '', '', '', '', '', '', 1, '06-03-2020 10:20:19', '', '103.142.68.70', 1, 0, '', '', '', '0,1,2', 0, '2020-02-16 07:03:23'),
(19, '014', 1, 'Alauddin', 'Khan', 'Alauddin', 'ak.softifybd@gmail.com', '$2y$12$cxGe7IZY.Rr9jJ4IXLxcPOTE86TyQRx0QxVwUiGDd2ZTLMHTI.m66', '1990-02-03', 'Male', 0, 2, 10, 0, 16, 1, 2, '0', '', 0, 0, '2018-07-01', '', 'Single', '', 0, '0', '0', '0', '0', '0', '0', '0', '0', '0', '0', '0', '0', 'Bandar, Narayanganj', '', '', '', '', '', '', '', '01674045202', '', '', '', '', '', '', '', '', 1, '08-03-2020 10:16:33', '17-02-2020 13:10:41', '103.142.68.70', 1, 1, '', '', '', '0,1,2', 0, '2020-02-16 07:20:01'),
(20, '015', 3, 'Mazharul', 'Huq', 'MazharulHuq', 'mazharulhuqankur@gmail.com', '$2y$12$Uj2yYee9twoL6keGxM3xteN4a6YlsNKvzTtR5Nj80Nbyh/pon7GJy', '1995-10-22', 'Male', 0, 2, 6, 0, 17, 1, 2, '0', '', 0, 0, '2019-12-15', '', 'Single', '', 0, '0', '0', '0', '0', '0', '0', '0', '0', '0', '0', '0', '0', 'Dhaka', '', '', '', '', '', '', '', '01986713577', '', '', '', '', '', '', '', '', 1, '19-03-2020 09:53:10', '25-02-2020 11:20:55', '103.141.174.174', 1, 0, '', '', '', '0,1,2', 0, '2020-02-16 07:59:42'),
(21, '016', 1, 'Robiul', 'Islam', 'Robiul', 'robiul@softifybd.com', '$2y$12$z5MUea6qXuSMYmFvCXuLMO5sA2LjNsJ1bq3AF1RDGC14jA76QnP7a', '1995-08-13', 'Male', 0, 2, 7, 0, 18, 1, 2, '0', '', 0, 0, '2019-07-01', '', 'Single', '', 1, '0', '0', '0', '0', '0', '0', '0', '0', '0', '0', '0', '0', 'Lakshmipur', '', '', '', 'profile_1581914168.png', '', '', '', '01993148395', '', '', '', '', '', '', '', '', 1, '31-08-2020 10:35:08', '26-02-2020 20:51:30', '103.142.68.149', 1, 0, 'fixed_layout_hrsale', '', '', '0,1,2', 0, '2020-02-16 08:06:05'),
(22, '017', 3, 'Irfanul', 'Islam', 'Irfanul', 'irfaanul@gmail.com', '$2y$12$II/VicxS2UTQsjZWxtwzoeJjq/OSEXLqtjkkdprTFxphSn0sEtG6y', '1990-07-07', 'Male', 0, 2, 7, 0, 18, 1, 2, '0', '', 0, 0, '2020-01-01', '', 'Single', '', 0, '0', '0', '0', '0', '0', '0', '0', '0', '0', '0', '0', '0', 'Lakshmipur', '', '', '', 'profile_1598419138.jpg', '', '', '', '01742400408', '', '', '', '', '', '', '', '', 1, '31-08-2020 10:31:32', '', '103.142.68.150', 1, 0, '', '', '', '0,1,2', 0, '2020-02-16 09:10:34'),
(23, '018', 1, 'Khaza', 'Md Rakib', 'KhazaMdRakib', 'rakib@softifybd.com', '$2y$12$sNmgJ0rjbf34Mz.SRXzM3OdHEHFwTi/mWWAiXpPppfDBJ6/gCwjlS', '1994-12-28', 'Male', 0, 4, 5, 0, 19, 1, 2, '0', '', 0, 0, '2019-01-06', '', 'Married', '', 1, '0', '0', '0', '0', '0', '0', '0', '0', '0', '0', '0', '0', '123 Mokles Matbor Road (2nd Floor), Baganbari, Donia, Jatrabari, Dhaka  1236', '', 'Dhaka', '1236', 'profile_1581913964.jpeg', '', '', '', '01915677699', '', '', '', '', '', '', '', '', 1, '02-01-2022 19:22:35', '07-10-2021 18:21:50', '202.134.9.137', 1, 0, '', '', '', '0,1,2', 1, '2020-02-16 10:28:38'),
(24, '019', 1, 'Kazi Tamrin Anzum', 'Rahiv', 'KaziRahiv', 'rahivjobs@gmail.com', '$2y$12$xYxL/QBaDNp6qYNgmU4d4eY1gjFZE8cfjMOasU.TqRO67nv/k0.ty', '1997-11-18', 'Male', 0, 2, 4, 0, 9, 1, 2, '0,1', '', 0, 0, '2018-08-01', '', 'Single', '', 1, '0', '0', '0', '0', '0', '0', '0', '0', '0', '0', '0', '0', 'Bandar, Narayanganj', 'Dhaka', 'Narayanganj', '1410', 'profile_1582205901.jpg', '', '', '', '01951306685', '', '', '', '', '', '', '', '', 1, '18-03-2020 10:20:48', '07-03-2020 11:13:01', '103.142.68.70', 1, 0, '', '', '', '0,1,2', 1, '2020-02-18 06:28:31'),
(25, '120', 1, 'Azmia', 'Hoque Radhio', 'Radhio', 'radhio@softifybd.com', '$2y$12$0TN.dyOil9O8ELSxp5IRzO8h/kv0ZQTLjzbflkh2DUM5fr4nGheKe', '1998-11-14', 'Male', 0, 2, 4, 0, 20, 1, 2, '', '', 0, 0, '2019-07-27', '', '', '', 0, '0', '0', '0', '0', '0', '0', '0', '0', '0', '0', '0', '0', 'Bandar, Narayanganj', '', '', '', '', '', '', '', '01521435482', '', '', '', '', '', '', '', '', 1, '28-08-2020 10:17:06', '', '103.142.68.43', 1, 0, '', '', '', '0,1,2', 0, '2020-02-18 08:44:54'),
(26, '121', 1, 'Tarikul', 'Islam', 'tarikul', 'tarikul@softifybd.com', '$2y$12$l6F.C6Hf0wm8mBvbtaOmWO1z8EleLVroz2ixhpVFn5cY7w99BPgsG', '2021-09-23', 'Male', 0, 2, 4, 0, 25, 1, 2, '', '', 0, 0, '2020-09-16', '', '', '', 1, '22500', '0', '0', '0', '0', '0', '0', '0', '0', '0', '0', '0', '', '', '', '', '', '', '', '', '01688865731', '', '', '', '', '', '', '', '', 1, '', '', '', 0, 0, '', '', '', '0', 0, '2021-10-07 11:04:58');

-- --------------------------------------------------------

--
-- Table structure for table `xin_employee_bankaccount`
--

CREATE TABLE `xin_employee_bankaccount` (
  `bankaccount_id` int(111) NOT NULL,
  `employee_id` int(111) NOT NULL,
  `is_primary` int(11) NOT NULL,
  `account_title` varchar(255) NOT NULL,
  `account_number` varchar(255) NOT NULL,
  `bank_name` varchar(255) NOT NULL,
  `bank_code` varchar(255) NOT NULL,
  `bank_branch` mediumtext NOT NULL,
  `created_at` varchar(255) NOT NULL
) ENGINE=InnoDB DEFAULT CHARSET=utf8 COLLATE=utf8_general_ci;

--
-- Dumping data for table `xin_employee_bankaccount`
--

INSERT INTO `xin_employee_bankaccount` (`bankaccount_id`, `employee_id`, `is_primary`, `account_title`, `account_number`, `bank_name`, `bank_code`, `bank_branch`, `created_at`) VALUES
(1, 23, 0, 'Khaza Md Rakib Hosen', '20501790200695814', 'Islami Bank', '125270881', 'Bangshal', '18-02-2020'),
(2, 23, 0, 'Khaza Md Rakib Hosen', '04334005660', 'Bank Asia', '070271427', 'Donia', '18-02-2020'),
(3, 23, 0, 'Khaza Md Rakib Hosen', '5460081141707788', 'Eastern Bank', '095261188', 'Dhanmondi', '18-02-2020');

-- --------------------------------------------------------

--
-- Table structure for table `xin_employee_complaints`
--

CREATE TABLE `xin_employee_complaints` (
  `complaint_id` int(111) NOT NULL,
  `company_id` int(11) NOT NULL,
  `complaint_from` int(111) NOT NULL,
  `title` varchar(255) NOT NULL,
  `complaint_date` varchar(255) NOT NULL,
  `complaint_against` mediumtext NOT NULL,
  `description` mediumtext NOT NULL,
  `attachment` varchar(255) DEFAULT NULL,
  `status` tinyint(2) NOT NULL,
  `created_at` varchar(255) NOT NULL
) ENGINE=InnoDB DEFAULT CHARSET=utf8 COLLATE=utf8_general_ci;

-- --------------------------------------------------------

--
-- Table structure for table `xin_employee_contacts`
--

CREATE TABLE `xin_employee_contacts` (
  `contact_id` int(111) NOT NULL,
  `employee_id` int(111) NOT NULL,
  `relation` varchar(255) NOT NULL,
  `is_primary` int(111) NOT NULL,
  `is_dependent` int(111) NOT NULL,
  `contact_name` varchar(255) NOT NULL,
  `work_phone` varchar(255) NOT NULL,
  `work_phone_extension` varchar(255) NOT NULL,
  `mobile_phone` varchar(255) NOT NULL,
  `home_phone` varchar(255) NOT NULL,
  `work_email` varchar(255) NOT NULL,
  `personal_email` varchar(255) NOT NULL,
  `address_1` mediumtext NOT NULL,
  `address_2` mediumtext NOT NULL,
  `city` varchar(255) NOT NULL,
  `state` varchar(255) NOT NULL,
  `zipcode` varchar(255) NOT NULL,
  `country` varchar(255) NOT NULL,
  `created_at` varchar(255) NOT NULL
) ENGINE=InnoDB DEFAULT CHARSET=utf8 COLLATE=utf8_general_ci;

--
-- Dumping data for table `xin_employee_contacts`
--

INSERT INTO `xin_employee_contacts` (`contact_id`, `employee_id`, `relation`, `is_primary`, `is_dependent`, `contact_name`, `work_phone`, `work_phone_extension`, `mobile_phone`, `home_phone`, `work_email`, `personal_email`, `address_1`, `address_2`, `city`, `state`, `zipcode`, `country`, `created_at`) VALUES
(1, 23, 'Spouse', 1, 0, 'Asma Islam Promi', '', '', '01629437376', '', 'asmaislampromi@gmail.com', '', '', '', 'Lakshmipur', '', '3706', '18', '18-02-2020');

-- --------------------------------------------------------

--
-- Table structure for table `xin_employee_contract`
--

CREATE TABLE `xin_employee_contract` (
  `contract_id` int(111) NOT NULL,
  `employee_id` int(111) NOT NULL,
  `contract_type_id` int(111) NOT NULL,
  `from_date` varchar(255) NOT NULL,
  `designation_id` int(111) NOT NULL,
  `title` varchar(255) NOT NULL,
  `to_date` varchar(255) NOT NULL,
  `description` mediumtext NOT NULL,
  `created_at` varchar(255) NOT NULL
) ENGINE=InnoDB DEFAULT CHARSET=utf8 COLLATE=utf8_general_ci;

-- --------------------------------------------------------

--
-- Table structure for table `xin_employee_documents`
--

CREATE TABLE `xin_employee_documents` (
  `document_id` int(111) NOT NULL,
  `employee_id` int(111) NOT NULL,
  `document_type_id` int(111) NOT NULL,
  `date_of_expiry` varchar(255) NOT NULL,
  `title` varchar(255) NOT NULL,
  `notification_email` varchar(255) NOT NULL,
  `is_alert` tinyint(1) NOT NULL,
  `description` mediumtext NOT NULL,
  `document_file` varchar(255) NOT NULL,
  `created_at` varchar(255) NOT NULL
) ENGINE=InnoDB DEFAULT CHARSET=utf8 COLLATE=utf8_general_ci;

--
-- Dumping data for table `xin_employee_documents`
--

INSERT INTO `xin_employee_documents` (`document_id`, `employee_id`, `document_type_id`, `date_of_expiry`, `title`, `notification_email`, `is_alert`, `description`, `document_file`, `created_at`) VALUES
(1, 23, 2, '2028-04-22', 'NID', '', 2, '', 'document_1582045909.pdf', '18-02-2020');

-- --------------------------------------------------------

--
-- Table structure for table `xin_employee_exit`
--

CREATE TABLE `xin_employee_exit` (
  `exit_id` int(111) NOT NULL,
  `company_id` int(11) NOT NULL,
  `employee_id` int(111) NOT NULL,
  `exit_date` varchar(255) NOT NULL,
  `exit_type_id` int(111) NOT NULL,
  `exit_interview` int(111) NOT NULL,
  `is_inactivate_account` int(111) NOT NULL,
  `reason` mediumtext NOT NULL,
  `added_by` int(111) NOT NULL,
  `created_at` varchar(255) NOT NULL
) ENGINE=InnoDB DEFAULT CHARSET=utf8 COLLATE=utf8_general_ci;

-- --------------------------------------------------------

--
-- Table structure for table `xin_employee_exit_type`
--

CREATE TABLE `xin_employee_exit_type` (
  `exit_type_id` int(111) NOT NULL,
  `company_id` int(11) NOT NULL,
  `type` varchar(255) NOT NULL,
  `created_at` varchar(255) NOT NULL
) ENGINE=InnoDB DEFAULT CHARSET=utf8 COLLATE=utf8_general_ci;

--
-- Dumping data for table `xin_employee_exit_type`
--

INSERT INTO `xin_employee_exit_type` (`exit_type_id`, `company_id`, `type`, `created_at`) VALUES
(1, 1, 'Personal Reason', ''),
(2, 0, 'Company Need', '16-02-2020 01:09:07');

-- --------------------------------------------------------

--
-- Table structure for table `xin_employee_immigration`
--

CREATE TABLE `xin_employee_immigration` (
  `immigration_id` int(111) NOT NULL,
  `employee_id` int(111) NOT NULL,
  `document_type_id` int(111) NOT NULL,
  `document_number` varchar(255) NOT NULL,
  `document_file` varchar(255) NOT NULL,
  `issue_date` varchar(255) NOT NULL,
  `expiry_date` varchar(255) NOT NULL,
  `country_id` varchar(255) NOT NULL,
  `eligible_review_date` varchar(255) NOT NULL,
  `comments` mediumtext NOT NULL,
  `created_at` varchar(255) NOT NULL
) ENGINE=InnoDB DEFAULT CHARSET=utf8 COLLATE=utf8_general_ci;

-- --------------------------------------------------------

--
-- Table structure for table `xin_employee_leave`
--

CREATE TABLE `xin_employee_leave` (
  `leave_id` int(111) NOT NULL,
  `employee_id` int(111) NOT NULL,
  `contract_id` int(111) NOT NULL,
  `casual_leave` varchar(255) NOT NULL,
  `medical_leave` varchar(255) NOT NULL,
  `created_at` varchar(255) NOT NULL
) ENGINE=InnoDB DEFAULT CHARSET=utf8 COLLATE=utf8_general_ci;

-- --------------------------------------------------------

--
-- Table structure for table `xin_employee_location`
--

CREATE TABLE `xin_employee_location` (
  `office_location_id` int(111) NOT NULL,
  `employee_id` int(111) NOT NULL,
  `location_id` int(111) NOT NULL,
  `from_date` varchar(255) NOT NULL,
  `to_date` varchar(255) NOT NULL,
  `created_at` varchar(255) NOT NULL
) ENGINE=InnoDB DEFAULT CHARSET=utf8 COLLATE=utf8_general_ci;

-- --------------------------------------------------------

--
-- Table structure for table `xin_employee_promotions`
--

CREATE TABLE `xin_employee_promotions` (
  `promotion_id` int(111) NOT NULL,
  `company_id` int(11) NOT NULL,
  `employee_id` int(111) NOT NULL,
  `title` varchar(255) NOT NULL,
  `promotion_date` varchar(255) NOT NULL,
  `description` mediumtext NOT NULL,
  `added_by` int(111) NOT NULL,
  `created_at` varchar(255) NOT NULL
) ENGINE=InnoDB DEFAULT CHARSET=utf8 COLLATE=utf8_general_ci;

-- --------------------------------------------------------

--
-- Table structure for table `xin_employee_qualification`
--

CREATE TABLE `xin_employee_qualification` (
  `qualification_id` int(111) NOT NULL,
  `employee_id` int(111) NOT NULL,
  `name` varchar(255) NOT NULL,
  `education_level_id` int(111) NOT NULL,
  `from_year` varchar(255) NOT NULL,
  `language_id` int(111) NOT NULL,
  `to_year` varchar(255) NOT NULL,
  `skill_id` mediumtext NOT NULL,
  `description` mediumtext NOT NULL,
  `created_at` varchar(255) NOT NULL
) ENGINE=InnoDB DEFAULT CHARSET=utf8 COLLATE=utf8_general_ci;

--
-- Dumping data for table `xin_employee_qualification`
--

INSERT INTO `xin_employee_qualification` (`qualification_id`, `employee_id`, `name`, `education_level_id`, `from_year`, `language_id`, `to_year`, `skill_id`, `description`, `created_at`) VALUES
(2, 23, 'Birahimpur High School', 2, '2005-01-01', 2, '2010-01-31', '', '', '18-02-2020'),
(3, 23, 'Govt Shahid Suhrawardi College', 3, '2010-06-01', 1, '2012-03-31', '', '', '18-02-2020'),
(4, 23, 'Daffodil International University', 4, '2013-01-01', 1, '2016-12-31', '', '', '18-02-2020'),
(5, 23, 'Daffodil International University', 5, '2017-01-01', 1, '2017-12-31', '', '', '18-02-2020'),
(6, 23, 'Bangladesh Institute of Management', 6, '2018-01-01', 1, '2018-12-31', '', '', '18-02-2020');

-- --------------------------------------------------------

--
-- Table structure for table `xin_employee_resignations`
--

CREATE TABLE `xin_employee_resignations` (
  `resignation_id` int(111) NOT NULL,
  `company_id` int(11) NOT NULL,
  `designation_id` int(11) NOT NULL,
  `employee_id` int(111) NOT NULL,
  `notice_date` varchar(255) NOT NULL,
  `resignation_date` varchar(255) NOT NULL,
  `reason` mediumtext NOT NULL,
  `added_by` int(111) NOT NULL,
  `status` int(11) NOT NULL,
  `created_at` varchar(255) NOT NULL
) ENGINE=InnoDB DEFAULT CHARSET=utf8 COLLATE=utf8_general_ci;

-- --------------------------------------------------------

--
-- Table structure for table `xin_employee_security_level`
--

CREATE TABLE `xin_employee_security_level` (
  `security_level_id` int(11) NOT NULL,
  `employee_id` int(11) NOT NULL,
  `security_type` int(11) NOT NULL,
  `date_of_clearance` varchar(200) NOT NULL,
  `expiry_date` varchar(200) NOT NULL,
  `created_at` varchar(200) NOT NULL
) ENGINE=InnoDB DEFAULT CHARSET=latin1 COLLATE=latin1_swedish_ci;

-- --------------------------------------------------------

--
-- Table structure for table `xin_employee_shift`
--

CREATE TABLE `xin_employee_shift` (
  `emp_shift_id` int(111) NOT NULL,
  `employee_id` int(111) NOT NULL,
  `shift_id` int(111) NOT NULL,
  `from_date` varchar(255) NOT NULL,
  `to_date` varchar(255) NOT NULL,
  `created_at` varchar(255) NOT NULL
) ENGINE=InnoDB DEFAULT CHARSET=utf8 COLLATE=utf8_general_ci;

-- --------------------------------------------------------

--
-- Table structure for table `xin_employee_terminations`
--

CREATE TABLE `xin_employee_terminations` (
  `termination_id` int(111) NOT NULL,
  `company_id` int(11) NOT NULL,
  `employee_id` int(111) NOT NULL,
  `terminated_by` int(111) NOT NULL,
  `termination_type_id` int(111) NOT NULL,
  `termination_date` varchar(255) NOT NULL,
  `notice_date` varchar(255) NOT NULL,
  `description` mediumtext NOT NULL,
  `status` tinyint(2) NOT NULL,
  `attachment` varchar(255) DEFAULT NULL,
  `created_at` varchar(255) NOT NULL
) ENGINE=InnoDB DEFAULT CHARSET=utf8 COLLATE=utf8_general_ci;

-- --------------------------------------------------------

--
-- Table structure for table `xin_employee_transfer`
--

CREATE TABLE `xin_employee_transfer` (
  `transfer_id` int(111) NOT NULL,
  `company_id` int(11) NOT NULL,
  `employee_id` int(111) NOT NULL,
  `transfer_date` varchar(255) NOT NULL,
  `transfer_department` int(111) NOT NULL,
  `transfer_location` int(111) NOT NULL,
  `description` mediumtext NOT NULL,
  `status` tinyint(2) NOT NULL,
  `added_by` int(111) NOT NULL,
  `created_at` varchar(255) NOT NULL
) ENGINE=InnoDB DEFAULT CHARSET=utf8 COLLATE=utf8_general_ci;

-- --------------------------------------------------------

--
-- Table structure for table `xin_employee_travels`
--

CREATE TABLE `xin_employee_travels` (
  `travel_id` int(111) NOT NULL,
  `company_id` int(11) NOT NULL,
  `employee_id` int(111) NOT NULL,
  `start_date` varchar(255) NOT NULL,
  `end_date` varchar(255) NOT NULL,
  `visit_purpose` varchar(255) NOT NULL,
  `visit_place` varchar(255) NOT NULL,
  `travel_mode` int(111) DEFAULT NULL,
  `arrangement_type` int(111) DEFAULT NULL,
  `expected_budget` varchar(255) NOT NULL,
  `actual_budget` varchar(255) NOT NULL,
  `description` mediumtext NOT NULL,
  `status` tinyint(2) NOT NULL,
  `added_by` int(111) NOT NULL,
  `created_at` varchar(255) NOT NULL
) ENGINE=InnoDB DEFAULT CHARSET=utf8 COLLATE=utf8_general_ci;

-- --------------------------------------------------------

--
-- Table structure for table `xin_employee_warnings`
--

CREATE TABLE `xin_employee_warnings` (
  `warning_id` int(111) NOT NULL,
  `company_id` int(11) NOT NULL,
  `warning_to` int(111) NOT NULL,
  `warning_by` int(111) NOT NULL,
  `warning_date` varchar(255) NOT NULL,
  `warning_type_id` int(111) NOT NULL,
  `attachment` varchar(255) DEFAULT NULL,
  `subject` varchar(255) NOT NULL,
  `description` mediumtext NOT NULL,
  `status` tinyint(2) NOT NULL,
  `created_at` varchar(255) NOT NULL
) ENGINE=InnoDB DEFAULT CHARSET=utf8 COLLATE=utf8_general_ci;

--
-- Dumping data for table `xin_employee_warnings`
--

INSERT INTO `xin_employee_warnings` (`warning_id`, `company_id`, `warning_to`, `warning_by`, `warning_date`, `warning_type_id`, `attachment`, `subject`, `description`, `status`, `created_at`) VALUES
(1, 1, 6, 7, '2020-02-16', 1, '', 'Test', 'xyz', 1, '16-02-2020');

-- --------------------------------------------------------

--
-- Table structure for table `xin_employee_work_experience`
--

CREATE TABLE `xin_employee_work_experience` (
  `work_experience_id` int(111) NOT NULL,
  `employee_id` int(111) NOT NULL,
  `company_name` varchar(255) NOT NULL,
  `from_date` varchar(255) NOT NULL,
  `to_date` varchar(255) NOT NULL,
  `post` varchar(255) NOT NULL,
  `description` mediumtext NOT NULL,
  `created_at` varchar(255) NOT NULL
) ENGINE=InnoDB DEFAULT CHARSET=utf8 COLLATE=utf8_general_ci;

-- --------------------------------------------------------

--
-- Table structure for table `xin_ethnicity_type`
--

CREATE TABLE `xin_ethnicity_type` (
  `ethnicity_type_id` int(11) NOT NULL,
  `type` varchar(200) NOT NULL,
  `created_at` varchar(200) NOT NULL
) ENGINE=InnoDB DEFAULT CHARSET=latin1 COLLATE=latin1_swedish_ci;

--
-- Dumping data for table `xin_ethnicity_type`
--

INSERT INTO `xin_ethnicity_type` (`ethnicity_type_id`, `type`, `created_at`) VALUES
(1, 'Islam', '16-02-2020 12:47:43'),
(2, 'Hinduism', '16-02-2020 11:59:15'),
(3, 'Christianity', '16-02-2020 11:59:56');

-- --------------------------------------------------------

--
-- Table structure for table `xin_events`
--

CREATE TABLE `xin_events` (
  `event_id` int(11) NOT NULL,
  `company_id` int(11) NOT NULL,
  `employee_id` varchar(255) DEFAULT NULL,
  `event_title` varchar(255) NOT NULL,
  `event_date` varchar(255) NOT NULL,
  `event_time` varchar(255) NOT NULL,
  `event_note` mediumtext NOT NULL,
  `created_at` varchar(255) NOT NULL
) ENGINE=InnoDB DEFAULT CHARSET=utf8 COLLATE=utf8_general_ci;

-- --------------------------------------------------------

--
-- Table structure for table `xin_expenses`
--

CREATE TABLE `xin_expenses` (
  `expense_id` int(11) NOT NULL,
  `employee_id` int(200) NOT NULL,
  `company_id` int(11) NOT NULL,
  `expense_type_id` int(200) NOT NULL,
  `billcopy_file` mediumtext NOT NULL,
  `amount` varchar(200) NOT NULL,
  `purchase_date` varchar(200) NOT NULL,
  `remarks` mediumtext NOT NULL,
  `status` tinyint(1) NOT NULL DEFAULT 0,
  `status_remarks` mediumtext NOT NULL,
  `created_at` varchar(200) NOT NULL
) ENGINE=InnoDB DEFAULT CHARSET=utf8 COLLATE=utf8_general_ci;

-- --------------------------------------------------------

--
-- Table structure for table `xin_expense_type`
--

CREATE TABLE `xin_expense_type` (
  `expense_type_id` int(11) NOT NULL,
  `company_id` int(11) NOT NULL,
  `name` varchar(200) NOT NULL,
  `status` tinyint(1) NOT NULL DEFAULT 1,
  `created_at` varchar(200) NOT NULL
) ENGINE=InnoDB DEFAULT CHARSET=utf8 COLLATE=utf8_general_ci;

--
-- Dumping data for table `xin_expense_type`
--

INSERT INTO `xin_expense_type` (`expense_type_id`, `company_id`, `name`, `status`, `created_at`) VALUES
(1, 1, 'Transport', 1, '22-03-2018 01:17:42'),
(2, 1, 'Rent Expense', 1, '22-03-2018 01:17:48');

-- --------------------------------------------------------

--
-- Table structure for table `xin_file_manager`
--

CREATE TABLE `xin_file_manager` (
  `file_id` int(111) NOT NULL,
  `user_id` int(111) NOT NULL,
  `department_id` int(111) NOT NULL,
  `file_name` varchar(255) NOT NULL,
  `file_size` varchar(255) NOT NULL,
  `file_extension` varchar(255) NOT NULL,
  `created_at` varchar(255) NOT NULL
) ENGINE=InnoDB DEFAULT CHARSET=utf8 COLLATE=utf8_general_ci;

--
-- Dumping data for table `xin_file_manager`
--

INSERT INTO `xin_file_manager` (`file_id`, `user_id`, `department_id`, `file_name`, `file_size`, `file_extension`, `created_at`) VALUES
(2, 8, 4, 'AB NET Credentials.txt', '290', 'txt', '2020-02-18 05:24:27'),
(3, 8, 4, 'Adil Online Credentials.txt', '316', 'txt', '2020-02-18 05:25:11'),
(4, 8, 4, 'Bandhan Credentials.txt', '314', 'txt', '2020-02-18 05:25:45'),
(5, 8, 4, 'BDM Credentials.txt', '519', 'txt', '2020-02-18 05:26:05'),
(6, 8, 4, 'BKB Credentials.txt', '1150', 'txt', '2020-02-18 05:26:24'),
(7, 8, 4, 'D-BOX Credentials.txt', '779', 'txt', '2020-02-18 05:26:43'),
(8, 8, 4, 'DG Net Credentials.txt', '686', 'txt', '2020-02-18 05:27:00'),
(9, 8, 4, 'EP Net Credentails.txt', '731', 'txt', '2020-02-18 05:27:15'),
(10, 8, 4, 'Green-Net Credentials.txt', '260', 'txt', '2020-02-18 05:35:52'),
(11, 8, 4, 'I NET Credentials.txt', '305', 'txt', '2020-02-18 05:36:42'),
(12, 8, 4, 'Mirpur NET Credentials.txt', '310', 'txt', '2020-02-18 05:37:08'),
(13, 8, 4, 'PCB Credentials.txt', '558', 'txt', '2020-02-18 05:39:19'),
(14, 8, 4, 'Rainbow Network Credentials.txt', '219', 'txt', '2020-02-18 05:40:54'),
(15, 8, 4, 'Signature NET Credentials.txt', '478', 'txt', '2020-02-18 05:42:28'),
(16, 8, 4, 'SK NET City Credentials.txt', '321', 'txt', '2020-02-18 05:43:06'),
(17, 8, 4, 'SWIFT NET Credentials.txt', '290', 'txt', '2020-02-18 05:52:04'),
(18, 8, 4, 'WORLD TOUCH Credentials.txt', '324', 'txt', '2020-02-18 05:52:52'),
(19, 8, 4, 'Matuail BroadBand Credentials.txt', '361', 'txt', '2020-02-18 06:13:17'),
(20, 8, 4, 'Topon Credential.txt.txt', '313', 'txt', '2020-02-24 01:13:00'),
(21, 8, 4, 'BDM NOVA Credentials.txt.txt', '330', 'txt', '2020-02-24 02:01:14'),
(22, 8, 4, 'Green Net Credentials.txt.txt', '319', 'txt', '2020-03-13 04:57:29'),
(24, 8, 4, 'Pranta Online Credentials.txt.txt', '198', 'txt', '2020-03-18 02:56:37'),
(25, 8, 4, 'Salt Sync Credentials.txt.txt', '324', 'txt', '2020-03-18 05:36:49');

-- --------------------------------------------------------

--
-- Table structure for table `xin_file_manager_settings`
--

CREATE TABLE `xin_file_manager_settings` (
  `setting_id` int(111) NOT NULL,
  `allowed_extensions` mediumtext NOT NULL,
  `maximum_file_size` varchar(255) NOT NULL,
  `is_enable_all_files` varchar(255) NOT NULL,
  `updated_at` varchar(255) NOT NULL
) ENGINE=InnoDB DEFAULT CHARSET=utf8 COLLATE=utf8_general_ci;

--
-- Dumping data for table `xin_file_manager_settings`
--

INSERT INTO `xin_file_manager_settings` (`setting_id`, `allowed_extensions`, `maximum_file_size`, `is_enable_all_files`, `updated_at`) VALUES
(1, 'gif,png,pdf,txt,doc,docx,.zip', '50', 'yes', '2020-02-17 05:57:26');

-- --------------------------------------------------------

--
-- Table structure for table `xin_finance_bankcash`
--

CREATE TABLE `xin_finance_bankcash` (
  `bankcash_id` int(111) NOT NULL,
  `account_name` varchar(255) NOT NULL,
  `account_balance` varchar(255) NOT NULL,
  `account_opening_balance` varchar(200) NOT NULL,
  `account_number` varchar(255) NOT NULL,
  `branch_code` varchar(255) NOT NULL,
  `bank_branch` text NOT NULL,
  `created_at` varchar(255) NOT NULL
) ENGINE=InnoDB DEFAULT CHARSET=utf8 COLLATE=utf8_general_ci;

-- --------------------------------------------------------

--
-- Table structure for table `xin_finance_deposit`
--

CREATE TABLE `xin_finance_deposit` (
  `deposit_id` int(111) NOT NULL,
  `account_type_id` int(111) NOT NULL,
  `amount` varchar(255) NOT NULL,
  `deposit_date` varchar(255) NOT NULL,
  `category_id` int(111) NOT NULL,
  `payer_id` int(111) NOT NULL,
  `payment_method` int(111) NOT NULL,
  `deposit_reference` varchar(255) NOT NULL,
  `deposit_file` varchar(255) NOT NULL,
  `description` text NOT NULL,
  `created_at` varchar(255) NOT NULL
) ENGINE=InnoDB DEFAULT CHARSET=utf8 COLLATE=utf8_general_ci;

-- --------------------------------------------------------

--
-- Table structure for table `xin_finance_expense`
--

CREATE TABLE `xin_finance_expense` (
  `expense_id` int(111) NOT NULL,
  `account_type_id` int(111) NOT NULL,
  `amount` varchar(255) NOT NULL,
  `expense_date` varchar(255) NOT NULL,
  `category_id` int(111) NOT NULL,
  `payee_id` int(111) NOT NULL,
  `payment_method` int(111) NOT NULL,
  `expense_reference` varchar(255) NOT NULL,
  `expense_file` varchar(255) NOT NULL,
  `description` text NOT NULL,
  `created_at` varchar(255) NOT NULL
) ENGINE=InnoDB DEFAULT CHARSET=utf8 COLLATE=utf8_general_ci;

-- --------------------------------------------------------

--
-- Table structure for table `xin_finance_payees`
--

CREATE TABLE `xin_finance_payees` (
  `payee_id` int(11) NOT NULL,
  `payee_name` varchar(255) NOT NULL,
  `contact_number` varchar(255) NOT NULL,
  `created_at` varchar(255) NOT NULL
) ENGINE=InnoDB DEFAULT CHARSET=utf8 COLLATE=utf8_general_ci;

-- --------------------------------------------------------

--
-- Table structure for table `xin_finance_payers`
--

CREATE TABLE `xin_finance_payers` (
  `payer_id` int(11) NOT NULL,
  `payer_name` varchar(255) NOT NULL,
  `contact_number` varchar(255) NOT NULL,
  `created_at` varchar(255) NOT NULL
) ENGINE=InnoDB DEFAULT CHARSET=utf8 COLLATE=utf8_general_ci;

-- --------------------------------------------------------

--
-- Table structure for table `xin_finance_transaction`
--

CREATE TABLE `xin_finance_transaction` (
  `transaction_id` int(11) NOT NULL,
  `account_id` int(11) NOT NULL,
  `company_id` int(11) NOT NULL,
  `transaction_date` varchar(255) NOT NULL,
  `description` text NOT NULL,
  `amount` float NOT NULL,
  `transaction_type` varchar(100) NOT NULL,
  `dr_cr` enum('dr','cr') NOT NULL,
  `transaction_cat_id` int(11) NOT NULL,
  `payer_payee_id` int(11) NOT NULL,
  `payment_method_id` int(11) NOT NULL,
  `reference` varchar(100) NOT NULL,
  `invoice_id` int(11) DEFAULT NULL,
  `client_id` int(11) NOT NULL,
  `invoice_type` varchar(100) DEFAULT NULL,
  `attachment_file` varchar(100) DEFAULT NULL,
  `created_at` varchar(255) NOT NULL
) ENGINE=InnoDB DEFAULT CHARSET=latin1 COLLATE=latin1_swedish_ci;

--
-- Dumping data for table `xin_finance_transaction`
--

INSERT INTO `xin_finance_transaction` (`transaction_id`, `account_id`, `company_id`, `transaction_date`, `description`, `amount`, `transaction_type`, `dr_cr`, `transaction_cat_id`, `payer_payee_id`, `payment_method_id`, `reference`, `invoice_id`, `client_id`, `invoice_type`, `attachment_file`, `created_at`) VALUES
(3, 1, 0, '2020-02-23', 'Invoice Payments', 200000, 'income', 'cr', 0, 4, 3, 'Invoice Payments', 8, 4, NULL, NULL, '2020-02-23 14:03:03');

-- --------------------------------------------------------

--
-- Table structure for table `xin_finance_transactions`
--

CREATE TABLE `xin_finance_transactions` (
  `transaction_id` int(111) NOT NULL,
  `account_type_id` int(111) NOT NULL,
  `deposit_id` int(111) NOT NULL,
  `expense_id` int(111) NOT NULL,
  `transfer_id` int(111) NOT NULL,
  `transaction_type` varchar(255) NOT NULL,
  `total_amount` varchar(255) NOT NULL,
  `transaction_debit` varchar(255) NOT NULL,
  `transaction_credit` varchar(255) NOT NULL,
  `transaction_date` varchar(255) NOT NULL,
  `created_at` varchar(255) NOT NULL
) ENGINE=InnoDB DEFAULT CHARSET=utf8 COLLATE=utf8_general_ci;

-- --------------------------------------------------------

--
-- Table structure for table `xin_finance_transfer`
--

CREATE TABLE `xin_finance_transfer` (
  `transfer_id` int(111) NOT NULL,
  `from_account_id` int(111) NOT NULL,
  `to_account_id` int(111) NOT NULL,
  `transfer_date` varchar(255) NOT NULL,
  `transfer_amount` varchar(255) NOT NULL,
  `payment_method` varchar(111) NOT NULL,
  `transfer_reference` varchar(255) NOT NULL,
  `description` text NOT NULL,
  `created_at` varchar(255) NOT NULL
) ENGINE=InnoDB DEFAULT CHARSET=utf8 COLLATE=utf8_general_ci;

-- --------------------------------------------------------

--
-- Table structure for table `xin_goal_tracking`
--

CREATE TABLE `xin_goal_tracking` (
  `tracking_id` int(11) NOT NULL,
  `company_id` int(11) NOT NULL,
  `tracking_type_id` int(200) NOT NULL,
  `start_date` varchar(200) NOT NULL,
  `end_date` varchar(200) NOT NULL,
  `subject` varchar(255) NOT NULL,
  `target_achiement` varchar(255) NOT NULL,
  `description` mediumtext NOT NULL,
  `goal_progress` varchar(200) NOT NULL,
  `goal_status` int(11) NOT NULL DEFAULT 0,
  `created_at` varchar(200) NOT NULL
) ENGINE=InnoDB DEFAULT CHARSET=utf8 COLLATE=utf8_general_ci;

-- --------------------------------------------------------

--
-- Table structure for table `xin_goal_tracking_type`
--

CREATE TABLE `xin_goal_tracking_type` (
  `tracking_type_id` int(11) NOT NULL,
  `company_id` int(11) NOT NULL,
  `type_name` varchar(255) NOT NULL,
  `created_at` varchar(255) NOT NULL
) ENGINE=InnoDB DEFAULT CHARSET=utf8 COLLATE=utf8_general_ci;

--
-- Dumping data for table `xin_goal_tracking_type`
--

INSERT INTO `xin_goal_tracking_type` (`tracking_type_id`, `company_id`, `type_name`, `created_at`) VALUES
(1, 1, 'Invoice Goal', '31-08-2018 01:29:44'),
(4, 1, 'Event Goal', '31-08-2018 01:29:47');

-- --------------------------------------------------------

--
-- Table structure for table `xin_holidays`
--

CREATE TABLE `xin_holidays` (
  `holiday_id` int(11) NOT NULL,
  `company_id` int(11) NOT NULL,
  `event_name` varchar(200) NOT NULL,
  `description` mediumtext NOT NULL,
  `start_date` varchar(200) NOT NULL,
  `end_date` varchar(200) NOT NULL,
  `is_publish` tinyint(1) NOT NULL,
  `created_at` varchar(200) NOT NULL
) ENGINE=InnoDB DEFAULT CHARSET=utf8 COLLATE=utf8_general_ci;

--
-- Dumping data for table `xin_holidays`
--

INSERT INTO `xin_holidays` (`holiday_id`, `company_id`, `event_name`, `description`, `start_date`, `end_date`, `is_publish`, `created_at`) VALUES
(1, 1, 'International Mother Language Day', 'This is to notify that all activities of SoftifyBD will remain closed on 21 February 2020 (Friday) to observe International Mother Language Day and will reopen on 22 February 2020 (Saturday), after the holiday.', '2020-02-21', '2020-02-21', 1, '2020-02-18');

-- --------------------------------------------------------

--
-- Table structure for table `xin_hourly_templates`
--

CREATE TABLE `xin_hourly_templates` (
  `hourly_rate_id` int(111) NOT NULL,
  `company_id` int(11) NOT NULL,
  `hourly_grade` varchar(255) NOT NULL,
  `hourly_rate` varchar(255) NOT NULL,
  `added_by` int(111) NOT NULL,
  `created_at` varchar(255) NOT NULL
) ENGINE=InnoDB DEFAULT CHARSET=utf8 COLLATE=utf8_general_ci;

-- --------------------------------------------------------

--
-- Table structure for table `xin_hrsale_invoices`
--

CREATE TABLE `xin_hrsale_invoices` (
  `invoice_id` int(111) NOT NULL,
  `invoice_number` varchar(255) NOT NULL,
  `client_id` int(11) NOT NULL,
  `project_id` int(111) NOT NULL,
  `invoice_date` varchar(255) NOT NULL,
  `invoice_due_date` varchar(255) NOT NULL,
  `sub_total_amount` varchar(255) NOT NULL,
  `discount_type` varchar(11) NOT NULL,
  `discount_figure` varchar(255) NOT NULL,
  `total_tax` varchar(255) NOT NULL,
  `total_discount` varchar(255) NOT NULL,
  `grand_total` varchar(255) NOT NULL,
  `invoice_note` mediumtext NOT NULL,
  `name` varchar(200) NOT NULL DEFAULT 'null',
  `company_name` varchar(200) NOT NULL DEFAULT 'null',
  `client_profile` varchar(200) NOT NULL DEFAULT 'null',
  `email` varchar(200) NOT NULL DEFAULT 'null',
  `contact_number` varchar(200) NOT NULL DEFAULT 'null',
  `website_url` varchar(200) NOT NULL DEFAULT 'null',
  `address_1` text NOT NULL,
  `address_2` text NOT NULL,
  `city` varchar(200) NOT NULL DEFAULT 'null',
  `state` varchar(200) NOT NULL DEFAULT 'null',
  `zipcode` varchar(200) NOT NULL DEFAULT 'null',
  `countryid` int(11) NOT NULL DEFAULT 0,
  `status` tinyint(1) NOT NULL,
  `created_at` varchar(255) NOT NULL
) ENGINE=InnoDB DEFAULT CHARSET=utf8 COLLATE=utf8_general_ci;

--
-- Dumping data for table `xin_hrsale_invoices`
--

INSERT INTO `xin_hrsale_invoices` (`invoice_id`, `invoice_number`, `client_id`, `project_id`, `invoice_date`, `invoice_due_date`, `sub_total_amount`, `discount_type`, `discount_figure`, `total_tax`, `total_discount`, `grand_total`, `invoice_note`, `name`, `company_name`, `client_profile`, `email`, `contact_number`, `website_url`, `address_1`, `address_2`, `city`, `state`, `zipcode`, `countryid`, `status`, `created_at`) VALUES
(8, 'INV-0001', 4, 9, '2020-02-17', '2020-02-25', '220000.00', '1', '20000', '0.00', '20000', '200000.00', '', 'Shohel Rana', 'Skyview Online Ltd', '', 'admin@skyviewonlineltd.com', '01678555913', 'skyviewonlineltd.com', '153/1, North Jatrabari', 'Shahid Faruque Road', 'Dhaka', 'Dhaka ', '1200', 18, 1, '17-02-2020 13:14:26'),
(9, 'INV-0009', 5, 10, '2020-02-17', '2020-02-25', '27059.00', '1', '559', '0.00', '559', '26500.00', '', ' (MD RAISUL ISLAM)', '', '', 'info.ayojon@gmail.com', '+8801823181616', 'www.ayojon.online', 'Shop No-53, Level-4, , Al-Modina Tower,', 'Mograpara Chowrasta, Sonargaon', 'Narayanganj', 'Dhaka', '1400', 18, 0, '17-02-2020 15:57:10');

-- --------------------------------------------------------

--
-- Table structure for table `xin_hrsale_invoices_items`
--

CREATE TABLE `xin_hrsale_invoices_items` (
  `invoice_item_id` int(111) NOT NULL,
  `invoice_id` int(111) NOT NULL,
  `project_id` int(111) NOT NULL,
  `item_name` varchar(255) NOT NULL,
  `item_tax_type` varchar(255) NOT NULL,
  `item_tax_rate` varchar(255) NOT NULL,
  `item_qty` varchar(255) NOT NULL,
  `item_unit_price` varchar(255) NOT NULL,
  `item_sub_total` varchar(255) NOT NULL,
  `sub_total_amount` varchar(255) NOT NULL,
  `total_tax` varchar(255) NOT NULL,
  `discount_type` int(11) NOT NULL,
  `discount_figure` varchar(255) NOT NULL,
  `total_discount` varchar(255) NOT NULL,
  `grand_total` varchar(255) NOT NULL,
  `created_at` varchar(255) NOT NULL
) ENGINE=InnoDB DEFAULT CHARSET=utf8 COLLATE=utf8_general_ci;

--
-- Dumping data for table `xin_hrsale_invoices_items`
--

INSERT INTO `xin_hrsale_invoices_items` (`invoice_item_id`, `invoice_id`, `project_id`, `item_name`, `item_tax_type`, `item_tax_rate`, `item_qty`, `item_unit_price`, `item_sub_total`, `sub_total_amount`, `total_tax`, `discount_type`, `discount_figure`, `total_discount`, `grand_total`, `created_at`) VALUES
(8, 8, 9, 'ISP Digital (ISP Billing & managment Software)', '1', '0', '1', '200000', '200000.00', '220000.00', '0.00', 1, '20000', '20000', '200000.00', '17-02-2020 13:14:26'),
(9, 8, 9, 'ISP Booster', '1', '0', '1', '20000', '20000.00', '220000.00', '0.00', 1, '20000', '20000', '200000.00', '17-02-2020 13:14:26'),
(10, 9, 10, 'Dynamic Web Site', '1', '0', '1', '25000', '25000.00', '27059.00', '0.00', 1, '559', '559', '26500.00', '17-02-2020 15:57:10'),
(11, 9, 10, 'Domain (www.ayojon.online) - Renewable - 3423/=', '1', '0', '1', '559', '559.00', '27059.00', '0.00', 1, '559', '559', '26500.00', '17-02-2020 15:57:10'),
(12, 9, 10, 'Hosting - 1GB - Renewable ', '1', '0', '1', '1500', '1500.00', '27059.00', '0.00', 1, '559', '559', '26500.00', '17-02-2020 15:57:10');

-- --------------------------------------------------------

--
-- Table structure for table `xin_hrsale_module_attributes`
--

CREATE TABLE `xin_hrsale_module_attributes` (
  `custom_field_id` int(11) NOT NULL,
  `module_id` int(11) NOT NULL,
  `attribute` varchar(255) NOT NULL,
  `attribute_label` varchar(255) NOT NULL,
  `attribute_type` varchar(255) NOT NULL,
  `validation` int(11) NOT NULL,
  `priority` int(11) NOT NULL,
  `created_at` varchar(255) NOT NULL
) ENGINE=InnoDB DEFAULT CHARSET=latin1 COLLATE=latin1_swedish_ci;

-- --------------------------------------------------------

--
-- Table structure for table `xin_hrsale_module_attributes_select_value`
--

CREATE TABLE `xin_hrsale_module_attributes_select_value` (
  `attributes_select_value_id` int(11) NOT NULL,
  `custom_field_id` int(11) NOT NULL,
  `select_label` varchar(255) NOT NULL
) ENGINE=InnoDB DEFAULT CHARSET=latin1 COLLATE=latin1_swedish_ci;

-- --------------------------------------------------------

--
-- Table structure for table `xin_hrsale_module_attributes_values`
--

CREATE TABLE `xin_hrsale_module_attributes_values` (
  `attributes_value_id` int(11) NOT NULL,
  `user_id` int(11) NOT NULL,
  `module_attributes_id` int(11) NOT NULL,
  `attribute_value` text NOT NULL,
  `created_at` varchar(200) NOT NULL
) ENGINE=InnoDB DEFAULT CHARSET=latin1 COLLATE=latin1_swedish_ci;

-- --------------------------------------------------------

--
-- Table structure for table `xin_hrsale_quotes`
--

CREATE TABLE `xin_hrsale_quotes` (
  `quote_id` int(111) NOT NULL,
  `quote_number` varchar(255) NOT NULL,
  `project_id` int(11) NOT NULL,
  `company_id` int(11) NOT NULL,
  `quote_date` varchar(255) NOT NULL,
  `quote_due_date` varchar(255) NOT NULL,
  `client_id` int(11) NOT NULL,
  `sub_total_amount` varchar(255) NOT NULL,
  `discount_type` varchar(11) NOT NULL,
  `discount_figure` varchar(255) NOT NULL,
  `total_tax` varchar(255) NOT NULL,
  `tax_type` varchar(100) NOT NULL,
  `tax_figure` varchar(255) NOT NULL,
  `total_discount` varchar(255) NOT NULL,
  `quote_type` varchar(100) NOT NULL,
  `grand_total` varchar(255) NOT NULL,
  `quote_note` mediumtext NOT NULL,
  `name` varchar(200) NOT NULL,
  `company_name` varchar(200) NOT NULL,
  `client_profile` varchar(200) NOT NULL,
  `email` varchar(200) NOT NULL,
  `contact_number` varchar(200) NOT NULL,
  `website_url` varchar(200) NOT NULL,
  `address_1` text NOT NULL,
  `address_2` text NOT NULL,
  `city` varchar(200) NOT NULL,
  `state` varchar(200) NOT NULL,
  `zipcode` varchar(200) NOT NULL,
  `countryid` int(11) NOT NULL,
  `status` tinyint(1) NOT NULL,
  `created_at` varchar(255) NOT NULL
) ENGINE=InnoDB DEFAULT CHARSET=utf8 COLLATE=utf8_general_ci;

-- --------------------------------------------------------

--
-- Table structure for table `xin_hrsale_quotes_items`
--

CREATE TABLE `xin_hrsale_quotes_items` (
  `quote_item_id` int(111) NOT NULL,
  `quote_id` int(111) NOT NULL,
  `project_id` int(11) NOT NULL,
  `item_name` varchar(255) NOT NULL,
  `item_tax_type` varchar(255) NOT NULL,
  `item_tax_rate` varchar(255) NOT NULL,
  `item_qty` varchar(255) NOT NULL,
  `item_unit_price` varchar(255) NOT NULL,
  `item_sub_total` varchar(255) NOT NULL,
  `sub_total_amount` varchar(255) NOT NULL,
  `total_tax` varchar(255) NOT NULL,
  `tax_type` int(11) NOT NULL,
  `tax_figure` varchar(200) NOT NULL,
  `discount_type` int(11) NOT NULL,
  `discount_figure` varchar(255) NOT NULL,
  `total_discount` varchar(255) NOT NULL,
  `grand_total` varchar(255) NOT NULL,
  `created_at` varchar(255) NOT NULL
) ENGINE=InnoDB DEFAULT CHARSET=utf8 COLLATE=utf8_general_ci;

-- --------------------------------------------------------

--
-- Table structure for table `xin_income_categories`
--

CREATE TABLE `xin_income_categories` (
  `category_id` int(11) NOT NULL,
  `name` varchar(200) NOT NULL,
  `status` tinyint(1) NOT NULL DEFAULT 1,
  `created_at` varchar(200) NOT NULL
) ENGINE=InnoDB DEFAULT CHARSET=utf8 COLLATE=utf8_general_ci;

--
-- Dumping data for table `xin_income_categories`
--

INSERT INTO `xin_income_categories` (`category_id`, `name`, `status`, `created_at`) VALUES
(4, 'Interest Income', 1, '25-03-2018 09:36:53'),
(5, 'Part Time Work', 1, '25-03-2018 09:37:13'),
(7, 'Salary Income', 1, '17-02-2020 12:21:18'),
(8, 'Bonus Income', 1, '17-02-2020 12:21:50'),
(9, 'Award Income', 1, '17-02-2020 12:23:13');

-- --------------------------------------------------------

--
-- Table structure for table `xin_jobs`
--

CREATE TABLE `xin_jobs` (
  `job_id` int(11) NOT NULL,
  `employer_id` int(11) NOT NULL,
  `category_id` int(11) NOT NULL,
  `company_id` int(11) NOT NULL,
  `job_title` varchar(255) NOT NULL,
  `designation_id` int(111) NOT NULL,
  `job_url` varchar(255) NOT NULL,
  `job_type` int(225) NOT NULL,
  `category_url` varchar(255) NOT NULL,
  `is_featured` int(11) NOT NULL,
  `type_url` varchar(255) NOT NULL,
  `job_vacancy` int(100) NOT NULL,
  `gender` varchar(100) NOT NULL,
  `minimum_experience` varchar(255) NOT NULL,
  `date_of_closing` varchar(200) NOT NULL,
  `short_description` mediumtext NOT NULL,
  `long_description` mediumtext NOT NULL,
  `status` int(11) NOT NULL,
  `created_at` varchar(255) NOT NULL
) ENGINE=InnoDB DEFAULT CHARSET=utf8 COLLATE=utf8_general_ci;

-- --------------------------------------------------------

--
-- Table structure for table `xin_job_applications`
--

CREATE TABLE `xin_job_applications` (
  `application_id` int(111) NOT NULL,
  `job_id` int(111) NOT NULL,
  `full_name` varchar(255) NOT NULL,
  `email` varchar(255) NOT NULL,
  `user_id` int(111) NOT NULL,
  `message` mediumtext NOT NULL,
  `job_resume` mediumtext NOT NULL,
  `application_status` int(11) NOT NULL DEFAULT 0,
  `application_remarks` mediumtext NOT NULL,
  `created_at` varchar(200) NOT NULL
) ENGINE=InnoDB DEFAULT CHARSET=utf8 COLLATE=utf8_general_ci;

-- --------------------------------------------------------

--
-- Table structure for table `xin_job_categories`
--

CREATE TABLE `xin_job_categories` (
  `category_id` int(11) NOT NULL,
  `category_name` varchar(255) NOT NULL,
  `category_url` varchar(255) NOT NULL,
  `created_at` varchar(255) NOT NULL
) ENGINE=InnoDB DEFAULT CHARSET=utf8 COLLATE=utf8_general_ci;

--
-- Dumping data for table `xin_job_categories`
--

INSERT INTO `xin_job_categories` (`category_id`, `category_name`, `category_url`, `created_at`) VALUES
(1, 'PHP', 'q7VJh5xWwr56ycN0mAou4266iOY8l1BbMd6H2D3rkFnjU9LgC', '2018-04-15'),
(2, 'Android', 'q7VJh5xWwr56ycN0m34Aou4266iOY8l1BbMd6H2D3rkFnjU9LgC', '2018-04-15'),
(3, 'WordPress', 'q2327VJh5xWwr56ycN0mAou4266iOY8l1BbMd6H2D3rkFnjU9LgC', '2018-04-15'),
(4, 'Design', '0oplfq7VJh5xWwr56ycN0mAou4266iOY8l1BbMd6H2D3rkFnjU9LgC', '2018-04-15'),
(5, 'Developer', '34e6zyr56ycN0mAou4266iOY8l1BbMd6H2D3rkFnjU9LgC', '2018-04-15'),
(6, 'iOS', 'l1BbMd6H2D3rkFnjU9LgCq7VJh5xWwr56ycN0mAou4266iOY8', '2018-04-15'),
(7, 'Mobile', 'l1BbMd6H2D3rkFnjU9LgCH2D3rkFnjU9BbMd6H2D3r', '2018-04-15'),
(8, 'MySQL', '2D3rkFnjU9LgCq7VJh5xWwl1BbMd6H2D3rkFnjU9LgCq7VJh5xWwr56ycN0mAou4266iOY8', '2018-04-15'),
(9, 'JavaScript', 'gCq7VJh5xWwl1BbMd6H2D3rkFnjU9LgCq7VJh5xWwl1BbMd6H2D3rkFnjU9LgCq7VJh5xWwr56ycN0mAou4266iOY8', '2018-04-15'),
(10, 'Software', 'zyr56ycN0mAou42634e6zyr56ycN0mAou4266iOY8l1BbMd6H2D3rkFnjU9LgC', '2018-04-15'),
(11, 'Website Design', '6iOY8l1BbMd6H2D3rkFnjU9LgCzyr56ycN0mAou42634e6zyr56ycN0mAou426', '2018-04-15'),
(12, 'Programming', 'jU9LgCzyr56ycN0mAou4266iOY8l1BbMd6H2D3rkFn34e6zyr56ycN0mAou426', '2018-04-15'),
(13, 'SEO', 'cN0mAou4266iOY8l1Bq2327VJh5xWwr56ybMd6H2D3rkFnjU9LgC', '2018-04-15'),
(14, 'Java', 'VJh5xWwr56ybMd6H2DcN0mAou4266iOY8l1Bq23273rkFnjU9LgC', '2018-04-15'),
(15, 'CSS', 'VJh5xWwr56ybMd6H2Dsdfkkj58234ksklEr6ybMd6H2D', '2018-04-15'),
(16, 'HTML5', '0349324k0434r23ksodfkpsodkfposakfkpww3MsH2Dei30ks', '2018-04-15'),
(17, 'Web Development', 'sdfj0rkskfskdfj329FLE34LFMsH2Dei30ks0349324k0434', '2018-04-15'),
(18, 'Web Design', 'MsH2Deiee30ks0349324k0434klEr6ybMd6234b5ksddif0k33', '2018-04-15'),
(19, 'eCommerce', 'klEr6ybMd6234bMsH2Dei30ks0349324k04345ksddif0k33', '2018-04-15'),
(20, 'Design', '234bMsklEr6ybMd6H2Dssdk5yy98ooVJh5xWwr56y435gghhole93lfkkj58', '2018-04-15'),
(21, 'Logo Design', 'k5yy98ooVJh5xWw45456y435gghhole93lfkkj58234bMsklEr6ybMd6H2D', '2018-04-15'),
(22, 'Graphic Design', 'k5yy98ooVJh5xWwr56y435gghhole93lfkkj58234bMsklEr6ybMd6H2D', '2018-04-15'),
(23, 'Video', 'k98ooVJh5xWwr56y435gghhole93lfkkj58234bMsklEr6ybMd6H2D', '2018-04-15'),
(24, 'Animation', 'ole93lfkkj58234k98ooVJh5xWwr56ybMsklEr6ybMd6H2D', '2018-04-15'),
(25, 'Adobe Photoshop', 'd6H2Dsdfkkj58234k98ooVJh5xWwr56ybMsklEr6ybMd6H2D', '2018-04-15'),
(26, 'Illustration', 'xWwr56ybMd6H2DcN0mA3405kfVJh5ou4266iOY8l1Bq23273rkFnjU9LgC', '2018-04-15'),
(27, 'Art', '3405kfVJh5ou4266iOY8l1Bq23273rk3ok3xWwr56ybMd6H2DcN0mAFnjU9LgC', '2018-04-15'),
(28, '3D', 'Md6H2DcN0mAFnjU9LfVJh5ou4266iOY8l1Bq23273rk3ok3xWwr56ybgC', '2018-04-15'),
(29, 'Adobe Illustrator', '5ou4266iOY8l1Bq23273rkMd6H2DcN0mAFnjU9LfVJh3ok3xWwr56ybgCww', '2018-04-15'),
(30, 'Drawing', '6iOY8l1Bq23273rk0234KILR23492034ksfpd456yslfdsf5ou426', '2018-04-15'),
(31, 'Web Design', '3l34l432fo232l3223DhssdfRKLl5434lsdfl3l3sfs3lllblp23D', '2018-04-15'),
(32, 'Cartoon', 'sdfowerewl567lflsdfl3l3sf3l34l432fo232l3223Dhs3lllblp23D', '2018-04-15'),
(33, 'Graphics', '3232l32hsfo23lllblp23D9LfVJkfo394s5ou42at5sd20cNsolof3llsblp23DcN', '2018-04-15'),
(34, 'Fashion Design', '9LfVJkfo394s5ou42at5sd203232l32hsfo23lllblp23DcNsolof3llsblp23DcN', '2018-04-15'),
(35, 'WordPress', 'hsfo23lllblp23DcNsolof3llsblp23DcN9LfVJkfo394s5ou42', '2018-04-15'),
(36, 'Editing', 'lof3llsblp23DcN9LfVJhsfo23lllblp23DcNsokfo394s5ou42', '2018-04-15'),
(37, 'Writing', 'blp23DcNsokfo394slof3llsblp23DcN9LfVJh5ou42', '2018-04-15'),
(38, 'T-Shirt Design', '9LfVJh5ou42blp23DcNsdf329LfVJh5ou42bsokjfwpoek0mAFnjU', '2018-04-15'),
(39, 'Display Advertising', '9LfVJh5ou42bsokjfwpoek9LfVJh5ou42blp23DcN0mAFnjU', '2018-04-15'),
(40, 'Email Marketing', 'DcN0mAFnjU9LfVJh5ou42bs66iOY8l1Bq23273rk3ok3xWwr56yMd6H2gC', '2018-04-15'),
(41, 'Lead Generation', '66iOY8l1Bq23273rk3ok3xWwr56yMd6H2DcN0mAFnjU9LfVJh5ou42bgC', '2018-04-15'),
(42, 'Market & Customer Research', 'Aou42Eou42iOY800Ke3klAou42066iOY800fklAou42', '2018-04-15'),
(43, 'Marketing Strategy', 'EKe3000fklAou4266iOY8l1kkadwlsdfk20323rlsKh4KadlLL', '2018-04-15'),
(44, 'Public Relations', 'l1kkadwlsdfk20323rlsKh4KadlLLEKe3000fklAou4266iOY8', '2018-04-15'),
(45, 'Telemarketing & Telesales', 'fklAou4266iOY8l1kkadwlsfBf329k3249owe923ksd324odLL2DcN0m', '2018-04-15'),
(46, 'Other - Sales & Marketing', 'Bf329k3249owe923ksd324odfklAou4266iOY8l1kkadwlLL2DcN0m', '2018-04-15'),
(47, 'SEM - Search Engine Marketing', 'Aou4266iOY8l1Bf329k3249owe923ksdkkadwlLL2DcN0m', '2018-04-15'),
(48, 'SEO - Search Engine Optimization', 'rk0234KILR23492034ksfpd456y6iOY8l1Bq23273slfdsf5ou426', '2018-04-15'),
(49, 'SMM - Social Media Marketing', '2DcN0mAou4266iOY8l1BVJh5xWwr56ybMd6Hq23273rkFnjU9LgC', '2018-04-15');

-- --------------------------------------------------------

--
-- Table structure for table `xin_job_interviews`
--

CREATE TABLE `xin_job_interviews` (
  `job_interview_id` int(111) NOT NULL,
  `job_id` int(111) NOT NULL,
  `interviewers_id` varchar(255) NOT NULL,
  `interview_place` varchar(255) NOT NULL,
  `interview_date` varchar(255) NOT NULL,
  `interview_time` varchar(255) NOT NULL,
  `interviewees_id` varchar(255) NOT NULL,
  `description` mediumtext NOT NULL,
  `added_by` int(111) NOT NULL,
  `created_at` varchar(255) NOT NULL
) ENGINE=InnoDB DEFAULT CHARSET=utf8 COLLATE=utf8_general_ci;

-- --------------------------------------------------------

--
-- Table structure for table `xin_job_pages`
--

CREATE TABLE `xin_job_pages` (
  `page_id` int(11) NOT NULL,
  `page_title` varchar(255) NOT NULL,
  `page_url` varchar(255) NOT NULL,
  `page_details` text NOT NULL,
  `created_at` varchar(255) NOT NULL
) ENGINE=InnoDB DEFAULT CHARSET=utf8 COLLATE=utf8_general_ci;

--
-- Dumping data for table `xin_job_pages`
--

INSERT INTO `xin_job_pages` (`page_id`, `page_title`, `page_url`, `page_details`, `created_at`) VALUES
(1, 'About Us', 'xl9wkRy7tqOehBo6YCDjFG2JTucpKI4gMNsn8Zdf', 'About Ussss', '2018-04-15'),
(2, 'Communications', '5uk4EUc3V9FYTbBQz7PWgKM6qCajfAipvhOJnZHl', 'Communications', '2018-04-15'),
(3, 'Lending Licenses', '5r6OCsUoHQFiRwI17W0eT38jbvpxEGuLhzgmt9lZ', 'Lending Licenses', '2018-04-15'),
(4, 'Terms of Service', 'QrfbMOUWpdYNxjLFz8G1m6t3wi0X2RKEZVC9ySka', 'Terms of Service', '2018-04-15'),
(5, 'Privacy Policy', 'rjHKhmsNezT2OJBAoQq0yU1tL5F34MCwgIiZEc7x', 'Privacy Policy', '2018-04-15'),
(6, 'Support', 'gZbBVMxnfzYLlC2AOk609Q7yWpaSjmJHuRXosr58', 'Support', '2018-04-15'),
(7, 'How It Works', 'l1BbMd6H2D3rkFnjU9LgCH2D3rkFnjU9BbMd6H2D3r', 'How It Works', '2018-04-15'),
(8, 'Disclaimers', 'CTbzS9IrWkNU7VM3HGZYjp6iwmfyXDOQgtsP8FEc', 'Disclaimers', '2018-04-15');

-- --------------------------------------------------------

--
-- Table structure for table `xin_job_type`
--

CREATE TABLE `xin_job_type` (
  `job_type_id` int(111) NOT NULL,
  `company_id` int(11) NOT NULL,
  `type` varchar(255) NOT NULL,
  `type_url` varchar(255) NOT NULL,
  `created_at` varchar(255) NOT NULL
) ENGINE=InnoDB DEFAULT CHARSET=utf8 COLLATE=utf8_general_ci;

--
-- Dumping data for table `xin_job_type`
--

INSERT INTO `xin_job_type` (`job_type_id`, `company_id`, `type`, `type_url`, `created_at`) VALUES
(1, 1, 'Full Time', 'full-time', '22-03-2018 02:18:48'),
(2, 1, 'Part Time', 'part-time', '16-04-2018 06:29:45'),
(3, 1, 'Internship', 'internship', '16-04-2018 06:30:06'),
(4, 1, 'Freelance', 'freelance', '16-04-2018 06:30:21'),
(5, 1, 'Remotely', 'VTSh07Wjatq1Ex2Ac9sNuyzZmiIODlvwRenfPMUY', '16-02-2020 01:01:09');

-- --------------------------------------------------------

--
-- Table structure for table `xin_kpi_incidental`
--

CREATE TABLE `xin_kpi_incidental` (
  `id` int(11) NOT NULL,
  `user_id` int(11) NOT NULL,
  `incidental_kpi` text NOT NULL,
  `targeted_date` varchar(200) NOT NULL,
  `status` int(11) NOT NULL,
  `quarter` int(11) NOT NULL,
  `result` varchar(200) NOT NULL,
  `feedback` text NOT NULL,
  `year_created` varchar(200) NOT NULL,
  `created_at` varchar(200) NOT NULL,
  `updated_at` varchar(200) NOT NULL
) ENGINE=InnoDB DEFAULT CHARSET=latin1 COLLATE=latin1_swedish_ci;

-- --------------------------------------------------------

--
-- Table structure for table `xin_kpi_maingoals`
--

CREATE TABLE `xin_kpi_maingoals` (
  `id` int(11) NOT NULL,
  `user_id` int(11) NOT NULL,
  `main_kpi` varchar(255) NOT NULL,
  `year_created` varchar(200) NOT NULL,
  `status` varchar(100) NOT NULL,
  `approve_status` varchar(100) NOT NULL,
  `q1` varchar(100) NOT NULL,
  `q2` varchar(100) NOT NULL,
  `q3` varchar(100) NOT NULL,
  `q4` varchar(100) NOT NULL,
  `feedback` varchar(255) NOT NULL,
  `created_at` varchar(200) NOT NULL,
  `updated_at` varchar(200) NOT NULL
) ENGINE=InnoDB DEFAULT CHARSET=latin1 COLLATE=latin1_swedish_ci;

-- --------------------------------------------------------

--
-- Table structure for table `xin_kpi_variable`
--

CREATE TABLE `xin_kpi_variable` (
  `id` int(11) NOT NULL,
  `user_id` int(11) NOT NULL,
  `variable_kpi` varchar(200) NOT NULL,
  `targeted_date` varchar(200) NOT NULL,
  `result` varchar(255) NOT NULL,
  `status` int(11) NOT NULL,
  `approve_status` varchar(200) NOT NULL,
  `feedback` text NOT NULL,
  `quarter` varchar(200) NOT NULL,
  `year_created` varchar(200) NOT NULL,
  `created_at` varchar(200) NOT NULL,
  `updated_at` varchar(200) NOT NULL
) ENGINE=InnoDB DEFAULT CHARSET=latin1 COLLATE=latin1_swedish_ci;

-- --------------------------------------------------------

--
-- Table structure for table `xin_languages`
--

CREATE TABLE `xin_languages` (
  `language_id` int(111) NOT NULL,
  `language_name` varchar(255) NOT NULL,
  `language_code` varchar(255) NOT NULL,
  `language_flag` varchar(255) NOT NULL,
  `is_active` int(11) NOT NULL,
  `created_at` varchar(255) NOT NULL
) ENGINE=InnoDB DEFAULT CHARSET=utf8 COLLATE=utf8_general_ci;

--
-- Dumping data for table `xin_languages`
--

INSERT INTO `xin_languages` (`language_id`, `language_name`, `language_code`, `language_flag`, `is_active`, `created_at`) VALUES
(1, 'English', 'english', 'language_flag_1520564355.gif', 1, '');

-- --------------------------------------------------------

--
-- Table structure for table `xin_leads`
--

CREATE TABLE `xin_leads` (
  `client_id` int(111) NOT NULL,
  `name` varchar(255) NOT NULL,
  `email` varchar(255) NOT NULL,
  `client_username` varchar(255) NOT NULL,
  `client_password` varchar(255) NOT NULL,
  `client_profile` varchar(255) NOT NULL,
  `contact_number` varchar(255) NOT NULL,
  `company_name` varchar(255) NOT NULL,
  `is_changed` int(11) NOT NULL,
  `gender` varchar(200) NOT NULL,
  `website_url` varchar(255) NOT NULL,
  `address_1` mediumtext NOT NULL,
  `address_2` mediumtext NOT NULL,
  `city` varchar(255) NOT NULL,
  `state` varchar(255) NOT NULL,
  `zipcode` varchar(255) NOT NULL,
  `country` int(111) NOT NULL,
  `is_active` int(11) NOT NULL,
  `last_logout_date` varchar(255) NOT NULL,
  `last_login_date` varchar(255) NOT NULL,
  `last_login_ip` varchar(255) NOT NULL,
  `is_logged_in` int(11) NOT NULL,
  `created_at` varchar(255) NOT NULL
) ENGINE=InnoDB DEFAULT CHARSET=utf8 COLLATE=utf8_general_ci;

--
-- Dumping data for table `xin_leads`
--

INSERT INTO `xin_leads` (`client_id`, `name`, `email`, `client_username`, `client_password`, `client_profile`, `contact_number`, `company_name`, `is_changed`, `gender`, `website_url`, `address_1`, `address_2`, `city`, `state`, `zipcode`, `country`, `is_active`, `last_logout_date`, `last_login_date`, `last_login_ip`, `is_logged_in`, `created_at`) VALUES
(1, 'Shourav', 'robiul.techman@gmail.com', '', '$2y$12$fKvt73.42B.uwyEwTEbRsubE3jBnRfx79IeY6dnNxfXsVC05UazSa', '', '01844991699', 'Search IT', 0, '', '', 'Sreemangal', 'Sreemangal', 'Sreemangal', 'Sylhet', '', 18, 1, '', '', '', 0, '2020-02-16 14:14:38');

-- --------------------------------------------------------

--
-- Table structure for table `xin_leave_applications`
--

CREATE TABLE `xin_leave_applications` (
  `leave_id` int(11) NOT NULL,
  `company_id` int(11) NOT NULL,
  `employee_id` int(222) NOT NULL,
  `department_id` int(11) NOT NULL,
  `leave_type_id` int(222) NOT NULL,
  `from_date` varchar(200) NOT NULL,
  `to_date` varchar(200) NOT NULL,
  `applied_on` varchar(200) NOT NULL,
  `reason` mediumtext NOT NULL,
  `remarks` mediumtext NOT NULL,
  `status` tinyint(1) NOT NULL DEFAULT 1,
  `is_half_day` tinyint(1) DEFAULT NULL,
  `is_notify` int(11) NOT NULL,
  `leave_attachment` varchar(255) DEFAULT NULL,
  `created_at` varchar(200) NOT NULL
) ENGINE=InnoDB DEFAULT CHARSET=utf8 COLLATE=utf8_general_ci;

--
-- Dumping data for table `xin_leave_applications`
--

INSERT INTO `xin_leave_applications` (`leave_id`, `company_id`, `employee_id`, `department_id`, `leave_type_id`, `from_date`, `to_date`, `applied_on`, `reason`, `remarks`, `status`, `is_half_day`, `is_notify`, `leave_attachment`, `created_at`) VALUES
(2, 1, 23, 0, 1, '2020-02-15', '2020-02-15', '2020-02-18 11:49:15', 'Wants to go my village home.', '', 2, 0, 0, '', '2020-02-18 11:49:15'),
(5, 1, 21, 0, 1, '2020-02-19', '2020-02-19', '2020-02-18 06:55:45', 'I have to go to Chattogram for my very personal issues.', '', 2, 0, 0, '', '2020-02-18 06:55:45'),
(6, 1, 9, 0, 1, '2020-02-19', '2020-02-19', '2020-02-19 10:40:37', 'I want to go to my university', '...', 2, 1, 0, '', '2020-02-19 10:40:37'),
(7, 1, 9, 0, 2, '2020-02-25', '2020-02-25', '2020-02-26 06:49:53', 'Sick', '', 2, 0, 0, '', '2020-02-26 06:49:53'),
(8, 1, 10, 0, 1, '2020-03-03', '2020-03-04', '2020-03-03 11:06:37', 'I have to stay home for personal work', '', 3, 0, 0, '', '2020-03-03 11:06:37'),
(9, 1, 10, 0, 1, '2020-03-08', '2020-03-08', '2020-03-07 04:45:20', 'I have to stay home for personal work ', '', 1, 0, 0, '', '2020-03-07 04:45:20');

-- --------------------------------------------------------

--
-- Table structure for table `xin_leave_type`
--

CREATE TABLE `xin_leave_type` (
  `leave_type_id` int(11) NOT NULL,
  `company_id` int(11) NOT NULL,
  `type_name` varchar(200) NOT NULL,
  `days_per_year` varchar(200) NOT NULL,
  `status` tinyint(1) NOT NULL DEFAULT 1,
  `created_at` varchar(200) NOT NULL
) ENGINE=InnoDB DEFAULT CHARSET=utf8 COLLATE=utf8_general_ci;

--
-- Dumping data for table `xin_leave_type`
--

INSERT INTO `xin_leave_type` (`leave_type_id`, `company_id`, `type_name`, `days_per_year`, `status`, `created_at`) VALUES
(1, 1, 'Casual Leave', '10', 1, '19-03-2018 07:52:20'),
(2, 1, 'Sick Leave', '5', 1, '19-03-2018 07:52:30');

-- --------------------------------------------------------

--
-- Table structure for table `xin_make_payment`
--

CREATE TABLE `xin_make_payment` (
  `make_payment_id` int(111) NOT NULL,
  `employee_id` int(111) NOT NULL,
  `department_id` int(111) NOT NULL,
  `company_id` int(111) NOT NULL,
  `location_id` int(111) NOT NULL,
  `designation_id` int(111) NOT NULL,
  `payment_date` varchar(200) NOT NULL,
  `basic_salary` varchar(255) NOT NULL,
  `payment_amount` varchar(255) NOT NULL,
  `gross_salary` varchar(255) NOT NULL,
  `total_allowances` varchar(255) NOT NULL,
  `total_deductions` varchar(255) NOT NULL,
  `net_salary` varchar(255) NOT NULL,
  `house_rent_allowance` varchar(255) NOT NULL,
  `medical_allowance` varchar(255) NOT NULL,
  `travelling_allowance` varchar(255) NOT NULL,
  `dearness_allowance` varchar(255) NOT NULL,
  `provident_fund` varchar(255) NOT NULL,
  `tax_deduction` varchar(255) NOT NULL,
  `security_deposit` varchar(255) NOT NULL,
  `overtime_rate` varchar(255) NOT NULL,
  `is_advance_salary_deduct` int(11) NOT NULL,
  `advance_salary_amount` varchar(255) NOT NULL,
  `is_payment` tinyint(1) NOT NULL,
  `payment_method` int(11) NOT NULL,
  `hourly_rate` varchar(255) NOT NULL,
  `total_hours_work` varchar(255) NOT NULL,
  `comments` mediumtext NOT NULL,
  `status` tinyint(1) NOT NULL,
  `created_at` varchar(200) NOT NULL
) ENGINE=InnoDB DEFAULT CHARSET=utf8 COLLATE=utf8_general_ci;

-- --------------------------------------------------------

--
-- Table structure for table `xin_meetings`
--

CREATE TABLE `xin_meetings` (
  `meeting_id` int(11) NOT NULL,
  `company_id` int(11) NOT NULL,
  `employee_id` varchar(255) DEFAULT NULL,
  `meeting_title` varchar(255) NOT NULL,
  `meeting_date` varchar(255) NOT NULL,
  `meeting_time` varchar(255) NOT NULL,
  `meeting_room` varchar(255) NOT NULL,
  `meeting_note` mediumtext NOT NULL,
  `created_at` varchar(255) NOT NULL
) ENGINE=InnoDB DEFAULT CHARSET=utf8 COLLATE=utf8_general_ci;

-- --------------------------------------------------------

--
-- Table structure for table `xin_office_location`
--

CREATE TABLE `xin_office_location` (
  `location_id` int(11) NOT NULL,
  `company_id` int(111) NOT NULL,
  `location_head` int(111) NOT NULL,
  `location_manager` int(111) NOT NULL,
  `location_name` varchar(200) NOT NULL,
  `email` varchar(255) NOT NULL,
  `phone` varchar(255) NOT NULL,
  `fax` varchar(255) NOT NULL,
  `address_1` mediumtext NOT NULL,
  `address_2` mediumtext NOT NULL,
  `city` varchar(255) NOT NULL,
  `state` varchar(255) NOT NULL,
  `zipcode` varchar(255) NOT NULL,
  `country` int(111) NOT NULL,
  `added_by` int(111) NOT NULL,
  `created_at` varchar(200) NOT NULL,
  `status` tinyint(1) NOT NULL DEFAULT 1
) ENGINE=InnoDB DEFAULT CHARSET=utf8 COLLATE=utf8_general_ci;

--
-- Dumping data for table `xin_office_location`
--

INSERT INTO `xin_office_location` (`location_id`, `company_id`, `location_head`, `location_manager`, `location_name`, `email`, `phone`, `fax`, `address_1`, `address_2`, `city`, `state`, `zipcode`, `country`, `added_by`, `created_at`, `status`) VALUES
(2, 1, 6, 0, 'Head Office', 'softifybd@gmail.com', '01730797262', '', 'Hazi Motaleb Plaza, S.S. Shah Road', 'Bandar', 'Narayanganj', 'Dhaka', '1410', 18, 1, '15-02-2020', 1);

-- --------------------------------------------------------

--
-- Table structure for table `xin_office_shift`
--

CREATE TABLE `xin_office_shift` (
  `office_shift_id` int(111) NOT NULL,
  `company_id` int(11) NOT NULL,
  `shift_name` varchar(255) NOT NULL,
  `default_shift` int(111) NOT NULL,
  `monday_in_time` varchar(222) NOT NULL,
  `monday_out_time` varchar(222) NOT NULL,
  `tuesday_in_time` varchar(222) NOT NULL,
  `tuesday_out_time` varchar(222) NOT NULL,
  `wednesday_in_time` varchar(222) NOT NULL,
  `wednesday_out_time` varchar(222) NOT NULL,
  `thursday_in_time` varchar(222) NOT NULL,
  `thursday_out_time` varchar(222) NOT NULL,
  `friday_in_time` varchar(222) NOT NULL,
  `friday_out_time` varchar(222) NOT NULL,
  `saturday_in_time` varchar(222) NOT NULL,
  `saturday_out_time` varchar(222) NOT NULL,
  `sunday_in_time` varchar(222) NOT NULL,
  `sunday_out_time` varchar(222) NOT NULL,
  `created_at` varchar(222) NOT NULL
) ENGINE=InnoDB DEFAULT CHARSET=utf8 COLLATE=utf8_general_ci;

--
-- Dumping data for table `xin_office_shift`
--

INSERT INTO `xin_office_shift` (`office_shift_id`, `company_id`, `shift_name`, `default_shift`, `monday_in_time`, `monday_out_time`, `tuesday_in_time`, `tuesday_out_time`, `wednesday_in_time`, `wednesday_out_time`, `thursday_in_time`, `thursday_out_time`, `friday_in_time`, `friday_out_time`, `saturday_in_time`, `saturday_out_time`, `sunday_in_time`, `sunday_out_time`, `created_at`) VALUES
(1, 1, 'Regular Shift', 1, '10:00', '19:00', '10:00', '19:00', '10:00', '19:00', '10:00', '19:00', '', '', '10:00', '19:00', '10:00', '19:00', '2018-02-28'),
(2, 1, 'Monday - Friday', 0, '10:00', '19:00', '10:00', '19:00', '10:00', '19:00', '10:00', '19:00', '10:00', '19:00', '', '', '', '', '2020-02-18'),
(3, 1, 'Sunday - Thursday', 0, '10:00', '19:00', '10:00', '19:00', '10:00', '19:00', '10:00', '19:00', '', '', '', '', '10:00', '19:00', '2020-02-18'),
(4, 1, 'Sunday - Friday', 0, '10:00', '19:00', '10:00', '19:00', '10:00', '19:00', '10:00', '19:00', '10:00', '19:00', '', '', '10:00', '19:00', '2020-02-18'),
(5, 1, 'Friday - Wednesday', 0, '10:00', '19:00', '10:00', '19:00', '10:00', '19:00', '', '', '10:00', '19:00', '10:00', '19:00', '10:00', '19:00', '2020-02-18'),
(6, 1, 'Monday - Saturday', 0, '10:00', '19:00', '10:00', '19:00', '10:00', '19:00', '10:00', '19:00', '10:00', '19:00', '10:00', '19:00', '', '', '2020-02-18');

-- --------------------------------------------------------

--
-- Table structure for table `xin_payment_method`
--

CREATE TABLE `xin_payment_method` (
  `payment_method_id` int(111) NOT NULL,
  `company_id` int(11) NOT NULL,
  `method_name` varchar(255) NOT NULL,
  `payment_percentage` varchar(200) DEFAULT NULL,
  `account_number` varchar(200) DEFAULT NULL,
  `created_at` varchar(255) NOT NULL
) ENGINE=InnoDB DEFAULT CHARSET=utf8 COLLATE=utf8_general_ci;

--
-- Dumping data for table `xin_payment_method`
--

INSERT INTO `xin_payment_method` (`payment_method_id`, `company_id`, `method_name`, `payment_percentage`, `account_number`, `created_at`) VALUES
(1, 1, 'Cash', '30', '', '23-04-2018 05:13:52'),
(2, 1, 'Paypal', '40', '1', '12-08-2018 02:18:50'),
(3, 1, 'Bank', '30', '1231232', '12-08-2018 02:18:57');

-- --------------------------------------------------------

--
-- Table structure for table `xin_payroll_custom_fields`
--

CREATE TABLE `xin_payroll_custom_fields` (
  `payroll_custom_id` int(11) NOT NULL,
  `allow_custom_1` varchar(255) NOT NULL,
  `is_active_allow_1` int(11) NOT NULL,
  `allow_custom_2` varchar(255) NOT NULL,
  `is_active_allow_2` int(11) NOT NULL,
  `allow_custom_3` varchar(255) NOT NULL,
  `is_active_allow_3` int(11) NOT NULL,
  `allow_custom_4` varchar(255) NOT NULL,
  `is_active_allow_4` int(11) NOT NULL,
  `allow_custom_5` varchar(255) NOT NULL,
  `is_active_allow_5` int(111) NOT NULL,
  `deduct_custom_1` varchar(255) NOT NULL,
  `is_active_deduct_1` int(11) NOT NULL,
  `deduct_custom_2` varchar(255) NOT NULL,
  `is_active_deduct_2` int(11) NOT NULL,
  `deduct_custom_3` varchar(255) NOT NULL,
  `is_active_deduct_3` int(11) NOT NULL,
  `deduct_custom_4` varchar(255) NOT NULL,
  `is_active_deduct_4` int(11) NOT NULL,
  `deduct_custom_5` varchar(255) NOT NULL,
  `is_active_deduct_5` int(11) NOT NULL
) ENGINE=InnoDB DEFAULT CHARSET=utf8 COLLATE=utf8_general_ci;

-- --------------------------------------------------------

--
-- Table structure for table `xin_performance_appraisal`
--

CREATE TABLE `xin_performance_appraisal` (
  `performance_appraisal_id` int(111) NOT NULL,
  `company_id` int(11) NOT NULL,
  `employee_id` int(111) NOT NULL,
  `appraisal_year_month` varchar(255) NOT NULL,
  `customer_experience` int(111) NOT NULL,
  `marketing` int(111) NOT NULL,
  `management` int(111) NOT NULL,
  `administration` int(111) NOT NULL,
  `presentation_skill` int(111) NOT NULL,
  `quality_of_work` int(111) NOT NULL,
  `efficiency` int(111) NOT NULL,
  `integrity` int(111) NOT NULL,
  `professionalism` int(111) NOT NULL,
  `team_work` int(111) NOT NULL,
  `critical_thinking` int(111) NOT NULL,
  `conflict_management` int(111) NOT NULL,
  `attendance` int(111) NOT NULL,
  `ability_to_meet_deadline` int(111) NOT NULL,
  `remarks` mediumtext NOT NULL,
  `added_by` int(111) NOT NULL,
  `created_at` varchar(200) NOT NULL
) ENGINE=InnoDB DEFAULT CHARSET=utf8 COLLATE=utf8_general_ci;

-- --------------------------------------------------------

--
-- Table structure for table `xin_performance_appraisal_options`
--

CREATE TABLE `xin_performance_appraisal_options` (
  `performance_appraisal_options_id` int(11) NOT NULL,
  `appraisal_id` int(11) NOT NULL,
  `appraisal_type` varchar(200) NOT NULL,
  `appraisal_option_id` int(11) NOT NULL,
  `appraisal_option_value` int(11) NOT NULL
) ENGINE=InnoDB DEFAULT CHARSET=latin1 COLLATE=latin1_swedish_ci;

-- --------------------------------------------------------

--
-- Table structure for table `xin_performance_indicator`
--

CREATE TABLE `xin_performance_indicator` (
  `performance_indicator_id` int(111) NOT NULL,
  `company_id` int(11) NOT NULL,
  `designation_id` int(111) NOT NULL,
  `customer_experience` int(111) NOT NULL,
  `marketing` int(111) NOT NULL,
  `management` int(111) NOT NULL,
  `administration` int(111) NOT NULL,
  `presentation_skill` int(111) NOT NULL,
  `quality_of_work` int(111) NOT NULL,
  `efficiency` int(111) NOT NULL,
  `integrity` int(111) NOT NULL,
  `professionalism` int(111) NOT NULL,
  `team_work` int(111) NOT NULL,
  `critical_thinking` int(111) NOT NULL,
  `conflict_management` int(111) NOT NULL,
  `attendance` int(111) NOT NULL,
  `ability_to_meet_deadline` int(111) NOT NULL,
  `added_by` int(111) NOT NULL,
  `created_at` varchar(200) NOT NULL
) ENGINE=InnoDB DEFAULT CHARSET=utf8 COLLATE=utf8_general_ci;

-- --------------------------------------------------------

--
-- Table structure for table `xin_performance_indicator_options`
--

CREATE TABLE `xin_performance_indicator_options` (
  `performance_indicator_options_id` int(11) NOT NULL,
  `indicator_id` int(11) NOT NULL,
  `indicator_type` varchar(200) NOT NULL,
  `indicator_option_id` int(11) NOT NULL,
  `indicator_option_value` int(11) NOT NULL
) ENGINE=InnoDB DEFAULT CHARSET=latin1 COLLATE=latin1_swedish_ci;

-- --------------------------------------------------------

--
-- Table structure for table `xin_projects`
--

CREATE TABLE `xin_projects` (
  `project_id` int(111) NOT NULL,
  `title` varchar(255) NOT NULL,
  `client_id` int(100) NOT NULL,
  `start_date` varchar(255) NOT NULL,
  `end_date` varchar(255) NOT NULL,
  `company_id` int(111) NOT NULL,
  `assigned_to` mediumtext NOT NULL,
  `priority` varchar(255) NOT NULL,
  `project_no` varchar(255) DEFAULT NULL,
  `budget_hours` varchar(255) DEFAULT NULL,
  `summary` mediumtext NOT NULL,
  `description` mediumtext NOT NULL,
  `added_by` int(111) NOT NULL,
  `project_progress` varchar(255) NOT NULL,
  `project_note` longtext NOT NULL,
  `status` tinyint(2) NOT NULL,
  `is_notify` int(11) NOT NULL,
  `created_at` varchar(255) NOT NULL
) ENGINE=InnoDB DEFAULT CHARSET=utf8 COLLATE=utf8_general_ci;

--
-- Dumping data for table `xin_projects`
--

INSERT INTO `xin_projects` (`project_id`, `title`, `client_id`, `start_date`, `end_date`, `company_id`, `assigned_to`, `priority`, `project_no`, `budget_hours`, `summary`, `description`, `added_by`, `project_progress`, `project_note`, `status`, `is_notify`, `created_at`) VALUES
(2, 'ISP Digital', 2, '2018-05-01', '2022-12-31', 1, '9,10,14,21', '2', 'ISP Digital-2', '9994', 'Internet Service Providers have a special contribution to our country to keep pace with the developed world. But in order to provide this service, owners have to face a lot of complications to manage the business. Thinking about this complexity, we Softifybd Limited created ISP Management Software to make business management extremely easy and dynamic.', '&lt;p&gt;ISP Billing &amp; Management Software&lt;/p&gt;', 6, '50', '', 1, 0, '15-02-2020'),
(3, 'SoftifyBD Website Design & Development', 2, '2020-02-16', '2020-02-29', 1, '12', '2', 'MUKU7L6', '104', 'website design & development', '&lt;p&gt;website design &amp; development&lt;/p&gt;', 6, '0', '', 1, 0, '16-02-2020'),
(4, 'Motion Graphics & Video Editing ', 2, '2020-02-16', '2020-02-29', 1, '12', '3', 'VCJCOYQ', '10', 'Video Editing ', '&lt;p&gt;Video Editing&lt;/p&gt;', 6, '0', '', 0, 0, '16-02-2020'),
(6, 'ISP Digital Apps PSD Design', 2, '2020-02-20', '2020-02-25', 1, '8,19', '1', 'MFHA9SQ', '25', 'ISP Digital Apps PSD Design (Client Portal, Employee, BW Resellar, MAC Resellar)', '&lt;p&gt;ISP Digital Apps PSD Design (Client Portal, Employee, BW Resellar, Mac Resellar)&lt;/p&gt;', 6, '100', '', 2, 0, '16-02-2020'),
(7, 'SoftifyBD Brand Graphics  Design', 2, '2020-02-17', '2020-12-31', 1, '19', '3', 'CXBG3KI', '100', 'SoftifyBD      PSD & Logo   ', 'SoftifyBD      PSD &amp;amp; Logo   &lt;br&gt;', 6, '0', '', 0, 0, '17-02-2020'),
(8, 'A1 Remidial Portfolio  Website', 3, '2020-02-14', '2020-02-18', 1, '15,18', '1', 'EPRJN9V', '20', 'A1 Remidial Portfolio  Website', '&lt;p&gt;A1 Remidial Portfolio Website&lt;/p&gt;', 6, '70', '', 1, 0, '17-02-2020'),
(9, 'Skyview Online Ltd- ISP Digital - (Client Hosting )', 4, '2020-02-13', '2020-02-29', 1, '6,7,9,14', '2', 'DYJMJ3W', '120', 'ISP Digital - Client Hosting  (Skyview Online Ltd)', '&lt;p&gt;ISP Digital - Client Hosting (Skyview Online Ltd)&lt;/p&gt;', 6, '100', '', 1, 0, '17-02-2020'),
(10, ' - Event Management Company Portfolio ', 5, '2020-02-17', '2020-02-21', 1, '6,13,15,18', '2', 'MODSWDU', '15', 'Event Management Company Portfolio', '&lt;p&gt;Event Management Company Portfolio&lt;/p&gt;', 1, '100', 'Projects details not available...', 2, 0, '17-02-2020'),
(11, 'Log Server', 2, '2020-02-17', '2020-03-31', 1, '6,8', '1', 'WF72XDL', '100', 'Log Server', 'Log Server&lt;br&gt;', 1, '100', '', 2, 0, '17-02-2020');

-- --------------------------------------------------------

--
-- Table structure for table `xin_projects_attachment`
--

CREATE TABLE `xin_projects_attachment` (
  `project_attachment_id` int(11) NOT NULL,
  `project_id` int(200) NOT NULL,
  `upload_by` int(255) NOT NULL,
  `file_title` varchar(255) NOT NULL,
  `file_description` mediumtext NOT NULL,
  `attachment_file` mediumtext NOT NULL,
  `created_at` varchar(200) NOT NULL
) ENGINE=InnoDB DEFAULT CHARSET=utf8 COLLATE=utf8_general_ci;

--
-- Dumping data for table `xin_projects_attachment`
--

INSERT INTO `xin_projects_attachment` (`project_attachment_id`, `project_id`, `upload_by`, `file_title`, `file_description`, `attachment_file`, `created_at`) VALUES
(1, 6, 8, 'Proposed UX Designs', 'This file contains links of some sample apps.\njust copy the link and see the app.', 'project_1581860358.txt', '16-02-2020 07:39:18'),
(4, 7, 6, 'Softy Logo, Icon', 'Softy Logo, Icon', 'project_1581919731.zip', '17-02-2020 12:08:51');

-- --------------------------------------------------------

--
-- Table structure for table `xin_projects_bugs`
--

CREATE TABLE `xin_projects_bugs` (
  `bug_id` int(11) NOT NULL,
  `project_id` int(111) NOT NULL,
  `user_id` int(200) NOT NULL,
  `attachment_file` varchar(255) NOT NULL,
  `title` varchar(255) NOT NULL,
  `status` tinyint(1) NOT NULL,
  `created_at` varchar(200) NOT NULL
) ENGINE=InnoDB DEFAULT CHARSET=utf8 COLLATE=utf8_general_ci;

-- --------------------------------------------------------

--
-- Table structure for table `xin_projects_discussion`
--

CREATE TABLE `xin_projects_discussion` (
  `discussion_id` int(11) NOT NULL,
  `project_id` int(111) NOT NULL,
  `user_id` int(200) NOT NULL,
  `client_id` int(11) NOT NULL,
  `attachment_file` varchar(255) NOT NULL,
  `message` mediumtext NOT NULL,
  `created_at` varchar(200) NOT NULL
) ENGINE=InnoDB DEFAULT CHARSET=utf8 COLLATE=utf8_general_ci;

--
-- Dumping data for table `xin_projects_discussion`
--

INSERT INTO `xin_projects_discussion` (`discussion_id`, `project_id`, `user_id`, `client_id`, `attachment_file`, `message`, `created_at`) VALUES
(1, 6, 8, 0, 'no_file', 'For viewing the Apps selected in Printerest CLICK on the link \n\nhttps://pin.it/oaj4omrliaoeo4\n', '16-02-2020 07:42:20'),
(2, 8, 6, 0, 'no_file', 'Hi', '17-02-2020 11:33:38'),
(3, 6, 19, 0, 'no_file', 'I will start to do this project the next day.\n(18/2/2020)', '17-02-2020 02:58:38'),
(4, 10, 1, 0, 'discussion_1581932492.jpg', ' ayojon.online  Domain. 1st yr softifybd         ', '17-02-2020 03:41:31'),
(5, 9, 14, 0, 'no_file', 'ami Skyview Online Limited er ei 3ta kaj complete koresi\n\n1. Only Publish File Uploaded\n2. Site URL SSL Certificate Issued using letsencrypt\n3. bKash Checkout PGW API Integration work', '26-02-2020 07:48:08');

-- --------------------------------------------------------

--
-- Table structure for table `xin_projects_timelogs`
--

CREATE TABLE `xin_projects_timelogs` (
  `timelogs_id` int(11) NOT NULL,
  `project_id` int(11) NOT NULL,
  `company_id` int(11) NOT NULL,
  `employee_id` int(11) NOT NULL,
  `start_time` varchar(255) NOT NULL,
  `end_time` varchar(255) NOT NULL,
  `start_date` varchar(255) NOT NULL,
  `end_date` varchar(255) NOT NULL,
  `total_hours` varchar(255) NOT NULL,
  `timelogs_memo` text NOT NULL,
  `created_at` varchar(255) NOT NULL
) ENGINE=InnoDB DEFAULT CHARSET=latin1 COLLATE=latin1_swedish_ci;

-- --------------------------------------------------------

--
-- Table structure for table `xin_project_variations`
--

CREATE TABLE `xin_project_variations` (
  `variation_id` int(11) NOT NULL,
  `company_id` int(11) NOT NULL,
  `project_id` int(111) NOT NULL,
  `created_by` int(111) NOT NULL,
  `variation_name` varchar(255) NOT NULL,
  `variation_no` varchar(255) NOT NULL,
  `assigned_to` varchar(255) NOT NULL,
  `start_date` varchar(200) NOT NULL,
  `end_date` varchar(200) NOT NULL,
  `variation_hours` varchar(200) NOT NULL,
  `description` mediumtext NOT NULL,
  `variation_status` int(5) NOT NULL,
  `client_approval` int(11) NOT NULL,
  `created_at` varchar(200) NOT NULL
) ENGINE=InnoDB DEFAULT CHARSET=utf8 COLLATE=utf8_general_ci;

-- --------------------------------------------------------

--
-- Table structure for table `xin_qualification_education_level`
--

CREATE TABLE `xin_qualification_education_level` (
  `education_level_id` int(111) NOT NULL,
  `company_id` int(11) NOT NULL,
  `name` varchar(255) NOT NULL,
  `created_at` varchar(255) NOT NULL
) ENGINE=InnoDB DEFAULT CHARSET=utf8 COLLATE=utf8_general_ci;

--
-- Dumping data for table `xin_qualification_education_level`
--

INSERT INTO `xin_qualification_education_level` (`education_level_id`, `company_id`, `name`, `created_at`) VALUES
(2, 0, 'SSC', '16-02-2020 12:42:20'),
(3, 0, 'HSC', '16-02-2020 12:43:24'),
(4, 0, 'Bachelor', '16-02-2020 12:43:51'),
(5, 0, 'Masters', '16-02-2020 05:55:58'),
(6, 0, 'Diploma', '16-02-2020 05:56:18');

-- --------------------------------------------------------

--
-- Table structure for table `xin_qualification_language`
--

CREATE TABLE `xin_qualification_language` (
  `language_id` int(111) NOT NULL,
  `company_id` int(11) NOT NULL,
  `name` varchar(255) NOT NULL,
  `created_at` varchar(255) NOT NULL
) ENGINE=InnoDB DEFAULT CHARSET=utf8 COLLATE=utf8_general_ci;

--
-- Dumping data for table `xin_qualification_language`
--

INSERT INTO `xin_qualification_language` (`language_id`, `company_id`, `name`, `created_at`) VALUES
(1, 1, 'English', '09-05-2018 03:12:03'),
(2, 0, 'Bangla', '16-02-2020 12:44:13');

-- --------------------------------------------------------

--
-- Table structure for table `xin_qualification_skill`
--

CREATE TABLE `xin_qualification_skill` (
  `skill_id` int(111) NOT NULL,
  `company_id` int(11) NOT NULL,
  `name` varchar(255) NOT NULL,
  `created_at` varchar(255) NOT NULL
) ENGINE=InnoDB DEFAULT CHARSET=utf8 COLLATE=utf8_general_ci;

--
-- Dumping data for table `xin_qualification_skill`
--

INSERT INTO `xin_qualification_skill` (`skill_id`, `company_id`, `name`, `created_at`) VALUES
(1, 1, 'jQuery', '09-05-2018 03:12:08'),
(2, 0, 'PHP', '16-02-2020 01:02:46'),
(3, 0, 'Android', '16-02-2020 01:02:59'),
(4, 0, 'WordPress', '16-02-2020 01:03:05'),
(5, 0, 'Design', '16-02-2020 01:03:36'),
(6, 0, 'iOS', '16-02-2020 01:03:46'),
(7, 0, 'MySQL', '16-02-2020 01:03:52'),
(8, 0, 'JavaScript', '16-02-2020 01:03:57'),
(9, 0, 'Website Design', '16-02-2020 01:04:03'),
(10, 0, 'Programming', '16-02-2020 01:04:08'),
(12, 0, 'Java', '16-02-2020 01:04:23'),
(13, 0, 'CSS', '16-02-2020 01:04:30'),
(14, 0, 'HTML5', '16-02-2020 01:04:37'),
(15, 0, 'Web Development', '16-02-2020 01:04:41'),
(16, 0, 'eCommerce', '16-02-2020 01:04:52'),
(17, 0, 'Logo Design', '16-02-2020 01:04:57'),
(18, 0, 'Graphic Design', '16-02-2020 01:05:02'),
(19, 0, 'Video Editing', '16-02-2020 01:05:27'),
(21, 0, 'Animation', '16-02-2020 01:05:33'),
(22, 0, 'Adobe Photoshop', '16-02-2020 01:05:49'),
(23, 0, 'Adobe Illustrator', '16-02-2020 01:05:54'),
(24, 0, 'Art', '16-02-2020 01:05:59'),
(25, 0, '3D', '16-02-2020 01:06:04'),
(26, 0, 'Drawing', '16-02-2020 01:06:25'),
(27, 0, 'Writing', '16-02-2020 01:06:45'),
(28, 0, 'T-Shirt Design', '16-02-2020 01:06:56'),
(29, 0, 'Advertising', '16-02-2020 01:07:05'),
(30, 0, 'Email Marketing', '16-02-2020 01:07:09'),
(31, 0, 'Lead Generation', '16-02-2020 01:07:15'),
(32, 0, 'Market Analysis', '16-02-2020 01:07:21'),
(33, 0, 'Marketing Strategy', '16-02-2020 01:07:25'),
(34, 0, 'Public Relations', '16-02-2020 01:07:30'),
(35, 0, 'Telemarketing & Telesales', '16-02-2020 01:07:36'),
(36, 0, 'Sales & Marketing', '16-02-2020 01:07:45'),
(37, 0, 'Search Engine Marketing', '16-02-2020 01:07:51'),
(38, 0, 'Search Engine Optimization', '16-02-2020 01:07:57'),
(39, 0, 'Social Media Marketing', '16-02-2020 01:08:02'),
(40, 0, 'MS Office', '16-02-2020 11:42:43'),
(41, 0, 'Digital Marketing', '16-02-2020 11:43:45'),
(42, 0, 'Technical Support', '16-02-2020 11:43:56'),
(43, 0, 'Client Relations', '16-02-2020 11:44:06'),
(44, 0, 'Negotiation', '16-02-2020 11:44:19'),
(45, 0, 'Administration', '16-02-2020 11:44:52'),
(46, 0, 'Creative Thinking', '16-02-2020 11:45:02'),
(47, 0, 'Business Communication', '16-02-2020 11:45:15'),
(48, 0, 'Problem Solving', '16-02-2020 11:45:25'),
(49, 0, 'Decision Making', '16-02-2020 11:45:39'),
(50, 0, 'Task Management', '16-02-2020 11:45:48'),
(51, 0, 'Event Management', '16-02-2020 11:45:56'),
(52, 0, 'Documentation', '16-02-2020 11:46:06'),
(53, 0, 'Policy Development', '16-02-2020 11:46:14'),
(54, 0, 'HR Management', '16-02-2020 11:46:28'),
(55, 0, 'Recruitment & Selection', '16-02-2020 11:46:38'),
(56, 0, 'Motivation & Leadership', '16-02-2020 11:46:47'),
(57, 0, 'Payroll Processing', '16-02-2020 11:46:56'),
(58, 0, 'Compensation & Benefits', '16-02-2020 11:47:11'),
(59, 0, 'Supervision', '16-02-2020 11:47:25'),
(60, 0, 'Performance Evaluation', '16-02-2020 11:47:34'),
(61, 0, 'Financial Statements', '16-02-2020 11:47:44'),
(62, 0, 'Budgeting & Cost Control', '16-02-2020 11:47:54'),
(63, 0, 'Controling', '16-02-2020 11:48:05');

-- --------------------------------------------------------

--
-- Table structure for table `xin_recruitment_pages`
--

CREATE TABLE `xin_recruitment_pages` (
  `page_id` int(11) NOT NULL,
  `page_title` varchar(255) NOT NULL,
  `page_details` mediumtext NOT NULL,
  `status` int(11) NOT NULL,
  `created_at` varchar(255) NOT NULL
) ENGINE=InnoDB DEFAULT CHARSET=utf8 COLLATE=utf8_general_ci;

--
-- Dumping data for table `xin_recruitment_pages`
--

INSERT INTO `xin_recruitment_pages` (`page_id`, `page_title`, `page_details`, `status`, `created_at`) VALUES
(1, 'Pages', 'Nulla dignissim gravida\nLorem ipsum dolor sit amet, consectetur adipiscing elit. Integer ultricies dictum ex, nec ullamcorper orci luctus eget. Integer mauris arcu, pretium eget elit vel, posuere consectetur massa. Etiam non fermentum augue, vel posuere sapien. \n\nVivamus aliquet eros bibendum ipsum euismod, non interdum dui elementum. Morbi facilisis hendrerit nisi, a volutpat velit. Donec sed malesuada felis. Nulla facilisi. Vivamus a velit vel orci euismod maximus. Praesent ut blandit orci, eget suscipit lorem. Aenean dignissim, augue at porta suscipit, est enim euismod mi, a rhoncus mi lacus ac nibh. Ut pharetra ligula sed tortor congue, pellentesque ultricies augue tincidunt.', 1, ''),
(2, 'About Us', 'Nulla dignissim gravida\nLorem ipsum dolor sit amet, consectetur adipiscing elit. Integer ultricies dictum ex, nec ullamcorper orci luctus eget. Integer mauris arcu, pretium eget elit vel, posuere consectetur massa. Etiam non fermentum augue, vel posuere sapien. \n\nVivamus aliquet eros bibendum ipsum euismod, non interdum dui elementum. Morbi facilisis hendrerit nisi, a volutpat velit. Donec sed malesuada felis. Nulla facilisi. Vivamus a velit vel orci euismod maximus. Praesent ut blandit orci, eget suscipit lorem. Aenean dignissim, augue at porta suscipit, est enim euismod mi, a rhoncus mi lacus ac nibh. Ut pharetra ligula sed tortor congue, pellentesque ultricies augue tincidunt.', 1, ''),
(3, 'Career Services', 'Career Services', 1, ''),
(4, 'Success Stories', 'Success Stories', 1, '');

-- --------------------------------------------------------

--
-- Table structure for table `xin_recruitment_subpages`
--

CREATE TABLE `xin_recruitment_subpages` (
  `subpages_id` int(11) NOT NULL,
  `page_id` int(11) NOT NULL,
  `sub_page_title` varchar(255) NOT NULL,
  `sub_page_details` mediumtext NOT NULL,
  `status` int(11) NOT NULL,
  `created_at` varchar(200) NOT NULL
) ENGINE=InnoDB DEFAULT CHARSET=utf8 COLLATE=utf8_general_ci;

--
-- Dumping data for table `xin_recruitment_subpages`
--

INSERT INTO `xin_recruitment_subpages` (`subpages_id`, `page_id`, `sub_page_title`, `sub_page_details`, `status`, `created_at`) VALUES
(1, 1, 'Sub Menu 1', 'Nulla dignissim gravida\r\nLorem ipsum dolor sit amet, consectetur adipiscing elit. Integer ultricies dictum ex, nec ullamcorper orci luctus eget. Integer mauris arcu, pretium eget elit vel, posuere consectetur massa. Etiam non fermentum augue, vel posuere sapien. \r\n\r\nVivamus aliquet eros bibendum ipsum euismod, non interdum dui elementum. Morbi facilisis hendrerit nisi, a volutpat velit. Donec sed malesuada felis. Nulla facilisi. Vivamus a velit vel orci euismod maximus. Praesent ut blandit orci, eget suscipit lorem. Aenean dignissim, augue at porta suscipit, est enim euismod mi, a rhoncus mi lacus ac nibh. Ut pharetra ligula sed tortor congue, pellentesque ultricies augue tincidunt.', 1, ''),
(2, 1, 'Sub Menu 2', 'Nulla dignissim gravida\r\nLorem ipsum dolor sit amet, consectetur adipiscing elit. Integer ultricies dictum ex, nec ullamcorper orci luctus eget. Integer mauris arcu, pretium eget elit vel, posuere consectetur massa. Etiam non fermentum augue, vel posuere sapien. \r\n\r\nVivamus aliquet eros bibendum ipsum euismod, non interdum dui elementum. Morbi facilisis hendrerit nisi, a volutpat velit. Donec sed malesuada felis. Nulla facilisi. Vivamus a velit vel orci euismod maximus. Praesent ut blandit orci, eget suscipit lorem. Aenean dignissim, augue at porta suscipit, est enim euismod mi, a rhoncus mi lacus ac nibh. Ut pharetra ligula sed tortor congue, pellentesque ultricies augue tincidunt.', 1, ''),
(3, 1, 'Sub Menu 3', 'Nulla dignissim gravida\r\nLorem ipsum dolor sit amet, consectetur adipiscing elit. Integer ultricies dictum ex, nec ullamcorper orci luctus eget. Integer mauris arcu, pretium eget elit vel, posuere consectetur massa. Etiam non fermentum augue, vel posuere sapien. \r\n\r\nVivamus aliquet eros bibendum ipsum euismod, non interdum dui elementum. Morbi facilisis hendrerit nisi, a volutpat velit. Donec sed malesuada felis. Nulla facilisi. Vivamus a velit vel orci euismod maximus. Praesent ut blandit orci, eget suscipit lorem. Aenean dignissim, augue at porta suscipit, est enim euismod mi, a rhoncus mi lacus ac nibh. Ut pharetra ligula sed tortor congue, pellentesque ultricies augue tincidunt.', 1, ''),
(4, 1, 'Sub Menu 4', 'Nulla dignissim gravida\r\nLorem ipsum dolor sit amet, consectetur adipiscing elit. Integer ultricies dictum ex, nec ullamcorper orci luctus eget. Integer mauris arcu, pretium eget elit vel, posuere consectetur massa. Etiam non fermentum augue, vel posuere sapien. \r\n\r\nVivamus aliquet eros bibendum ipsum euismod, non interdum dui elementum. Morbi facilisis hendrerit nisi, a volutpat velit. Donec sed malesuada felis. Nulla facilisi. Vivamus a velit vel orci euismod maximus. Praesent ut blandit orci, eget suscipit lorem. Aenean dignissim, augue at porta suscipit, est enim euismod mi, a rhoncus mi lacus ac nibh. Ut pharetra ligula sed tortor congue, pellentesque ultricies augue tincidunt.', 1, ''),
(5, 1, 'Sub Menu 5', 'Nulla dignissim gravida\r\nLorem ipsum dolor sit amet, consectetur adipiscing elit. Integer ultricies dictum ex, nec ullamcorper orci luctus eget. Integer mauris arcu, pretium eget elit vel, posuere consectetur massa. Etiam non fermentum augue, vel posuere sapien. \r\n\r\nVivamus aliquet eros bibendum ipsum euismod, non interdum dui elementum. Morbi facilisis hendrerit nisi, a volutpat velit. Donec sed malesuada felis. Nulla facilisi. Vivamus a velit vel orci euismod maximus. Praesent ut blandit orci, eget suscipit lorem. Aenean dignissim, augue at porta suscipit, est enim euismod mi, a rhoncus mi lacus ac nibh. Ut pharetra ligula sed tortor congue, pellentesque ultricies augue tincidunt.', 1, ''),
(6, 1, 'Sub Menu 6', 'Nulla dignissim gravida\r\nLorem ipsum dolor sit amet, consectetur adipiscing elit. Integer ultricies dictum ex, nec ullamcorper orci luctus eget. Integer mauris arcu, pretium eget elit vel, posuere consectetur massa. Etiam non fermentum augue, vel posuere sapien. \r\n\r\nVivamus aliquet eros bibendum ipsum euismod, non interdum dui elementum. Morbi facilisis hendrerit nisi, a volutpat velit. Donec sed malesuada felis. Nulla facilisi. Vivamus a velit vel orci euismod maximus. Praesent ut blandit orci, eget suscipit lorem. Aenean dignissim, augue at porta suscipit, est enim euismod mi, a rhoncus mi lacus ac nibh. Ut pharetra ligula sed tortor congue, pellentesque ultricies augue tincidunt.', 1, '');

-- --------------------------------------------------------

--
-- Table structure for table `xin_salary_allowances`
--

CREATE TABLE `xin_salary_allowances` (
  `allowance_id` int(11) NOT NULL,
  `employee_id` int(11) NOT NULL,
  `is_allowance_taxable` int(11) NOT NULL,
  `allowance_title` varchar(200) DEFAULT NULL,
  `allowance_amount` varchar(200) DEFAULT NULL,
  `created_at` varchar(200) DEFAULT NULL
) ENGINE=InnoDB DEFAULT CHARSET=utf8 COLLATE=utf8_general_ci;

--
-- Dumping data for table `xin_salary_allowances`
--

INSERT INTO `xin_salary_allowances` (`allowance_id`, `employee_id`, `is_allowance_taxable`, `allowance_title`, `allowance_amount`, `created_at`) VALUES
(1, 1, 0, 'Cost of Living Allowance', '100', NULL),
(2, 1, 0, 'Housing Allowance', '200', NULL),
(3, 1, 0, 'Market Adjustment', '200', NULL),
(4, 1, 0, 'Meal Allowance', '100', NULL),
(5, 1, 0, 'Transportation Allowance', '200', NULL);

-- --------------------------------------------------------

--
-- Table structure for table `xin_salary_bank_allocation`
--

CREATE TABLE `xin_salary_bank_allocation` (
  `bank_allocation_id` int(11) NOT NULL,
  `employee_id` int(11) NOT NULL,
  `payment_method_id` int(11) NOT NULL,
  `pay_percent` varchar(200) NOT NULL,
  `acc_number` varchar(200) NOT NULL
) ENGINE=InnoDB DEFAULT CHARSET=utf8 COLLATE=utf8_general_ci;

-- --------------------------------------------------------

--
-- Table structure for table `xin_salary_commissions`
--

CREATE TABLE `xin_salary_commissions` (
  `salary_commissions_id` int(11) NOT NULL,
  `employee_id` int(11) NOT NULL,
  `commission_title` varchar(200) DEFAULT NULL,
  `commission_amount` varchar(200) DEFAULT NULL,
  `created_at` varchar(200) DEFAULT NULL
) ENGINE=InnoDB DEFAULT CHARSET=utf8 COLLATE=utf8_general_ci;

-- --------------------------------------------------------

--
-- Table structure for table `xin_salary_loan_deductions`
--

CREATE TABLE `xin_salary_loan_deductions` (
  `loan_deduction_id` int(11) NOT NULL,
  `employee_id` int(11) NOT NULL,
  `loan_options` int(11) NOT NULL,
  `loan_deduction_title` varchar(200) NOT NULL,
  `start_date` varchar(200) NOT NULL,
  `end_date` varchar(200) NOT NULL,
  `monthly_installment` varchar(200) NOT NULL,
  `loan_time` varchar(200) NOT NULL,
  `loan_deduction_amount` varchar(200) NOT NULL,
  `total_paid` varchar(200) NOT NULL,
  `reason` text NOT NULL,
  `status` int(11) NOT NULL,
  `is_deducted_from_salary` int(11) NOT NULL,
  `created_at` varchar(200) NOT NULL
) ENGINE=InnoDB DEFAULT CHARSET=utf8 COLLATE=utf8_general_ci;

-- --------------------------------------------------------

--
-- Table structure for table `xin_salary_other_payments`
--

CREATE TABLE `xin_salary_other_payments` (
  `other_payments_id` int(11) NOT NULL,
  `employee_id` int(11) NOT NULL,
  `payments_title` varchar(200) DEFAULT NULL,
  `payments_amount` varchar(200) DEFAULT NULL,
  `created_at` varchar(200) DEFAULT NULL
) ENGINE=InnoDB DEFAULT CHARSET=utf8 COLLATE=utf8_general_ci;

-- --------------------------------------------------------

--
-- Table structure for table `xin_salary_overtime`
--

CREATE TABLE `xin_salary_overtime` (
  `salary_overtime_id` int(11) NOT NULL,
  `employee_id` int(11) NOT NULL,
  `overtime_type` varchar(200) NOT NULL,
  `no_of_days` varchar(100) NOT NULL DEFAULT '0',
  `overtime_hours` varchar(100) NOT NULL DEFAULT '0',
  `overtime_rate` varchar(100) NOT NULL DEFAULT '0'
) ENGINE=InnoDB DEFAULT CHARSET=utf8 COLLATE=utf8_general_ci;

-- --------------------------------------------------------

--
-- Table structure for table `xin_salary_payslips`
--

CREATE TABLE `xin_salary_payslips` (
  `payslip_id` int(11) NOT NULL,
  `payslip_key` varchar(200) NOT NULL,
  `employee_id` int(11) NOT NULL,
  `department_id` int(11) NOT NULL,
  `company_id` int(11) NOT NULL,
  `location_id` int(11) NOT NULL,
  `designation_id` int(11) NOT NULL,
  `salary_month` varchar(200) NOT NULL,
  `wages_type` int(11) NOT NULL,
  `payslip_type` varchar(50) NOT NULL,
  `basic_salary` varchar(200) NOT NULL,
  `daily_wages` varchar(200) NOT NULL,
  `is_half_monthly_payroll` tinyint(1) NOT NULL,
  `hours_worked` varchar(50) NOT NULL DEFAULT '0',
  `total_allowances` varchar(200) NOT NULL,
  `total_commissions` varchar(200) NOT NULL,
  `total_statutory_deductions` varchar(200) NOT NULL,
  `total_other_payments` varchar(200) NOT NULL,
  `total_loan` varchar(200) NOT NULL,
  `total_overtime` varchar(200) NOT NULL,
  `statutory_deductions` varchar(200) NOT NULL,
  `net_salary` varchar(200) NOT NULL,
  `grand_net_salary` varchar(200) NOT NULL,
  `other_payment` varchar(200) NOT NULL,
  `payment_method` int(11) NOT NULL,
  `pay_comments` mediumtext NOT NULL,
  `is_payment` int(11) NOT NULL,
  `year_to_date` varchar(200) NOT NULL,
  `status` int(11) NOT NULL,
  `created_at` varchar(200) NOT NULL
) ENGINE=InnoDB DEFAULT CHARSET=utf8 COLLATE=utf8_general_ci;

--
-- Dumping data for table `xin_salary_payslips`
--

INSERT INTO `xin_salary_payslips` (`payslip_id`, `payslip_key`, `employee_id`, `department_id`, `company_id`, `location_id`, `designation_id`, `salary_month`, `wages_type`, `payslip_type`, `basic_salary`, `daily_wages`, `is_half_monthly_payroll`, `hours_worked`, `total_allowances`, `total_commissions`, `total_statutory_deductions`, `total_other_payments`, `total_loan`, `total_overtime`, `statutory_deductions`, `net_salary`, `grand_net_salary`, `other_payment`, `payment_method`, `pay_comments`, `is_payment`, `year_to_date`, `status`, `created_at`) VALUES
(2, 'You1wcCDqxEZsevr7zPf5Vid9lUQjL8tp4XKmMO3', 26, 4, 1, 2, 25, '2021-09', 1, 'full_monthly', '22500', '', 0, '0', '0', '0', '0', '0', '0', '0', '', '22500.00', '', '', 0, '', 1, '07-10-2021', 0, '07-10-2021 05:10:35'),
(3, 'CxDLZ78rnmRwvXHzJBs5IqWPg6h2diQMAeyo0Klf', 9, 4, 1, 2, 9, '2022-01', 1, 'full_monthly', '45000', '', 0, '0', '0', '0', '0', '0', '0', '0', '', '45000.00', '', '', 0, '', 1, '02-01-2022', 0, '02-01-2022 06:14:11'),
(4, 'EA2RKpfT387jvqHXsUm406S1wYzGcFOkeonDyuPg', 9, 4, 1, 2, 26, '2021-12', 1, 'full_monthly', '45000', '', 0, '0', '0', '0', '0', '0', '0', '0', '', '45000.00', '', '', 0, '', 1, '02-01-2022', 0, '02-01-2022 06:20:13');

-- --------------------------------------------------------

--
-- Table structure for table `xin_salary_payslip_allowances`
--

CREATE TABLE `xin_salary_payslip_allowances` (
  `payslip_allowances_id` int(11) NOT NULL,
  `payslip_id` int(11) NOT NULL,
  `employee_id` int(11) NOT NULL,
  `allowance_title` varchar(200) NOT NULL,
  `allowance_amount` varchar(200) NOT NULL,
  `salary_month` varchar(200) NOT NULL,
  `created_at` varchar(200) NOT NULL
) ENGINE=InnoDB DEFAULT CHARSET=utf8 COLLATE=utf8_general_ci;

-- --------------------------------------------------------

--
-- Table structure for table `xin_salary_payslip_commissions`
--

CREATE TABLE `xin_salary_payslip_commissions` (
  `payslip_commissions_id` int(11) NOT NULL,
  `payslip_id` int(11) NOT NULL,
  `employee_id` int(11) NOT NULL,
  `commission_title` varchar(200) NOT NULL,
  `commission_amount` varchar(200) NOT NULL,
  `salary_month` varchar(200) NOT NULL,
  `created_at` varchar(200) NOT NULL
) ENGINE=InnoDB DEFAULT CHARSET=utf8 COLLATE=utf8_general_ci;

-- --------------------------------------------------------

--
-- Table structure for table `xin_salary_payslip_loan`
--

CREATE TABLE `xin_salary_payslip_loan` (
  `payslip_loan_id` int(11) NOT NULL,
  `payslip_id` int(11) NOT NULL,
  `employee_id` int(11) NOT NULL,
  `loan_title` varchar(200) NOT NULL,
  `loan_amount` varchar(200) NOT NULL,
  `salary_month` varchar(200) NOT NULL,
  `created_at` varchar(200) NOT NULL
) ENGINE=InnoDB DEFAULT CHARSET=utf8 COLLATE=utf8_general_ci;

-- --------------------------------------------------------

--
-- Table structure for table `xin_salary_payslip_other_payments`
--

CREATE TABLE `xin_salary_payslip_other_payments` (
  `payslip_other_payment_id` int(11) NOT NULL,
  `payslip_id` int(11) NOT NULL,
  `employee_id` int(11) NOT NULL,
  `payments_title` varchar(200) NOT NULL,
  `payments_amount` varchar(200) NOT NULL,
  `salary_month` varchar(200) NOT NULL,
  `created_at` varchar(200) NOT NULL
) ENGINE=InnoDB DEFAULT CHARSET=utf8 COLLATE=utf8_general_ci;

-- --------------------------------------------------------

--
-- Table structure for table `xin_salary_payslip_overtime`
--

CREATE TABLE `xin_salary_payslip_overtime` (
  `payslip_overtime_id` int(11) NOT NULL,
  `payslip_id` int(11) NOT NULL,
  `employee_id` int(11) NOT NULL,
  `overtime_title` varchar(200) NOT NULL,
  `overtime_salary_month` varchar(200) NOT NULL,
  `overtime_no_of_days` varchar(200) NOT NULL,
  `overtime_hours` varchar(200) NOT NULL,
  `overtime_rate` varchar(200) NOT NULL,
  `created_at` varchar(200) NOT NULL
) ENGINE=InnoDB DEFAULT CHARSET=utf8 COLLATE=utf8_general_ci;

-- --------------------------------------------------------

--
-- Table structure for table `xin_salary_payslip_statutory_deductions`
--

CREATE TABLE `xin_salary_payslip_statutory_deductions` (
  `payslip_deduction_id` int(11) NOT NULL,
  `payslip_id` int(11) NOT NULL,
  `employee_id` int(11) NOT NULL,
  `deduction_title` varchar(200) NOT NULL,
  `deduction_amount` varchar(200) NOT NULL,
  `salary_month` varchar(200) NOT NULL,
  `created_at` varchar(200) NOT NULL
) ENGINE=InnoDB DEFAULT CHARSET=utf8 COLLATE=utf8_general_ci;

-- --------------------------------------------------------

--
-- Table structure for table `xin_salary_statutory_deductions`
--

CREATE TABLE `xin_salary_statutory_deductions` (
  `statutory_deductions_id` int(11) NOT NULL,
  `employee_id` int(11) NOT NULL,
  `statutory_options` int(11) NOT NULL,
  `deduction_title` varchar(200) DEFAULT NULL,
  `deduction_amount` varchar(200) DEFAULT NULL,
  `created_at` varchar(200) DEFAULT NULL
) ENGINE=InnoDB DEFAULT CHARSET=utf8 COLLATE=utf8_general_ci;

-- --------------------------------------------------------

--
-- Table structure for table `xin_salary_templates`
--

CREATE TABLE `xin_salary_templates` (
  `salary_template_id` int(11) NOT NULL,
  `company_id` int(11) NOT NULL,
  `salary_grades` varchar(255) NOT NULL,
  `basic_salary` varchar(255) NOT NULL,
  `overtime_rate` varchar(255) NOT NULL,
  `house_rent_allowance` varchar(255) NOT NULL,
  `medical_allowance` varchar(255) NOT NULL,
  `travelling_allowance` varchar(255) NOT NULL,
  `dearness_allowance` varchar(255) NOT NULL,
  `security_deposit` varchar(255) NOT NULL,
  `provident_fund` varchar(255) NOT NULL,
  `tax_deduction` varchar(255) NOT NULL,
  `gross_salary` varchar(255) NOT NULL,
  `total_allowance` varchar(255) NOT NULL,
  `total_deduction` varchar(255) NOT NULL,
  `net_salary` varchar(255) NOT NULL,
  `added_by` int(111) NOT NULL,
  `created_at` varchar(255) NOT NULL
) ENGINE=InnoDB DEFAULT CHARSET=utf8 COLLATE=utf8_general_ci;

--
-- Dumping data for table `xin_salary_templates`
--

INSERT INTO `xin_salary_templates` (`salary_template_id`, `company_id`, `salary_grades`, `basic_salary`, `overtime_rate`, `house_rent_allowance`, `medical_allowance`, `travelling_allowance`, `dearness_allowance`, `security_deposit`, `provident_fund`, `tax_deduction`, `gross_salary`, `total_allowance`, `total_deduction`, `net_salary`, `added_by`, `created_at`) VALUES
(1, 1, 'Monthly', '2500', '', '50', '60', '70', '80', '40', '20', '30', '2760', '260', '90', '2670', 1, '22-03-2018 01:40:06');

-- --------------------------------------------------------

--
-- Table structure for table `xin_security_level`
--

CREATE TABLE `xin_security_level` (
  `type_id` int(111) NOT NULL,
  `name` varchar(255) NOT NULL,
  `created_at` varchar(255) NOT NULL
) ENGINE=InnoDB DEFAULT CHARSET=utf8 COLLATE=utf8_general_ci;

--
-- Dumping data for table `xin_security_level`
--

INSERT INTO `xin_security_level` (`type_id`, `name`, `created_at`) VALUES
(1, 'SSL', '16-02-2020 01:09:36');

-- --------------------------------------------------------

--
-- Table structure for table `xin_sub_departments`
--

CREATE TABLE `xin_sub_departments` (
  `sub_department_id` int(11) NOT NULL,
  `department_id` int(11) NOT NULL,
  `department_name` varchar(200) NOT NULL,
  `created_at` varchar(200) NOT NULL
) ENGINE=InnoDB DEFAULT CHARSET=utf8 COLLATE=utf8_general_ci;

--
-- Dumping data for table `xin_sub_departments`
--

INSERT INTO `xin_sub_departments` (`sub_department_id`, `department_id`, `department_name`, `created_at`) VALUES
(8, 1, 'Manager', '2019-02-15 00:22:13'),
(9, 1, 'Lead Manager', '2019-02-15 00:22:21'),
(10, 2, 'Accountant', '2019-02-15 00:22:26');

-- --------------------------------------------------------

--
-- Table structure for table `xin_support_tickets`
--

CREATE TABLE `xin_support_tickets` (
  `ticket_id` int(11) NOT NULL,
  `company_id` int(11) NOT NULL,
  `ticket_code` varchar(200) NOT NULL,
  `subject` varchar(255) NOT NULL,
  `employee_id` int(111) NOT NULL,
  `ticket_priority` varchar(255) NOT NULL,
  `department_id` int(111) NOT NULL,
  `assigned_to` mediumtext NOT NULL,
  `message` mediumtext NOT NULL,
  `description` mediumtext NOT NULL,
  `ticket_remarks` mediumtext NOT NULL,
  `ticket_status` varchar(200) NOT NULL,
  `ticket_note` mediumtext NOT NULL,
  `is_notify` int(11) NOT NULL,
  `ticket_image` varchar(255) NOT NULL,
  `end_date` varchar(255) NOT NULL,
  `created_by` int(11) NOT NULL,
  `created_at` varchar(255) NOT NULL
) ENGINE=InnoDB DEFAULT CHARSET=utf8 COLLATE=utf8_general_ci;

--
-- Dumping data for table `xin_support_tickets`
--

INSERT INTO `xin_support_tickets` (`ticket_id`, `company_id`, `ticket_code`, `subject`, `employee_id`, `ticket_priority`, `department_id`, `assigned_to`, `message`, `description`, `ticket_remarks`, `ticket_status`, `ticket_note`, `is_notify`, `ticket_image`, `end_date`, `created_by`, `created_at`) VALUES
(2, 1, 'IUA1CJP', 'Test', 0, '3', 3, '', '', 'Test', '', '1', '', 0, '0', '2020-04-08', 7, '08-04-2020 04:23:03');

-- --------------------------------------------------------

--
-- Table structure for table `xin_support_tickets_employees`
--

CREATE TABLE `xin_support_tickets_employees` (
  `tickets_employees_id` int(11) NOT NULL,
  `ticket_id` int(11) NOT NULL,
  `employee_id` int(11) NOT NULL,
  `is_notify` int(11) NOT NULL,
  `created_at` varchar(255) NOT NULL
) ENGINE=InnoDB DEFAULT CHARSET=latin1 COLLATE=latin1_swedish_ci;

--
-- Dumping data for table `xin_support_tickets_employees`
--

INSERT INTO `xin_support_tickets_employees` (`tickets_employees_id`, `ticket_id`, `employee_id`, `is_notify`, `created_at`) VALUES
(1, 1, 14, 1, '20-02-2020 12:58:12'),
(2, 2, 6, 1, '08-04-2020 04:23:03');

-- --------------------------------------------------------

--
-- Table structure for table `xin_support_ticket_files`
--

CREATE TABLE `xin_support_ticket_files` (
  `ticket_file_id` int(111) NOT NULL,
  `ticket_id` int(111) NOT NULL,
  `employee_id` int(111) NOT NULL,
  `ticket_files` varchar(255) NOT NULL,
  `file_size` varchar(255) NOT NULL,
  `created_at` varchar(255) NOT NULL
) ENGINE=InnoDB DEFAULT CHARSET=utf8 COLLATE=utf8_general_ci;

-- --------------------------------------------------------

--
-- Table structure for table `xin_system_setting`
--

CREATE TABLE `xin_system_setting` (
  `setting_id` int(111) NOT NULL,
  `application_name` varchar(255) NOT NULL,
  `default_currency` varchar(255) NOT NULL,
  `default_currency_id` int(11) NOT NULL,
  `default_currency_symbol` varchar(255) NOT NULL,
  `show_currency` varchar(255) NOT NULL,
  `currency_position` varchar(255) NOT NULL,
  `notification_position` varchar(255) NOT NULL,
  `notification_close_btn` varchar(255) NOT NULL,
  `notification_bar` varchar(255) NOT NULL,
  `enable_registration` varchar(255) NOT NULL,
  `login_with` varchar(255) NOT NULL,
  `date_format_xi` varchar(255) NOT NULL,
  `employee_manage_own_contact` varchar(255) NOT NULL,
  `employee_manage_own_profile` varchar(255) NOT NULL,
  `employee_manage_own_qualification` varchar(255) NOT NULL,
  `employee_manage_own_work_experience` varchar(255) NOT NULL,
  `employee_manage_own_document` varchar(255) NOT NULL,
  `employee_manage_own_picture` varchar(255) NOT NULL,
  `employee_manage_own_social` varchar(255) NOT NULL,
  `employee_manage_own_bank_account` varchar(255) NOT NULL,
  `enable_attendance` varchar(255) NOT NULL,
  `enable_clock_in_btn` varchar(255) NOT NULL,
  `enable_email_notification` varchar(255) NOT NULL,
  `payroll_include_day_summary` varchar(255) NOT NULL,
  `payroll_include_hour_summary` varchar(255) NOT NULL,
  `payroll_include_leave_summary` varchar(255) NOT NULL,
  `enable_job_application_candidates` varchar(255) NOT NULL,
  `job_logo` varchar(255) NOT NULL,
  `payroll_logo` varchar(255) NOT NULL,
  `is_payslip_password_generate` int(11) NOT NULL,
  `payslip_password_format` varchar(255) NOT NULL,
  `enable_profile_background` varchar(255) NOT NULL,
  `enable_policy_link` varchar(255) NOT NULL,
  `enable_layout` varchar(255) NOT NULL,
  `job_application_format` mediumtext NOT NULL,
  `technical_competencies` text DEFAULT NULL,
  `organizational_competencies` text DEFAULT NULL,
  `project_email` varchar(255) NOT NULL,
  `holiday_email` varchar(255) NOT NULL,
  `leave_email` varchar(255) NOT NULL,
  `payslip_email` varchar(255) NOT NULL,
  `award_email` varchar(255) NOT NULL,
  `recruitment_email` varchar(255) NOT NULL,
  `announcement_email` varchar(255) NOT NULL,
  `training_email` varchar(255) NOT NULL,
  `task_email` varchar(255) NOT NULL,
  `compact_sidebar` varchar(255) NOT NULL,
  `fixed_header` varchar(255) NOT NULL,
  `fixed_sidebar` varchar(255) NOT NULL,
  `boxed_wrapper` varchar(255) NOT NULL,
  `layout_static` varchar(255) NOT NULL,
  `system_skin` varchar(255) NOT NULL,
  `animation_effect` varchar(255) NOT NULL,
  `animation_effect_modal` varchar(255) NOT NULL,
  `animation_effect_topmenu` varchar(255) NOT NULL,
  `footer_text` varchar(255) NOT NULL,
  `is_ssl_available` varchar(50) NOT NULL,
  `is_active_sub_departments` varchar(10) NOT NULL,
  `default_language` varchar(200) NOT NULL,
  `statutory_fixed` varchar(100) NOT NULL,
  `system_timezone` varchar(200) NOT NULL,
  `system_ip_address` varchar(255) NOT NULL,
  `system_ip_restriction` varchar(200) NOT NULL,
  `google_maps_api_key` mediumtext NOT NULL,
  `module_recruitment` varchar(100) NOT NULL,
  `module_travel` varchar(100) NOT NULL,
  `module_performance` varchar(100) NOT NULL,
  `module_payroll` varchar(10) NOT NULL,
  `module_files` varchar(100) NOT NULL,
  `module_awards` varchar(100) NOT NULL,
  `module_training` varchar(100) NOT NULL,
  `module_inquiry` varchar(100) NOT NULL,
  `module_language` varchar(100) NOT NULL,
  `module_orgchart` varchar(100) NOT NULL,
  `module_accounting` varchar(111) NOT NULL,
  `module_events` varchar(100) NOT NULL,
  `module_goal_tracking` varchar(100) NOT NULL,
  `module_assets` varchar(100) NOT NULL,
  `module_projects_tasks` varchar(100) NOT NULL,
  `module_chat_box` varchar(100) NOT NULL,
  `enable_page_rendered` varchar(255) NOT NULL,
  `enable_current_year` varchar(255) NOT NULL,
  `employee_login_id` varchar(200) NOT NULL,
  `paypal_email` varchar(100) NOT NULL,
  `paypal_sandbox` varchar(10) NOT NULL,
  `paypal_active` varchar(10) NOT NULL,
  `stripe_secret_key` varchar(200) NOT NULL,
  `stripe_publishable_key` varchar(200) NOT NULL,
  `stripe_active` varchar(10) NOT NULL,
  `online_payment_account` int(11) NOT NULL,
  `is_half_monthly` tinyint(1) NOT NULL,
  `half_deduct_month` tinyint(1) NOT NULL,
  `enable_auth_background` varchar(11) NOT NULL,
  `hr_version` varchar(200) NOT NULL,
  `hr_release_date` varchar(100) NOT NULL,
  `updated_at` varchar(255) NOT NULL
) ENGINE=InnoDB DEFAULT CHARSET=utf8 COLLATE=utf8_general_ci;

--
-- Dumping data for table `xin_system_setting`
--

INSERT INTO `xin_system_setting` (`setting_id`, `application_name`, `default_currency`, `default_currency_id`, `default_currency_symbol`, `show_currency`, `currency_position`, `notification_position`, `notification_close_btn`, `notification_bar`, `enable_registration`, `login_with`, `date_format_xi`, `employee_manage_own_contact`, `employee_manage_own_profile`, `employee_manage_own_qualification`, `employee_manage_own_work_experience`, `employee_manage_own_document`, `employee_manage_own_picture`, `employee_manage_own_social`, `employee_manage_own_bank_account`, `enable_attendance`, `enable_clock_in_btn`, `enable_email_notification`, `payroll_include_day_summary`, `payroll_include_hour_summary`, `payroll_include_leave_summary`, `enable_job_application_candidates`, `job_logo`, `payroll_logo`, `is_payslip_password_generate`, `payslip_password_format`, `enable_profile_background`, `enable_policy_link`, `enable_layout`, `job_application_format`, `technical_competencies`, `organizational_competencies`, `project_email`, `holiday_email`, `leave_email`, `payslip_email`, `award_email`, `recruitment_email`, `announcement_email`, `training_email`, `task_email`, `compact_sidebar`, `fixed_header`, `fixed_sidebar`, `boxed_wrapper`, `layout_static`, `system_skin`, `animation_effect`, `animation_effect_modal`, `animation_effect_topmenu`, `footer_text`, `is_ssl_available`, `is_active_sub_departments`, `default_language`, `statutory_fixed`, `system_timezone`, `system_ip_address`, `system_ip_restriction`, `google_maps_api_key`, `module_recruitment`, `module_travel`, `module_performance`, `module_payroll`, `module_files`, `module_awards`, `module_training`, `module_inquiry`, `module_language`, `module_orgchart`, `module_accounting`, `module_events`, `module_goal_tracking`, `module_assets`, `module_projects_tasks`, `module_chat_box`, `enable_page_rendered`, `enable_current_year`, `employee_login_id`, `paypal_email`, `paypal_sandbox`, `paypal_active`, `stripe_secret_key`, `stripe_publishable_key`, `stripe_active`, `online_payment_account`, `is_half_monthly`, `half_deduct_month`, `enable_auth_background`, `hr_version`, `hr_release_date`, `updated_at`) VALUES
(1, 'Getup Ltd. PM', 'BDT - ', 1, 'BDT - ', 'code', 'Prefix', 'toast-top-center', 'true', 'true', 'no', 'username', 'd-M-Y', 'yes', 'yes', 'yes', 'yes', 'yes', 'yes', 'yes', 'yes', 'yes', '', 'yes', 'yes', 'yes', 'yes', '1', 'job_logo_1692503671.png', 'payroll_logo_1692503676.png', 0, 'full_name', 'yes', 'yes', 'yes', 'doc,docx,pdf', 'Customer Experience,Marketing,Administration', 'Professionalism,Integrity,Attendance', 'yes', 'yes', 'yes', 'yes', 'yes', 'yes', 'yes', 'yes', 'yes', 'sidebar_layout_hrsale', '', 'fixed-sidebar', 'boxed_layout_hrsale', '', 'skin-default', 'fadeInDown', 'tada', 'tada', 'Getup Ltd.', 'yes', '', 'english', 'yes', 'Asia/Dhaka', '103.142.68.70', '', 'AIzaSyB3gP8H3eypotNeoEtezbRiF_f8Zh_p4ck', '', '', '', '', '', 'true', 'true', 'true', '', '', 'true', '', 'true', 'true', 'true', '', 'yes', 'yes', 'email', '', 'no', 'no', 'sk_test_2XEyr1hQFGByITfQjSwFqNtm', 'pk_test_zVFISCqeQPnniD0ywHBHikMd', 'no', 1, 0, 1, 'yes', '1.0.3', '2018-03-28', '2018-03-28 04:27:32');

-- --------------------------------------------------------

--
-- Table structure for table `xin_tasks`
--

CREATE TABLE `xin_tasks` (
  `task_id` int(11) NOT NULL,
  `company_id` int(11) NOT NULL,
  `project_id` int(111) NOT NULL,
  `created_by` int(111) NOT NULL,
  `task_name` varchar(255) NOT NULL,
  `assigned_to` varchar(255) NOT NULL,
  `start_date` varchar(200) NOT NULL,
  `end_date` varchar(200) NOT NULL,
  `task_hour` varchar(200) NOT NULL,
  `task_progress` varchar(200) NOT NULL,
  `description` mediumtext NOT NULL,
  `task_status` int(5) NOT NULL,
  `task_note` mediumtext NOT NULL,
  `is_notify` int(11) NOT NULL,
  `created_at` varchar(200) NOT NULL
) ENGINE=InnoDB DEFAULT CHARSET=utf8 COLLATE=utf8_general_ci;

--
-- Dumping data for table `xin_tasks`
--

INSERT INTO `xin_tasks` (`task_id`, `company_id`, `project_id`, `created_by`, `task_name`, `assigned_to`, `start_date`, `end_date`, `task_hour`, `task_progress`, `description`, `task_status`, `task_note`, `is_notify`, `created_at`) VALUES
(86, 1, 2, 23, '6', '14', '2020-02-20', '2020-02-20', '1', '100', '&lt;p&gt;EP Net - Balance show kore, sms Jayna&lt;/p&gt;&lt;br&gt;&lt;p&gt;http://portal.olineit.com&lt;/p&gt;&lt;br&gt;&lt;p&gt;user: epnetbd&lt;/p&gt;&lt;br&gt;&lt;p&gt;Pass: 1Qgg2nbPT&lt;/p&gt;', 2, '', 0, '2020-02-20 01:01:33'),
(87, 1, 2, 14, '5', '14', '2020-02-20', '2020-02-20', '4', '100', '1. National Id card image view in details page&lt;br&gt;2. Registration/SignUp for image view in details page&lt;br&gt;3. Father,Mother,ReferenceBy,ConnectedBy,Form Num(New Filed Data) Bind&lt;br&gt;4. Make responsive design for images viewer section&lt;br&gt;5. Mikrotik Status Enabled/Disabled switch in details page', 2, '', 0, '2020-02-20 07:59:00'),
(88, 1, 2, 14, '5', '14', '2020-02-20', '2020-02-20', '3', '100', '&lt;p&gt;1. Edit page redesign for new fileds &amp; step validationusing form wizard&lt;br&gt;2. Client import page redesign for new filed &amp; step validation using form wizard&lt;br&gt;3. Bandwidth items added in client edit &amp; import page for Inventory module&lt;/p&gt;', 2, '', 0, '2020-02-20 08:04:38'),
(89, 1, 2, 9, '5', '9', '2020-02-19', '2020-02-22', '22', '100', 'Item &amp;amp; category tree in bandwidth buy and sell', 2, '', 0, '2020-02-22 11:31:35'),
(90, 1, 2, 10, '6', '7,9,14', '2020-02-22', '2020-02-22', '4', '25', '&lt;p&gt;http://cybernet.ispdigital.cloud/MACReseller/Details/4&lt;/p&gt;&lt;p&gt;&lt;br&gt;&lt;/p&gt;&lt;p&gt;fund kate na&lt;/p&gt;', 1, '', 0, '2020-02-22 03:58:59'),
(91, 1, 2, 14, '5', '14', '2020-02-24', '2020-02-24', '2', '100', '1. SSL Wireless Bulk SMS Gateway Implementation&lt;br&gt;2. EPNet bulk sms gateway Update', 2, '', 0, '2020-02-24 02:40:08'),
(92, 1, 2, 10, '6', '14', '2020-02-24', '2020-02-24', '3', '100', '&lt;p&gt;http://bdm.ispdigital.net/DailyAccountClosing/Bill&lt;/p&gt;&lt;br&gt;&lt;p&gt;Daily Account Closing a billing collect korleo line off hoye jay&lt;/p&gt;', 2, 'Received+Discount amount 2tar sum kore jodi Due amount er equal hoy tahole ar line off hobe na', 0, '2020-02-24 05:12:59'),
(93, 1, 2, 10, '6', '14', '2020-02-24', '2020-02-24', '3', '100', '&lt;p&gt;http://asian-network.ispdigital.net/MACReseller/Details/3&lt;/p&gt;&lt;p&gt;Mac Reseller module&lt;/p&gt;&lt;br&gt;&lt;p&gt;Mac reseller module ulot palot hoye geche&lt;/p&gt;&lt;p&gt;amon onek mac reseller ar hoyece&lt;/p&gt;', 2, '', 0, '2020-02-24 05:16:46'),
(94, 1, 2, 14, '6', '14', '2020-02-24', '2020-02-24', '1', '100', '&lt;p&gt;&lt;a href=\\&quot;http://jannatnetwork.ispdigital.net/Expense/MonthlyExpenseSheet\\&quot;&gt;http://jannatnetwork.ispdigital.net/Expense/MonthlyExpenseSheet&lt;/a&gt;&lt;br&gt;&lt;br&gt;1. Monthly Expense history te amount mismatch ase&lt;br&gt;2. Individual items gulutei amount vul ase&lt;/p&gt;', 2, '', 0, '2020-02-24 09:52:07'),
(95, 1, 2, 14, '5', '14', '2020-02-24', '2020-02-29', '5', '100', '&lt;p&gt;&lt;span xss=removed&gt;Skyview Online Ltd &gt;&gt; Technical Integration&lt;/span&gt;&lt;/p&gt;', 2, '', 0, '2020-02-24 10:49:05'),
(96, 1, 2, 10, '5', '14', '2020-02-25', '2020-02-28', '72', '100', '&lt;p&gt;&lt;span xss=removed&gt;Armour&lt;/span&gt;&lt;span xss=removed&gt;tech ar static client left kore abar akoi user diye new client add korte chay&lt;/span&gt;&lt;/p&gt;', 2, '', 0, '2020-02-25 03:07:04'),
(99, 1, 2, 10, '6', '14', '2020-02-24', '2020-02-26', '72', '100', '&lt;p&gt;http://gonicom.ispdigital.net/MACReseller/Details/10&lt;/p&gt;&lt;br&gt;&lt;p&gt;10 Tarikh theke 22 Tarikh porjonto 47 jon user er fund kete nite hobe&lt;/p&gt;', 2, '', 0, '2020-02-26 02:09:05'),
(100, 1, 2, 21, '6', '14', '2020-02-26', '2020-02-26', '4', '100', '&lt;p&gt;&lt;a href=\\&quot;\\\\\\\\\\&quot;&gt;http://k.worldbd.net/&lt;/a&gt;&lt;/p&gt;&lt;p&gt;&lt;strong&gt;CPanel credential&lt;/strong&gt;&lt;br&gt;&lt;/p&gt;&lt;p&gt;https://worldbd.net:2083/&lt;/p&gt;&lt;p class=\\&quot;\\\\\\\\\\&quot;&gt;&lt;span class=\\&quot;\\\\\\\\\\&quot;&gt;&lt;span&gt;User name : wordbd&lt;/span&gt;&lt;/span&gt;&lt;/p&gt;&lt;p class=\\&quot;\\\\\\\\\\&quot;&gt;&lt;span class=\\&quot;\\\\\\\\\\&quot;&gt;&lt;span&gt;password : ispdigital1234&lt;br&gt;&lt;/span&gt;&lt;/span&gt;&lt;/p&gt;&lt;span class=\\&quot;\\\\\\\\\\&quot;&gt;&lt;span&gt;&lt;br&gt;&lt;/span&gt;&lt;/span&gt;&lt;p class=\\&quot;\\\\\\\\\\&quot;&gt;&lt;span class=\\&quot;\\\\\\\\\\&quot;&gt;&lt;span&gt;2. &lt;/span&gt;&lt;/span&gt;&lt;span class=\\&quot;\\\\\\\\\\&quot;&gt;&lt;span&gt;&lt;span class=\\&quot;\\\\\\\\\\&quot;&gt;&lt;span&gt;portal.wordbd.net e ssl security add korte hobe&lt;br&gt;&lt;/span&gt;&lt;/span&gt;&lt;/span&gt;&lt;/span&gt;&lt;/p&gt;', 2, 'Previous URL: k.ispdigital.cloud \nChanged To URL: k.worldbd.net', 0, '2020-02-26 03:39:14'),
(101, 1, 2, 21, '6', '14', '2020-02-26', '2020-02-26', '3', '10', 'client edit korle nid picture upload er option nai&lt;img alt=\\&quot;\\&quot;&gt;', 1, '', 0, '2020-02-26 04:01:52'),
(102, 1, 2, 10, '6', '14', '2020-02-26', '2020-02-26', '1', '100', '&lt;p&gt;http://sparkonline.ispdigital.net/bandwidthprovider/index&lt;br&gt;&lt;/p&gt;&lt;br&gt;&lt;p&gt;delete korte hobe&lt;/p&gt;', 2, '', 0, '2020-02-26 07:36:58'),
(103, 1, 9, 14, '5', '7,9,14', '2020-02-20', '2020-02-29', '20', '0', '1. Project deployment&lt;br&gt;2. Publish File Uploaded&lt;br&gt;3. SSL Certificate Issued using letsencrypt&lt;br&gt;4. bKash Checkout API working', 0, '', 0, '2020-02-26 07:39:38'),
(104, 1, 9, 14, '5', '7,9,14', '2020-02-15', '2020-02-26', '20', '0', '&lt;p&gt;1. Project deployment&lt;/p&gt;&lt;p&gt;2. Publish File Uploaded&lt;/p&gt;&lt;p&gt;3. SSL Certificate Issued using letsencrypt&lt;/p&gt;&lt;p&gt;4. bKash Checkout API working&lt;/p&gt;', 0, '', 0, '2020-02-26 07:45:14'),
(105, 1, 2, 21, '6', '14', '2020-02-27', '2020-02-27', '8', '100', '&lt;p&gt;1. http://k.ispdigital.cloud/&lt;/p&gt;&lt;p&gt;&lt;strong&gt;CPanel credential&lt;/strong&gt;&lt;br&gt;&lt;/p&gt;&lt;p&gt;https://worldbd.net:2083/&lt;/p&gt;&lt;p class=\\&quot;\\\\\\\\\\&quot;&gt;&lt;span class=\\&quot;\\\\\\\\\\&quot;&gt;&lt;span&gt;User name : wordbd&lt;/span&gt;&lt;/span&gt;&lt;/p&gt;&lt;p class=\\&quot;\\\\\\\\\\&quot;&gt;&lt;span class=\\&quot;\\\\\\\\\\&quot;&gt;&lt;span&gt;password : ispdigital1234&lt;br&gt;&lt;/span&gt;&lt;/span&gt;&lt;/p&gt;&lt;span class=\\&quot;\\\\\\\\\\&quot;&gt;&lt;span&gt;&lt;br&gt;&lt;/span&gt;&lt;/span&gt;&lt;p class=\\&quot;\\\\\\\\\\&quot; xss=removed&gt;&lt;span class=\\&quot;\\\\\\\\\\&quot;&gt;&lt;span&gt;2. &lt;/span&gt;&lt;/span&gt;&lt;span class=\\&quot;\\\\\\\\\\&quot;&gt;&lt;span&gt;&lt;span class=\\&quot;_5yl5\\&quot;&gt;&lt;span&gt;portal.wordbd.net e ssl security add korte hobe&lt;br&gt;&lt;/span&gt;&lt;/span&gt;&lt;/span&gt;&lt;/span&gt;&lt;/p&gt;', 2, '', 0, '2020-02-27 11:31:38'),
(106, 1, 2, 10, '6', '14', '2020-02-27', '2020-02-27', '8', '100', '&lt;p&gt;https://netonline.ispdigital.net/MACReseller/Details/14&lt;/p&gt;&lt;p&gt;client beshi dekhay&lt;br&gt;&lt;/p&gt;', 2, '', 0, '2020-02-27 12:16:28'),
(107, 1, 2, 10, '5', '14', '2020-02-27', '2020-02-27', '6', '100', '&lt;p&gt;Mac Reseller client list, Billing list scroll&lt;/p&gt;hobe na&lt;br&gt;', 2, '', 0, '2020-02-27 12:25:03'),
(108, 1, 2, 23, '5', '14', '2020-02-27', '2020-02-28', '5', '58', '&lt;p&gt;Alpha Satellite Network - alada alada client select kore bill download, invoice er 2 copy, logo size er issue&lt;br&gt;&lt;br&gt;&lt;/p&gt;&lt;p&gt;&lt;br&gt;&lt;/p&gt;&lt;p&gt;alphasnet.ispdigital.cloud&lt;/p&gt;', 1, '', 0, '2020-02-27 01:22:16'),
(109, 1, 2, 21, '6', '14', '2020-02-27', '2020-02-27', '1', '100', '&lt;p&gt;http://k.worldbd.net/&lt;/p&gt;&lt;div&gt;&lt;br&gt;&lt;/div&gt;&lt;div&gt;unar ssl security add korte hobe&lt;br&gt;&lt;/div&gt;', 2, '', 0, '2020-02-27 06:38:38'),
(110, 1, 2, 14, '6', '14', '2020-02-27', '2020-02-27', '2', '100', '&lt;p&gt;Skyview Online Limited&lt;br&gt;===========================&lt;br&gt;1. https://portal.skyviewonlineltd.com/DashboardSettingPanel/PaymentSettings update korle JSON message return kore&lt;br&gt;2.https://portal.skyviewonlineltd.com/Tariff/Index tariff add kora jay na&lt;/p&gt;', 2, '', 0, '2020-02-27 08:31:12'),
(111, 1, 2, 21, '6', '14', '2020-02-29', '2020-02-29', '4', '100', '&lt;p&gt;http://armourtech.ispdigital.cloud/customer/LeftCustomers&lt;br&gt;&lt;br&gt;client left but ip not removed&lt;/p&gt;&lt;p&gt;&lt;img alt=\\&quot;\\&quot;&gt;&lt;/p&gt;', 2, '', 0, '2020-02-29 03:03:20'),
(112, 1, 2, 10, '6', '9,14', '2020-03-01', '2020-03-01', '8', '12', '&lt;p&gt;http://skylarknet.ispdigital.cloud/MACReseller/Details/19&lt;/p&gt;&lt;br&gt;&lt;p&gt;left client delete korte hobe&lt;/p&gt;', 1, '', 0, '2020-03-01 12:34:25'),
(113, 1, 2, 10, '6', '9', '2020-03-01', '2020-03-01', '6', '100', '&lt;p&gt;http://admin.hsbnbd.com/customermanage/index&lt;br&gt;&lt;/p&gt;', 2, '', 0, '2020-03-01 12:40:14'),
(114, 1, 2, 10, '5', '9', '2020-03-01', '2020-03-03', '72', '0', '&lt;p&gt;1. (Total Client) a software sob client dekhabe abar (Client List) o dekhay&lt;/p&gt;&lt;br&gt;&lt;p&gt;2. Bandwidth Buy &amp; sell ar hisab dashboard a thakbe&lt;/p&gt;&lt;br&gt;&lt;p&gt;3. puro Dashboard niye uni confused change lagbe. &lt;/p&gt;', 0, '', 0, '2020-03-01 02:34:32'),
(115, 1, 2, 9, '5', '9', '2020-03-01', '2020-03-02', '1', '100', 'Citycom deployment', 2, '', 0, '2020-03-01 03:28:23'),
(116, 1, 2, 10, '6', '9', '2020-03-01', '2020-03-02', '5', '100', '&lt;p&gt;http://tnet.ispdigital.cloud/MacReseller/Index&lt;/p&gt;&lt;br&gt;&lt;p&gt;1. all Mac Reseller ar billing ai mash theke generate hobe&lt;/p&gt;&lt;p&gt;2. debit/credit transaction delete kore dite hobe&lt;/p&gt;', 2, '', 0, '2020-03-01 03:49:56'),
(117, 1, 2, 10, '6', '9', '2020-03-01', '2020-03-01', '5', '100', '&lt;p&gt;http://tnet.ispdigital.cloud/Billing/Index&lt;br&gt;&lt;/p&gt;&lt;p&gt;tar billing ai mash theke generate korte chay&lt;/p&gt;', 2, '', 0, '2020-03-01 03:54:54'),
(118, 1, 2, 21, '6', '14', '2020-03-02', '2020-03-02', '9', '100', '&lt;p&gt;&lt;a href=\\&quot;http://portal.worldbd.net/ToDoList/ToDoTable\\&quot;&gt;http://portal.worldbd.net/ToDoList/ToDoTable&lt;/a&gt;&lt;/p&gt;&lt;br&gt;&lt;p&gt;user id not showing&lt;br&gt;&lt;/p&gt;&lt;br&gt;&lt;p&gt;&lt;img alt=\\&quot;\\&quot;&gt;&lt;/p&gt;', 2, '', 0, '2020-03-02 11:01:05'),
(119, 1, 2, 10, '6', '14', '2020-03-02', '2020-03-03', '8', '100', '&lt;p&gt;http://centurylink.ispdigital.net/MACReseller/Details/14&lt;/p&gt;&lt;br&gt;&lt;p&gt;Mac Reseller ar Password change korleo login korte pare&lt;/p&gt;', 2, '', 0, '2020-03-02 07:35:32'),
(120, 1, 2, 21, '6', '6,14', '2020-03-03', '2020-03-03', '4', '100', '&lt;p&gt;http://pentasix.snbd.xyz/MACReseller/Index&lt;/p&gt;&lt;p&gt;mac reseller online client monitoring isn\\&#039;t working&lt;/p&gt;&lt;img alt=\\&quot;\\&quot;&gt;', 2, '', 0, '2020-03-03 03:14:48'),
(122, 1, 2, 10, '5', '9,14', '2020-03-05', '2020-03-10', '120', '0', '&lt;p&gt;Tuhin Enterprise&lt;/p&gt;&lt;p&gt;1. Income,Expense ar moddhe Read, Write permission chay&lt;/p&gt;&lt;p&gt;2. Read mode employee ra client profile view korte parbe but bill generate recv e jet parbena&lt;/p&gt;', 0, '', 0, '2020-03-05 01:30:53'),
(123, 1, 2, 14, '6', '14', '2020-03-04', '2020-03-04', '1', '100', '&lt;p&gt;https://portal.worldbd.net/ClientSupport/MonthlyComplainList&lt;br&gt;&lt;br&gt;search not working in support history&lt;br&gt;&lt;/p&gt;', 2, '', 0, '2020-03-05 06:00:41'),
(124, 1, 2, 14, '6', '14', '2020-03-04', '2020-03-04', '1', '100', '&lt;p&gt;http://novus.ispdigital.cloud/Mikrotik/ClientsList -&lt;/p&gt;&lt;br&gt;&lt;p&gt;bill expired client rat 10 tay bondho hocche&lt;/p&gt;', 2, '', 0, '2020-03-05 06:01:14'),
(125, 1, 2, 14, '6', '14', '2020-03-05', '2020-03-05', '1', '100', '&lt;p&gt;http://elengadotnet.ispdigital.cloud/&lt;/p&gt;&lt;p&gt;client add korar somoy ei problem dekhacce&lt;/p&gt;', 2, '', 0, '2020-03-05 06:02:57'),
(126, 1, 2, 10, '6', '14', '2020-03-05', '2020-03-05', '3', '100', '&lt;p&gt;http://hmenterprise.ispdigital.cloud/MACReseller/Details/8&lt;/p&gt;', 2, '', 0, '2020-03-05 06:28:46'),
(127, 1, 2, 14, '5', '14', '2020-03-05', '2020-03-06', '2', '100', '&lt;p&gt;&lt;a href=\\&quot;https://71bulksms.com/index.html\\&quot;&gt;https://71bulksms.com/index.html&lt;/a&gt;&lt;br&gt;&lt;br&gt;New SMS Provider Implementation&lt;br&gt;-----------------------------------&lt;br&gt;Dear user, your user ID: testAnowerHossen123@gmail.com And Password: testAnowerHossen123 Login at https://71bulksms.com/ to send 10 demo SMS. We providindg 1 poisha or 10 poisha per SMS. Thank you&lt;br&gt;&lt;/p&gt;', 2, '', 0, '2020-03-05 07:34:28'),
(128, 1, 2, 14, '5', '14', '2020-03-05', '2020-03-06', '5', '100', '&lt;p&gt;&lt;a href=\\&quot;http://jannatnetwork.ispdigital.net/\\&quot;&gt;http://jannatnetwork.ispdigital.net/&lt;/a&gt;&lt;br&gt;&lt;br&gt;Foster Payment Gateway Integration&lt;br&gt;-------------------------------------&lt;br&gt;&lt;/p&gt;&lt;p&gt;Dear Concern,&lt;/p&gt;&lt;p&gt;please have the API doc for demo Integration purpose.&lt;/p&gt;&lt;p&gt;Below the information you need:&lt;/p&gt;&lt;p&gt;Integration Information&lt;/p&gt;&lt;p&gt;1) mcnt_AccessCode= 200302054900&lt;/p&gt;&lt;p&gt;2) mcnt_ShortName= Jannat Network&lt;/p&gt;&lt;p&gt;3) mcnt_ShopId= 121&lt;/p&gt;&lt;p&gt;4) secretkey= a6f6a8140ab46ebb3ecc027ff5fa4f66&lt;/p&gt;&lt;br&gt;&lt;p&gt;Panel Information&lt;/p&gt;&lt;p&gt;1) Your UserID= Billalhossainpiintu00@gmail.com&lt;/p&gt;&lt;p&gt;2) Your Password= gexMHsNZ&lt;/p&gt;&lt;p&gt;3) URL= https://demo.fosterpayments.com.bd/fostergateway/merchant/&lt;/p&gt;&lt;p&gt;if any Questions? Email: operation@fosterpayments.com.bd or call +8801730372941&lt;/p&gt;', 2, '', 0, '2020-03-05 07:36:49'),
(129, 1, 2, 14, '6', '14', '2020-02-25', '2020-02-25', '1', '100', '&lt;p&gt;&lt;a href=\\&quot;http://jannatnetwork.ispdigital.net/Expense/MonthlyExpenseSheet\\&quot;&gt;http://jannatnetwork.ispdigital.net/Expense/MonthlyExpenseSheet&lt;/a&gt;&lt;br&gt;&lt;br&gt;&lt;span xss=removed&gt;jannatnetwork MonthlyExpenseSheet Hisaber Problem, hisab missmatch ase&lt;/span&gt;&lt;br&gt;&lt;/p&gt;', 2, '', 0, '2020-03-06 10:56:33'),
(130, 1, 2, 14, '5', '14', '2020-03-06', '2020-03-09', '5', '25', '&lt;p&gt;&lt;a href=\\&quot;\\\\\\\\\\&quot; xss=\\&quot;removed\\&quot;&gt;http://portal.todayvisionbd.com/&lt;/a&gt;MACResellerFundHistory/CreditHistory&lt;br&gt;MACReseller side e Date Wise filtering hobe&lt;br&gt;&lt;br&gt;&lt;a href=\\&quot;\\\\\\\\\\&quot; xss=\\&quot;removed\\&quot;&gt;http://portal.todayvisionbd.com&lt;/a&gt;/MACResellerFundHistory/DebitHistory&lt;br&gt;MACReseller side e recharge history month wise dekhaite hobe&lt;br&gt;&lt;br&gt;&lt;a href=\\&quot;\\\\\\\\\\&quot;&gt;http://portal.todayvisionbd.com/MACReseller/Details/18&lt;/a&gt;&lt;br&gt;1. Debit balance dekhaite hobe&lt;br&gt;2. Credit balance datewise filtering hobe&lt;br&gt;3. At a galance o update hobe&lt;br&gt;&lt;br&gt;skype te image deowa ase&lt;/p&gt;', 1, '', 0, '2020-03-06 07:03:38'),
(131, 1, 2, 14, '5', '14', '2020-03-06', '2020-03-09', '2', '100', 'Payment gateway selection er jonno, bKash end theke je requirement ta arsilo, seta complete korte hobe&lt;br&gt;&lt;br&gt;1. Single Gateway thakle, popup e choto kore ekta show koraite hobe&lt;br&gt;2. Multiple thakle present design thakbe', 2, '', 0, '2020-03-06 07:09:16'),
(132, 1, 2, 7, '7', '7', '2020-03-07', '2020-03-07', '1', '0', '', 0, '', 0, '2020-03-07 01:03:47'),
(133, 1, 2, 10, '6', '9', '2020-03-10', '2020-03-10', '6', '0', '&lt;p&gt;http://fibernet.ispdigital.net/&lt;/p&gt;&lt;br&gt;&lt;p&gt;Bill paid korle line chalu hoy na&lt;/p&gt;', 0, '', 1, '2020-03-10 11:14:57'),
(134, 1, 2, 14, '5', '14', '2020-03-10', '2020-03-13', '24', '5', '&lt;p&gt;&lt;strong&gt;Branch Theory Development&lt;/strong&gt;&lt;/p&gt;1. Branch listing, New Branch Add, Edit-Update &amp; Delete&lt;br&gt;2. Company SuperUser Account Manage|&lt;br&gt;3. Head Quarter Branch Management&lt;br&gt;4. Child/Other Business Branch Management&lt;br&gt;5. Each Branch Manager Management&lt;br&gt;6. Branch Login Management', 1, '', 0, '2020-03-10 07:45:17'),
(135, 1, 2, 14, '5', '14', '2020-03-11', '2020-03-11', '2', '100', '&lt;p&gt;&lt;strong&gt;Payment Gateway Transaction Details Up gradation&lt;/strong&gt;&lt;br&gt;1. SSL Commerz Gateway&lt;br&gt;2. FosterPayments Gateaway&lt;br&gt;3. bKash Checkout Gateway&lt;/p&gt;', 2, '', 0, '2020-03-11 07:07:16'),
(136, 1, 2, 14, '5', '14', '2020-03-11', '2020-03-11', '2', '100', '&lt;p&gt;&lt;strong&gt;World Communication Internet Service&lt;/strong&gt;&lt;br&gt;1. bKash checkout integration&lt;br&gt;2. Email response&lt;br&gt;3. Test Credentials provide&lt;br&gt;4. Everything prepared for business &amp; technical UAT&lt;br&gt;&lt;br&gt;&lt;/p&gt;', 2, '', 0, '2020-03-11 07:10:34'),
(137, 1, 2, 14, '5', '14', '2020-03-11', '2020-03-11', '3', '100', '&lt;p&gt;&lt;strong&gt;Skyview Online Limited&lt;/strong&gt;&lt;br&gt;1. Remote Desktop Changed&lt;br&gt;2. Server Location Changed (IP Changed)&lt;br&gt;3. Application Mikrotik Server Add/Edit Problem&lt;br&gt;4. Database Update &amp; Project Update&lt;br&gt;&lt;br&gt;&lt;/p&gt;', 2, '', 0, '2020-03-11 07:14:04'),
(138, 1, 2, 21, '5', '14,21', '2020-03-11', '2020-03-11', '1', '100', '&lt;p&gt;Abdur Rahman&lt;/p&gt;&lt;p&gt;Easy Net Wi-Fi&lt;/p&gt;&lt;p&gt;easynetwifi15@gmail.com&lt;/p&gt;&lt;p&gt;01717207715&lt;/p&gt;&lt;p&gt;Basic&lt;/p&gt;&lt;p&gt;500&lt;/p&gt;&lt;p&gt;Shibtola More, Chapai Nawabgonj Shodor&lt;/p&gt;&lt;p&gt;----------------------------------------------&lt;/p&gt;&lt;p&gt;Setup Charge : 5000&lt;/p&gt;&lt;p&gt;monthly charge : 1500 (april)&lt;/p&gt;&lt;p&gt;----------------------------------------------&lt;/p&gt;&lt;p&gt;panel URL : easynetwifi.ispdigital.cloud&lt;/p&gt;', 2, '', 0, '2020-03-11 07:24:12'),
(139, 1, 2, 21, '5', '14,21', '2020-03-11', '2020-03-11', '1', '100', '&lt;p&gt;Redoy Sarker&lt;/p&gt;&lt;p&gt;Choice Network Link&lt;/p&gt;&lt;p&gt;redoyctg96@gmail.com&lt;/p&gt;&lt;p&gt;01734298203&lt;/p&gt;&lt;p&gt;Basic&lt;/p&gt;&lt;p&gt;500&lt;/p&gt;&lt;p&gt;Malek Plaza, Bondortila.cepz&lt;/p&gt;&lt;p&gt;-------------------------------&lt;/p&gt;&lt;p&gt;setup Charge : 5000&lt;/p&gt;&lt;p&gt;monthly charge : 1500 (april)&lt;/p&gt;&lt;p&gt;-------------------------------&lt;/p&gt;&lt;p&gt;panel URL : choicenet.ispdigital.cloud&lt;/p&gt;', 2, '', 0, '2020-03-11 07:30:51'),
(141, 1, 2, 14, '6', '14', '2020-03-20', '2020-03-20', '3', '100', '&lt;p&gt;&lt;strong&gt;1.&lt;/strong&gt;&lt;a href=\\&quot;http://power-net2.ispdigital.cloud/\\&quot;&gt;http://power-net2.ispdigital.cloud/&lt;/a&gt;&lt;br&gt; MACReseller client monitoring issue&lt;br&gt;&lt;br&gt;&lt;strong&gt;2&lt;/strong&gt;.&lt;a href=\\&quot;http://portal.todayvisionbd.com/\\&quot;&gt;http://portal.todayvisionbd.com/&lt;/a&gt;&lt;br&gt;  MACReseller client monitoring issue&lt;br&gt;&lt;/p&gt;', 2, '', 0, '2020-03-20 08:18:04'),
(142, 1, 2, 10, '5', '14', '2020-03-30', '2020-03-30', '6', '0', '&lt;p&gt;Power-net&lt;/p&gt;&lt;p&gt;Domain point kore dite hobe.&lt;/p&gt;&lt;p&gt;SSL certified kore o kore dite hobe&lt;br&gt;&lt;/p&gt;', 0, '', 1, '2020-03-30 12:22:45');

-- --------------------------------------------------------

--
-- Table structure for table `xin_tasks_attachment`
--

CREATE TABLE `xin_tasks_attachment` (
  `task_attachment_id` int(11) NOT NULL,
  `task_id` int(200) NOT NULL,
  `upload_by` int(255) NOT NULL,
  `file_title` varchar(255) NOT NULL,
  `file_description` mediumtext NOT NULL,
  `attachment_file` mediumtext NOT NULL,
  `created_at` varchar(200) NOT NULL
) ENGINE=InnoDB DEFAULT CHARSET=utf8 COLLATE=utf8_general_ci;

--
-- Dumping data for table `xin_tasks_attachment`
--

INSERT INTO `xin_tasks_attachment` (`task_attachment_id`, `task_id`, `upload_by`, `file_title`, `file_description`, `attachment_file`, `created_at`) VALUES
(1, 40, 6, 'Action Button Change', 'Action Button Change', 'task_1581922417.jpg', '17-02-2020 12:53:37'),
(2, 85, 14, 'Cancel Status & Package Schedulers', '1. Cancel Status Scheduler\n2. Cancel Package Scheduler', 'task_1582528739.jpg', '24-02-2020 01:18:59'),
(3, 130, 14, 'First Job', 'prothome eta korte hobe', 'task_1583499949.png', '06-03-2020 07:05:49'),
(4, 130, 14, '2nd Job', 'second job eta', 'task_1583499967.png', '06-03-2020 07:06:06');

-- --------------------------------------------------------

--
-- Table structure for table `xin_tasks_comments`
--

CREATE TABLE `xin_tasks_comments` (
  `comment_id` int(11) NOT NULL,
  `task_id` int(200) NOT NULL,
  `user_id` int(200) NOT NULL,
  `task_comments` mediumtext NOT NULL,
  `created_at` varchar(200) NOT NULL
) ENGINE=InnoDB DEFAULT CHARSET=utf8 COLLATE=utf8_general_ci;

--
-- Dumping data for table `xin_tasks_comments`
--

INSERT INTO `xin_tasks_comments` (`comment_id`, `task_id`, `user_id`, `task_comments`, `created_at`) VALUES
(1, 84, 14, 'thik kore felesi, project live e gele thik hoye jabe!!!\n\nM SAIFUL ISLAM', '19-02-2020 03:04:10'),
(2, 83, 14, 'Major kono problem paowa jay nai, sob gulu Due client disabled hoye gese\ner poreo jegulu issue mone hoyese, segulu fix kora hoyese', '19-02-2020 05:04:42'),
(3, 85, 14, 'App Scheduler report e scheduler cancel er kaj ta completed hoyese', '24-02-2020 01:17:39'),
(4, 86, 14, 'Balance amount showing problem ta fix koresi but SMS sending problem ta ekhono ase karon eta OLineIT r problem.\n\nOLineIT jader kas theke SMS niyese, ota tader pblm, ota onara fix kore disse na, even OLineIT sms panel thekeo SMS send hoy na ', '24-02-2020 01:58:50'),
(5, 86, 14, '1. Ekhno OLineIT SSLCommerz er kas theke BULK SMS niyese\n\n2. SSLCommerz er bulk SMS implement korte hobe EPNet er jonno', '24-02-2020 02:01:16'),
(6, 79, 14, 'towhid eta ki shes koreso?', '24-02-2020 02:28:08'),
(7, 91, 14, 'SSL Wireless sms service ta sob tenant database e entry korte hobe', '24-02-2020 02:42:20'),
(8, 93, 14, 'eta soho onno sob client der jader MACMenu related issue silo fix kore diyesi', '24-02-2020 09:47:14'),
(9, 92, 14, 'Thik kore diyes, project up hoye gele thik hoye jabe', '24-02-2020 09:48:47'),
(10, 94, 14, 'thik kore diyesi, project live e gele thik hoye jabe', '24-02-2020 09:53:12'),
(11, 91, 14, 'complete hoyese ', '24-02-2020 09:54:40'),
(12, 86, 14, 'eta ekhn switch kore SSLWireless e chole jabe', '24-02-2020 09:55:35'),
(13, 96, 14, 'kaj koresi, ektu, kal ke project up korle thik hoye jabe', '26-02-2020 01:37:05'),
(14, 95, 14, 'ajke unar 2nd formal sandbox er kaj complete hoye', '26-02-2020 01:38:09'),
(15, 95, 14, 'ei client er SSL certificate kore diyesi, bKash er jonno lagbe', '26-02-2020 01:38:33'),
(16, 95, 14, 'ajke formal sandbox er mail reply koresi', '26-02-2020 01:56:55'),
(18, 97, 14, 'eta kore diyesi, completed!', '26-02-2020 02:04:09'),
(19, 99, 14, 'kore diyesi, completed!', '26-02-2020 02:17:06'),
(20, 101, 14, 'hmmm, dekhlam, NID &amp; registration form Upload er option ta nai.\nAsha kora jay ajke hoye jabe', '26-02-2020 06:01:05'),
(21, 100, 14, '50% er moto kaj ta hoyese, unar cPanel &amp; WebHostBD panel er credentials gulu pele, baki kaj  shesh korte parbo', '26-02-2020 06:02:51'),
(22, 90, 14, 'eta sob somoy je fund credit hoy na, emon na, hotath korei kono ekdin fund credit hoy na\neta thread er karone kono error kina, Rifat vai ke inform koresi, eksathe bose eta dekhte hobe', '26-02-2020 06:31:25'),
(23, 95, 14, 'Sandbox-2 (Formal Sandbox) ta verify hoyese, unara reply o korese.\nAmra ei 3ta information share koresi though Mail reply\n1. Merchant wallet number:\n2. PGW display name:\n3. Email address: (in which you will receive production URL and credentials. Only one email address is acceptable)', '26-02-2020 06:39:36'),
(24, 102, 14, 'ISPBills table e data silo, ei jonno ndelete hoy nai, manually db theke delete kore diye from Both table', '26-02-2020 07:42:36'),
(25, 79, 14, '01798318848\nPENTA- SIX COMMUNICATION\n\ner number eta support er jonno al time unar sathe contact korba.\nekhon anydesk e giye, unar Tariff gulu update koro &amp; ki ki korte chay shune janao', '27-02-2020 12:51:11'),
(26, 79, 14, 'http://pentasix.snbd.xyz/MACReseller\n\nMACReseller der credit gulu delete kore diyesi\n\nar unar Profile &amp; MACReseller er client monitoring er je error ta ase, oita mikrotik er error\nMurad vai ota dekhatese, unar mirotik server update dilei thik hoyese jabe sob kisu', '27-02-2020 05:00:02'),
(27, 100, 14, 'jahidulhaqueriku@gmail.com', '27-02-2020 05:30:25'),
(28, 100, 14, 'eta comple kore diyesi, unader password change korte bolo', '27-02-2020 07:17:53'),
(29, 100, 14, 'eta comple kore diyesi, unader password change korte bolo', '27-02-2020 07:18:02'),
(30, 109, 14, 'ssl complete hoyese unar\n\nhttps://k.worldbd.net/', '27-02-2020 07:22:16'),
(31, 106, 14, 'unar sob MACReseller e ei issue silo, sobar tai fix kore diyesi', '27-02-2020 07:23:26'),
(32, 107, 14, 'kaj kortesi', '27-02-2020 07:24:13'),
(33, 108, 14, 'pdf download er kaj ta dhoresi, baki gulu asha kora jay kal ker moddhe hoye jabe', '27-02-2020 07:25:45'),
(34, 105, 14, 'etar kaj comple hoyese|\n\n2. https://portal.worldbd.net \nhosse unar ssl certified URL', '27-02-2020 07:29:01'),
(35, 110, 14, 'completed', '27-02-2020 08:37:44'),
(36, 95, 14, 'Skyview er technical integration complete hoyese, unader Live credentials diyesel, next week e Sunday/Monday te technical &amp; business UAT call korbe', '28-02-2020 03:28:27'),
(37, 108, 14, 'alpha salelite er 50% kaj done, ami ese Invoice ta kore dibo\n\nselect kore download ta kore diyesiType a message', '28-02-2020 10:42:24'),
(38, 118, 14, 'complete hoyese', '03-03-2020 10:35:15'),
(39, 119, 14, 'eta actual problem ta ki, amake janai, Kazi ami test kore login korte pari nai', '03-03-2020 10:36:27'),
(41, 119, 14, 'complete hoyese vaiya, MACReseller er listing theke Account block kore dilei ar login korte parbe na even, login kora thakleo ar access korte parbe na', '03-03-2020 04:54:29'),
(42, 119, 14, 'kazi eta ajke check korte bolo, ekhn ar oi MACReseller login kortte parbe na', '05-03-2020 05:47:39'),
(43, 112, 14, 'eta too onk problem ase, client delete korle too tar joto transaction ase sob e Delete hoye jabe, jeta Hisaber ganjam hoye jabe', '05-03-2020 05:48:58'),
(44, 111, 14, 'Robiul, edit kore update korlei, thik hoye jabe, eta kore diyesi', '05-03-2020 05:54:13'),
(45, 120, 14, 'eta Murad vai fix kore dibe, bolse', '05-03-2020 05:58:52'),
(46, 123, 14, 'Robiul bhai, ei 4ta filed er data search kora jay, History theke, ar baki gulu filtering kore korte hobe, kore diyesi, proj live e gele, search korte parbe', '05-03-2020 06:05:18'),
(47, 124, 14, 'eta kono vabei, rat 10tay amader application theke off houwar system nai, unara manually off korese hoyto, eta bondho hoy sokal 6.30AM tay,\n\nbojhar shubidharthe boli je, 3tarikh jodi kono client er billing last date hoy &amp; uni jodi 3tarikher moddhe payment na kore, tahole, 4tarikh sokal 6.30AM tay Disabled hoye jabe(Jodi oi time e server UP thake)\n@Robiul check this, tar poreo o ekhn amra log rakhbo, je kakhon client er line disabled, hosse, okay!', '05-03-2020 06:06:06'),
(48, 125, 14, '@Robiul bhai,\nclient add korar somoy ei problem dekhacce\nproblem fixed, live e gele thik hoye jabe, asha kori', '05-03-2020 06:06:54'),
(49, 126, 14, '@Kazi vaiya, uni oi MACReseller ke static profile diyese, static niye MACReseller e kaj kora nai, unake bole dio, MACReseller e just PPPOE allowed, er poreo jeno error na hoy seta thik koresi', '05-03-2020 07:20:28'),
(50, 127, 14, '50% kaj koresi, kal ke sokale finis kore dibo\n\nwith gateway provider selection Seed, jodi unader sathe contact korte pari, ora ekhono doc provide koreni', '05-03-2020 07:38:38'),
(51, 128, 14, 'Foster Payment er 50% er beshi kaj kora ase, sob kisu validate kore, final cehck diye kaj ta finish korte hobe, kal ke sesh hoye jabe ASHA kori', '05-03-2020 07:39:43'),
(52, 129, 14, 'eta kore diyesi 25 Feb, 2020 te, task na diye Bug e add koresilo', '06-03-2020 10:58:19'),
(53, 127, 14, 'SeventyOneBulkSms sending completed with data seeding done, but balance API na paowar karone, implement ektu baki thaklo, oder sateh contact o koresi, mail o koresi, but amake provide kore nai', '06-03-2020 05:19:50'),
(54, 128, 14, 'Oder office ajke off houwar karone, ajke kono reply kore nai, Internal Server error asar karone baki kaj tuku sesh korte parlam na', '06-03-2020 05:20:51'),
(55, 130, 14, 'kaj ta ektu start koresi', '06-03-2020 07:04:37'),
(56, 131, 14, 'etao start koresi', '06-03-2020 07:09:56'),
(57, 131, 14, 'eta ajke complete hoyese', '10-03-2020 07:37:46'),
(58, 128, 14, 'eta ajke complete hoyese, Jannat ke live kore diyesi, ISPBooster eo okay kore diyesi, Outside Payment link o enabled kore diyesi, ISPBooster e update kore diyesi', '10-03-2020 07:39:42'),
(59, 128, 14, 'FosterPayment totally Okay, EPnet er jonno o complete hoyese', '10-03-2020 07:40:27'),
(60, 134, 14, 'Ajke database design niye ektu dekhesi', '10-03-2020 07:46:41'),
(61, 135, 14, 'eta ajke complete koresi', '11-03-2020 07:07:52'),
(62, 136, 14, 'ajke live credentials provide korese, 2/1 diner moddhe UAT call korbe', '11-03-2020 07:11:49'),
(63, 137, 14, 'eta ajke sob kisu complete kore diyesi, unader DNS propation e ektu time lage, auto thik hoye jabe', '11-03-2020 07:15:40'),
(64, 139, 14, 'http://choicenet.ispdigital.cloud/', '11-03-2020 07:33:32'),
(65, 138, 14, 'http://easynetwifi.ispdigital.cloud/', '11-03-2020 07:34:32'),
(66, 136, 14, 'Technical UAT completed &amp; business UAT next week e call korbe, amar end er kaj totally completed', '20-03-2020 08:13:31'),
(67, 107, 14, 'MACReseller end er joto Datatable ase sob gului scroll remove kore diyesi', '20-03-2020 08:15:54'),
(68, 141, 14, 'completed hoyese, Murad vai unar sathe ektu kotha bole, unar server just resart dilei, completed', '20-03-2020 08:20:34');

-- --------------------------------------------------------

--
-- Table structure for table `xin_task_categories`
--

CREATE TABLE `xin_task_categories` (
  `task_category_id` int(11) NOT NULL,
  `category_name` varchar(255) NOT NULL,
  `created_at` varchar(255) NOT NULL
) ENGINE=InnoDB DEFAULT CHARSET=latin1 COLLATE=latin1_swedish_ci;

--
-- Dumping data for table `xin_task_categories`
--

INSERT INTO `xin_task_categories` (`task_category_id`, `category_name`, `created_at`) VALUES
(5, 'Development', '17-12-2019 10:44:48'),
(6, 'Bug', '17-12-2019 10:44:55'),
(7, 'Software Frontend Design', '17-12-2019 10:45:01'),
(8, 'Web Design', '17-12-2019 10:45:06'),
(9, 'Graphic Design', '17-12-2019 10:45:12'),
(10, 'QC Test', '17-12-2019 10:45:22'),
(11, 'Research', '15-02-2020 09:33:34'),
(12, 'Content Development', '15-02-2020 09:35:49'),
(13, 'Credentials', '18-02-2020 01:29:41');

-- --------------------------------------------------------

--
-- Table structure for table `xin_tax_types`
--

CREATE TABLE `xin_tax_types` (
  `tax_id` int(111) NOT NULL,
  `name` varchar(255) NOT NULL,
  `rate` varchar(255) NOT NULL,
  `type` varchar(255) NOT NULL,
  `description` mediumtext NOT NULL,
  `created_at` varchar(255) NOT NULL
) ENGINE=InnoDB DEFAULT CHARSET=utf8 COLLATE=utf8_general_ci;

--
-- Dumping data for table `xin_tax_types`
--

INSERT INTO `xin_tax_types` (`tax_id`, `name`, `rate`, `type`, `description`, `created_at`) VALUES
(1, 'No Tax', '0', 'fixed', 'test', '25-05-2018'),
(2, 'IVU', '2', 'fixed', 'test', '25-05-2018'),
(3, 'VAT', '5', 'percentage', 'testttt', '25-05-2018');

-- --------------------------------------------------------

--
-- Table structure for table `xin_termination_type`
--

CREATE TABLE `xin_termination_type` (
  `termination_type_id` int(111) NOT NULL,
  `company_id` int(11) NOT NULL,
  `type` varchar(255) NOT NULL,
  `created_at` varchar(255) NOT NULL
) ENGINE=InnoDB DEFAULT CHARSET=utf8 COLLATE=utf8_general_ci;

--
-- Dumping data for table `xin_termination_type`
--

INSERT INTO `xin_termination_type` (`termination_type_id`, `company_id`, `type`, `created_at`) VALUES
(1, 1, 'Voluntary', '22-03-2018 01:38:41'),
(2, 0, 'Dismissal', '16-02-2020 06:17:39'),
(3, 0, 'Discharge', '17-02-2020 12:04:47'),
(4, 0, 'Resignation', '17-02-2020 12:05:31'),
(5, 0, 'Retirement', '17-02-2020 12:05:53');

-- --------------------------------------------------------

--
-- Table structure for table `xin_theme_settings`
--

CREATE TABLE `xin_theme_settings` (
  `theme_settings_id` int(11) NOT NULL,
  `fixed_layout` varchar(200) NOT NULL,
  `fixed_footer` varchar(200) NOT NULL,
  `boxed_layout` varchar(200) NOT NULL,
  `page_header` varchar(200) NOT NULL,
  `footer_layout` varchar(200) NOT NULL,
  `statistics_cards` varchar(200) NOT NULL,
  `animation_style` varchar(100) NOT NULL,
  `theme_option` varchar(100) NOT NULL,
  `dashboard_option` varchar(100) NOT NULL,
  `dashboard_calendar` varchar(100) NOT NULL,
  `login_page_options` varchar(100) NOT NULL,
  `sub_menu_icons` varchar(100) NOT NULL,
  `statistics_cards_background` varchar(200) NOT NULL,
  `employee_cards` varchar(200) NOT NULL,
  `card_border_color` varchar(200) NOT NULL,
  `compact_menu` varchar(200) NOT NULL,
  `flipped_menu` varchar(200) NOT NULL,
  `right_side_icons` varchar(200) NOT NULL,
  `bordered_menu` varchar(200) NOT NULL,
  `form_design` varchar(200) NOT NULL,
  `is_semi_dark` int(11) NOT NULL,
  `semi_dark_color` varchar(200) NOT NULL,
  `top_nav_dark_color` varchar(200) NOT NULL,
  `menu_color_option` varchar(200) NOT NULL,
  `export_orgchart` varchar(100) NOT NULL,
  `export_file_title` mediumtext NOT NULL,
  `org_chart_layout` varchar(200) NOT NULL,
  `org_chart_zoom` varchar(100) NOT NULL,
  `org_chart_pan` varchar(100) NOT NULL
) ENGINE=InnoDB DEFAULT CHARSET=utf8 COLLATE=utf8_general_ci;

--
-- Dumping data for table `xin_theme_settings`
--

INSERT INTO `xin_theme_settings` (`theme_settings_id`, `fixed_layout`, `fixed_footer`, `boxed_layout`, `page_header`, `footer_layout`, `statistics_cards`, `animation_style`, `theme_option`, `dashboard_option`, `dashboard_calendar`, `login_page_options`, `sub_menu_icons`, `statistics_cards_background`, `employee_cards`, `card_border_color`, `compact_menu`, `flipped_menu`, `right_side_icons`, `bordered_menu`, `form_design`, `is_semi_dark`, `semi_dark_color`, `top_nav_dark_color`, `menu_color_option`, `export_orgchart`, `export_file_title`, `org_chart_layout`, `org_chart_zoom`, `org_chart_pan`) VALUES
(1, 'false', 'true', 'false', 'breadcrumb-transparent', 'footer-transparent', '8', 'fadeInDown', 'template_1', 'dashboard_1', '', 'login_page_2', 'fa-check-circle-o', '', '', '', 'true', 'false', 'false', 'false', 'default_square_form', 1, 'bg-primary', 'bg-blue-grey', 'menu-dark', 'true', 'SoftifyBD Ltd.', 't2b', 'true', 'true');

-- --------------------------------------------------------

--
-- Table structure for table `xin_tickets_attachment`
--

CREATE TABLE `xin_tickets_attachment` (
  `ticket_attachment_id` int(11) NOT NULL,
  `ticket_id` int(200) NOT NULL,
  `upload_by` int(255) NOT NULL,
  `file_title` varchar(255) NOT NULL,
  `file_description` mediumtext NOT NULL,
  `attachment_file` mediumtext NOT NULL,
  `created_at` varchar(200) NOT NULL
) ENGINE=InnoDB DEFAULT CHARSET=utf8 COLLATE=utf8_general_ci;

-- --------------------------------------------------------

--
-- Table structure for table `xin_tickets_comments`
--

CREATE TABLE `xin_tickets_comments` (
  `comment_id` int(11) NOT NULL,
  `ticket_id` int(200) NOT NULL,
  `user_id` int(200) NOT NULL,
  `ticket_comments` mediumtext NOT NULL,
  `created_at` varchar(200) NOT NULL
) ENGINE=InnoDB DEFAULT CHARSET=utf8 COLLATE=utf8_general_ci;

-- --------------------------------------------------------

--
-- Table structure for table `xin_trainers`
--

CREATE TABLE `xin_trainers` (
  `trainer_id` int(11) NOT NULL,
  `company_id` int(11) NOT NULL,
  `first_name` varchar(255) NOT NULL,
  `last_name` varchar(255) NOT NULL,
  `contact_number` varchar(255) NOT NULL,
  `email` varchar(255) NOT NULL,
  `designation_id` int(111) NOT NULL,
  `expertise` mediumtext NOT NULL,
  `address` mediumtext NOT NULL,
  `status` tinyint(1) NOT NULL DEFAULT 1,
  `created_at` varchar(255) NOT NULL
) ENGINE=InnoDB DEFAULT CHARSET=utf8 COLLATE=utf8_general_ci;

-- --------------------------------------------------------

--
-- Table structure for table `xin_training`
--

CREATE TABLE `xin_training` (
  `training_id` int(11) NOT NULL,
  `company_id` int(11) NOT NULL,
  `employee_id` varchar(200) NOT NULL,
  `training_type_id` int(200) NOT NULL,
  `trainer_option` int(11) NOT NULL,
  `trainer_id` int(200) NOT NULL,
  `start_date` varchar(200) NOT NULL,
  `finish_date` varchar(200) NOT NULL,
  `training_cost` varchar(200) NOT NULL,
  `training_status` int(200) NOT NULL,
  `description` mediumtext NOT NULL,
  `performance` varchar(200) NOT NULL,
  `remarks` mediumtext NOT NULL,
  `created_at` varchar(200) NOT NULL
) ENGINE=InnoDB DEFAULT CHARSET=utf8 COLLATE=utf8_general_ci;

-- --------------------------------------------------------

--
-- Table structure for table `xin_training_types`
--

CREATE TABLE `xin_training_types` (
  `training_type_id` int(11) NOT NULL,
  `company_id` int(11) NOT NULL,
  `type` varchar(255) NOT NULL,
  `created_at` varchar(200) NOT NULL,
  `status` tinyint(1) NOT NULL DEFAULT 1
) ENGINE=InnoDB DEFAULT CHARSET=utf8 COLLATE=utf8_general_ci;

--
-- Dumping data for table `xin_training_types`
--

INSERT INTO `xin_training_types` (`training_type_id`, `company_id`, `type`, `created_at`, `status`) VALUES
(1, 1, 'Job Training', '19-03-2018 06:45:47', 1),
(2, 1, 'Workshop', '19-03-2018 06:45:51', 1);

-- --------------------------------------------------------

--
-- Table structure for table `xin_travel_arrangement_type`
--

CREATE TABLE `xin_travel_arrangement_type` (
  `arrangement_type_id` int(111) NOT NULL,
  `company_id` int(11) NOT NULL,
  `type` varchar(255) NOT NULL,
  `status` tinyint(1) NOT NULL DEFAULT 1,
  `created_at` varchar(255) NOT NULL
) ENGINE=InnoDB DEFAULT CHARSET=utf8 COLLATE=utf8_general_ci;

--
-- Dumping data for table `xin_travel_arrangement_type`
--

INSERT INTO `xin_travel_arrangement_type` (`arrangement_type_id`, `company_id`, `type`, `status`, `created_at`) VALUES
(1, 1, 'Corporation', 1, '19-03-2018 08:45:17'),
(2, 1, 'Guest House', 1, '19-03-2018 08:45:27');

-- --------------------------------------------------------

--
-- Table structure for table `xin_users`
--

CREATE TABLE `xin_users` (
  `user_id` int(11) NOT NULL,
  `user_role` varchar(30) NOT NULL DEFAULT 'administrator',
  `first_name` varchar(255) NOT NULL,
  `last_name` varchar(255) NOT NULL,
  `company_name` varchar(255) NOT NULL,
  `company_logo` varchar(255) NOT NULL,
  `user_type` int(11) NOT NULL,
  `email` varchar(255) NOT NULL,
  `username` varchar(255) NOT NULL,
  `password` varchar(255) NOT NULL,
  `profile_photo` varchar(255) NOT NULL,
  `profile_background` varchar(255) NOT NULL,
  `contact_number` varchar(255) NOT NULL,
  `gender` varchar(20) NOT NULL,
  `address_1` text NOT NULL,
  `address_2` text NOT NULL,
  `city` varchar(255) NOT NULL,
  `state` varchar(255) NOT NULL,
  `zipcode` varchar(255) NOT NULL,
  `country` int(11) NOT NULL,
  `last_login_date` varchar(255) NOT NULL,
  `last_login_ip` varchar(255) NOT NULL,
  `is_logged_in` int(11) NOT NULL,
  `is_active` int(11) NOT NULL,
  `created_at` varchar(255) NOT NULL
) ENGINE=InnoDB DEFAULT CHARSET=utf8 COLLATE=utf8_general_ci;

--
-- Dumping data for table `xin_users`
--

INSERT INTO `xin_users` (`user_id`, `user_role`, `first_name`, `last_name`, `company_name`, `company_logo`, `user_type`, `email`, `username`, `password`, `profile_photo`, `profile_background`, `contact_number`, `gender`, `address_1`, `address_2`, `city`, `state`, `zipcode`, `country`, `last_login_date`, `last_login_ip`, `is_logged_in`, `is_active`, `created_at`) VALUES
(6, 'administrator', 'Sakib', 'Rahman', 'SoftifyBD LTD', 'employer_1584105994.jpg', 1, 'sakib@softifybd.com', '', 'srftzs2720', '', '', '01534619961', '', '', '', '', '', '', 0, '', '', 0, 1, '13-03-2020 07:26:33'),
(7, 'administrator', 'Jahedul', 'Islam', 'SoftifyBD Ltd.', 'employer_1598417369.jpg', 1, 'sm.jehad@outlook.com', '', 'code1122', '', '', '01683554970', '', '', '', '', '', '', 0, '', '', 0, 1, '26-08-2020 10:49:29'),
(8, 'administrator', 'Pritom', 'Paul', 'Softifybd Ltd', 'employer_1598417493.jpg', 1, 'pritom@softifybd.com', '', '01628160681', '', '', '01628160681', '', '', '', '', '', '', 0, '', '', 0, 1, '26-08-2020 10:51:32'),
(9, 'administrator', 'Azmia Hoque', 'Radhio', 'SoftigyBD', 'employer_1598417545.jpg', 1, 'radhio@softifybd.com', '', 'azmia1234', '', '', '01521435482', '', '', '', '', '', '', 0, '', '', 0, 1, '26-08-2020 10:52:25'),
(10, 'administrator', 'Sayeda', 'Islam', 'SoftifyBD', 'employer_1598417707.jpg', 1, 'sayedaiislam@gmail.com', '', '*alhamdulillah#', '', '', '01521569248', '', '', '', '', '', '', 0, '', '', 0, 1, '26-08-2020 10:55:06');

-- --------------------------------------------------------

--
-- Table structure for table `xin_user_roles`
--

CREATE TABLE `xin_user_roles` (
  `role_id` int(11) NOT NULL,
  `company_id` int(11) NOT NULL,
  `role_name` varchar(200) NOT NULL,
  `role_access` varchar(200) NOT NULL,
  `role_resources` text NOT NULL,
  `created_at` varchar(200) NOT NULL
) ENGINE=InnoDB DEFAULT CHARSET=utf8 COLLATE=utf8_general_ci;

--
-- Dumping data for table `xin_user_roles`
--

INSERT INTO `xin_user_roles` (`role_id`, `company_id`, `role_name`, `role_access`, `role_resources`, `created_at`) VALUES
(1, 1, 'Super Admin', '1', '0,103,13,13,201,202,203,372,373,393,393,394,395,396,351,92,88,23,23,204,205,206,231,400,22,12,14,14,207,208,209,232,15,15,210,211,212,233,16,16,213,214,215,234,406,407,408,17,17,216,217,218,235,18,18,219,220,221,236,19,19,222,223,224,237,20,20,225,226,227,238,21,21,228,229,230,239,2,3,3,240,241,242,4,4,243,244,245,249,5,5,246,247,248,6,6,250,251,252,11,11,254,255,256,257,9,9,258,259,260,96,24,25,25,262,263,264,265,26,26,266,267,268,97,98,98,269,270,271,272,99,99,273,274,275,276,27,28,28,397,10,10,253,261,29,29,381,30,30,277,278,279,310,401,401,402,403,31,7,7,280,281,282,2822,311,8,8,283,284,285,46,46,287,288,289,290,286,312,48,49,49,291,292,293,50,51,51,294,295,387,52,52,296,297,388,32,36,36,313,314,37,37,391,404,405,40,41,41,298,299,300,301,42,42,302,303,304,305,43,43,306,307,308,309,104,44,44,315,316,317,318,45,45,319,320,321,322,122,122,331,332,333,106,107,107,334,335,336,108,108,338,339,340,47,53,54,54,341,342,343,344,55,55,345,346,347,56,56,348,349,350,57,60,61,118,62,63,93,71,72,72,352,353,354,73,74,75,75,355,356,357,76,76,358,359,360,77,77,361,362,363,78,79,80,80,364,365,366,81,81,367,368,369,82,83,84,85,86,87,119,119,323,324,325,326,410,411,412,413,414,420,415,416,417,418,419,121,121,120,328,329,330,89,89,370,371,90,91,94,95,110,111,112,113,114,115,116,117,409', '28-02-2018'),
(2, 1, 'Employee', '2', '0,14,207,208,15,16,17,18,19,20,21,3,4,11,257,9,98,272,99,276,28,10,261,29,401,7,8,46,287,286,312,49,50,36,41,301,42,305,43,306,307,44,45,319,320,321,107,108,47,54,341,342,343,95', '21-03-2018'),
(3, 0, 'HR', '2', '0,13,201,202,372,373,393,394,395,351,92,88,23,204,205,231,400,22,14,207,208,232,15,210,211,233,16,213,214,234,406,407,408,17,216,217,235,18,219,220,236,19,222,223,237,20,225,226,238,21,228,229,239,3,240,241,4,243,244,249,5,246,247,6,250,251,11,254,255,257,9,258,259,96,25,262,263,265,26,266,267,98,269,270,272,99,273,274,276,28,28,397,10,10,253,261,29,29,381,30,277,278,310,401,402,31,7,280,281,2822,311,8,283,284,46,287,288,290,286,312,49,291,292,50,51,294,387,52,296,388,36,314,37,37,391,404,405,41,298,299,301,42,302,303,305,43,306,307,309,44,315,316,318,45,319,320,322,122,331,332,107,334,335,108,338,339,47,53,54,54,341,342,343,344,55,55,345,346,347,56,56,348,349,350,71,72,72,352,353,354,73,74,75,75,355,356,357,76,76,358,359,360,77,77,361,362,363,78,79,80,80,364,365,366,81,81,367,368,369,82,83,84,85,86,87,119,119,323,324,325,326,410,411,412,413,414,420,415,416,417,418,419,121,121,120,328,329,330,90,91,95,110,111,112,113,114,115,116,117,409', '15-02-2020'),
(4, 0, 'Director', '1', '0,103,13,13,201,202,203,372,373,393,393,394,395,396,351,92,88,23,23,204,205,206,231,400,22,12,14,14,207,208,209,232,15,15,210,211,212,233,16,16,213,214,215,234,406,407,408,17,17,216,217,218,235,18,18,219,220,221,236,19,19,222,223,224,237,20,20,225,226,227,238,21,21,228,229,230,239,2,3,3,240,241,242,4,4,243,244,245,249,5,5,246,247,248,6,6,250,251,252,11,11,254,255,256,257,9,9,258,259,260,96,24,25,25,262,263,264,265,26,26,266,267,268,97,98,98,269,270,271,272,99,99,273,274,275,276,27,28,28,397,10,10,253,261,29,29,381,30,30,277,278,279,310,401,401,402,403,31,7,7,280,281,282,2822,311,8,8,283,284,285,46,46,287,288,289,290,286,312,48,49,49,291,292,293,50,51,51,294,295,52,52,296,297,32,36,36,313,314,404,405,40,41,41,298,299,300,301,42,42,302,303,304,305,43,43,306,307,308,309,104,44,44,315,316,317,318,45,45,319,320,321,322,122,122,331,332,333,106,107,107,334,335,336,108,108,338,339,340,47,53,54,54,341,342,343,344,55,55,345,346,347,56,56,348,349,350,57,60,61,118,62,63,93,71,72,72,352,353,354,73,74,75,75,355,356,357,76,76,358,359,360,77,77,361,362,363,78,79,80,80,364,365,366,81,81,367,368,369,82,83,84,85,86,87,119,119,323,324,325,326,410,411,412,413,414,420,415,416,417,418,419,121,121,120,328,329,330,89,89,370,371,90,91,94,95,110,111,112,113,114,115,116,117,409', '16-02-2020');

-- --------------------------------------------------------

--
-- Table structure for table `xin_warning_type`
--

CREATE TABLE `xin_warning_type` (
  `warning_type_id` int(111) NOT NULL,
  `company_id` int(11) NOT NULL,
  `type` varchar(255) NOT NULL,
  `created_at` varchar(255) NOT NULL
) ENGINE=InnoDB DEFAULT CHARSET=utf8 COLLATE=utf8_general_ci;

--
-- Dumping data for table `xin_warning_type`
--

INSERT INTO `xin_warning_type` (`warning_type_id`, `company_id`, `type`, `created_at`) VALUES
(1, 1, 'Late Appearance', '22-03-2018 01:38:02'),
(2, 0, 'Irregularly Present', '16-02-2020 12:56:57'),
(3, 0, 'Final Written Warning', '16-02-2020 12:57:20');

--
-- Indexes for dumped tables
--

--
-- Indexes for table `ci_sessions`
--
ALTER TABLE `ci_sessions`
  ADD KEY `ci_sessions_timestamp` (`timestamp`);

--
-- Indexes for table `xin_advance_salaries`
--
ALTER TABLE `xin_advance_salaries`
  ADD PRIMARY KEY (`advance_salary_id`);

--
-- Indexes for table `xin_announcements`
--
ALTER TABLE `xin_announcements`
  ADD PRIMARY KEY (`announcement_id`);

--
-- Indexes for table `xin_assets`
--
ALTER TABLE `xin_assets`
  ADD PRIMARY KEY (`assets_id`);

--
-- Indexes for table `xin_assets_categories`
--
ALTER TABLE `xin_assets_categories`
  ADD PRIMARY KEY (`assets_category_id`);

--
-- Indexes for table `xin_attendance_time`
--
ALTER TABLE `xin_attendance_time`
  ADD PRIMARY KEY (`time_attendance_id`);

--
-- Indexes for table `xin_attendance_time_request`
--
ALTER TABLE `xin_attendance_time_request`
  ADD PRIMARY KEY (`time_request_id`);

--
-- Indexes for table `xin_awards`
--
ALTER TABLE `xin_awards`
  ADD PRIMARY KEY (`award_id`);

--
-- Indexes for table `xin_award_type`
--
ALTER TABLE `xin_award_type`
  ADD PRIMARY KEY (`award_type_id`);

--
-- Indexes for table `xin_chat_messages`
--
ALTER TABLE `xin_chat_messages`
  ADD PRIMARY KEY (`message_id`);

--
-- Indexes for table `xin_clients`
--
ALTER TABLE `xin_clients`
  ADD PRIMARY KEY (`client_id`);

--
-- Indexes for table `xin_companies`
--
ALTER TABLE `xin_companies`
  ADD PRIMARY KEY (`company_id`);

--
-- Indexes for table `xin_company_documents`
--
ALTER TABLE `xin_company_documents`
  ADD PRIMARY KEY (`document_id`);

--
-- Indexes for table `xin_company_info`
--
ALTER TABLE `xin_company_info`
  ADD PRIMARY KEY (`company_info_id`);

--
-- Indexes for table `xin_company_policy`
--
ALTER TABLE `xin_company_policy`
  ADD PRIMARY KEY (`policy_id`);

--
-- Indexes for table `xin_company_type`
--
ALTER TABLE `xin_company_type`
  ADD PRIMARY KEY (`type_id`);

--
-- Indexes for table `xin_contract_type`
--
ALTER TABLE `xin_contract_type`
  ADD PRIMARY KEY (`contract_type_id`);

--
-- Indexes for table `xin_countries`
--
ALTER TABLE `xin_countries`
  ADD PRIMARY KEY (`country_id`);

--
-- Indexes for table `xin_currencies`
--
ALTER TABLE `xin_currencies`
  ADD PRIMARY KEY (`currency_id`);

--
-- Indexes for table `xin_currency_converter`
--
ALTER TABLE `xin_currency_converter`
  ADD PRIMARY KEY (`currency_converter_id`);

--
-- Indexes for table `xin_database_backup`
--
ALTER TABLE `xin_database_backup`
  ADD PRIMARY KEY (`backup_id`);

--
-- Indexes for table `xin_departments`
--
ALTER TABLE `xin_departments`
  ADD PRIMARY KEY (`department_id`);

--
-- Indexes for table `xin_designations`
--
ALTER TABLE `xin_designations`
  ADD PRIMARY KEY (`designation_id`);

--
-- Indexes for table `xin_document_type`
--
ALTER TABLE `xin_document_type`
  ADD PRIMARY KEY (`document_type_id`);

--
-- Indexes for table `xin_email_configuration`
--
ALTER TABLE `xin_email_configuration`
  ADD PRIMARY KEY (`email_config_id`);

--
-- Indexes for table `xin_email_template`
--
ALTER TABLE `xin_email_template`
  ADD PRIMARY KEY (`template_id`);

--
-- Indexes for table `xin_employees`
--
ALTER TABLE `xin_employees`
  ADD PRIMARY KEY (`user_id`);

--
-- Indexes for table `xin_employee_bankaccount`
--
ALTER TABLE `xin_employee_bankaccount`
  ADD PRIMARY KEY (`bankaccount_id`);

--
-- Indexes for table `xin_employee_complaints`
--
ALTER TABLE `xin_employee_complaints`
  ADD PRIMARY KEY (`complaint_id`);

--
-- Indexes for table `xin_employee_contacts`
--
ALTER TABLE `xin_employee_contacts`
  ADD PRIMARY KEY (`contact_id`);

--
-- Indexes for table `xin_employee_contract`
--
ALTER TABLE `xin_employee_contract`
  ADD PRIMARY KEY (`contract_id`);

--
-- Indexes for table `xin_employee_documents`
--
ALTER TABLE `xin_employee_documents`
  ADD PRIMARY KEY (`document_id`);

--
-- Indexes for table `xin_employee_exit`
--
ALTER TABLE `xin_employee_exit`
  ADD PRIMARY KEY (`exit_id`);

--
-- Indexes for table `xin_employee_exit_type`
--
ALTER TABLE `xin_employee_exit_type`
  ADD PRIMARY KEY (`exit_type_id`);

--
-- Indexes for table `xin_employee_immigration`
--
ALTER TABLE `xin_employee_immigration`
  ADD PRIMARY KEY (`immigration_id`);

--
-- Indexes for table `xin_employee_leave`
--
ALTER TABLE `xin_employee_leave`
  ADD PRIMARY KEY (`leave_id`);

--
-- Indexes for table `xin_employee_location`
--
ALTER TABLE `xin_employee_location`
  ADD PRIMARY KEY (`office_location_id`);

--
-- Indexes for table `xin_employee_promotions`
--
ALTER TABLE `xin_employee_promotions`
  ADD PRIMARY KEY (`promotion_id`);

--
-- Indexes for table `xin_employee_qualification`
--
ALTER TABLE `xin_employee_qualification`
  ADD PRIMARY KEY (`qualification_id`);

--
-- Indexes for table `xin_employee_resignations`
--
ALTER TABLE `xin_employee_resignations`
  ADD PRIMARY KEY (`resignation_id`);

--
-- Indexes for table `xin_employee_security_level`
--
ALTER TABLE `xin_employee_security_level`
  ADD PRIMARY KEY (`security_level_id`);

--
-- Indexes for table `xin_employee_shift`
--
ALTER TABLE `xin_employee_shift`
  ADD PRIMARY KEY (`emp_shift_id`);

--
-- Indexes for table `xin_employee_terminations`
--
ALTER TABLE `xin_employee_terminations`
  ADD PRIMARY KEY (`termination_id`);

--
-- Indexes for table `xin_employee_transfer`
--
ALTER TABLE `xin_employee_transfer`
  ADD PRIMARY KEY (`transfer_id`);

--
-- Indexes for table `xin_employee_travels`
--
ALTER TABLE `xin_employee_travels`
  ADD PRIMARY KEY (`travel_id`);

--
-- Indexes for table `xin_employee_warnings`
--
ALTER TABLE `xin_employee_warnings`
  ADD PRIMARY KEY (`warning_id`);

--
-- Indexes for table `xin_employee_work_experience`
--
ALTER TABLE `xin_employee_work_experience`
  ADD PRIMARY KEY (`work_experience_id`);

--
-- Indexes for table `xin_ethnicity_type`
--
ALTER TABLE `xin_ethnicity_type`
  ADD PRIMARY KEY (`ethnicity_type_id`);

--
-- Indexes for table `xin_events`
--
ALTER TABLE `xin_events`
  ADD PRIMARY KEY (`event_id`);

--
-- Indexes for table `xin_expenses`
--
ALTER TABLE `xin_expenses`
  ADD PRIMARY KEY (`expense_id`);

--
-- Indexes for table `xin_expense_type`
--
ALTER TABLE `xin_expense_type`
  ADD PRIMARY KEY (`expense_type_id`);

--
-- Indexes for table `xin_file_manager`
--
ALTER TABLE `xin_file_manager`
  ADD PRIMARY KEY (`file_id`);

--
-- Indexes for table `xin_file_manager_settings`
--
ALTER TABLE `xin_file_manager_settings`
  ADD PRIMARY KEY (`setting_id`);

--
-- Indexes for table `xin_finance_bankcash`
--
ALTER TABLE `xin_finance_bankcash`
  ADD PRIMARY KEY (`bankcash_id`);

--
-- Indexes for table `xin_finance_deposit`
--
ALTER TABLE `xin_finance_deposit`
  ADD PRIMARY KEY (`deposit_id`);

--
-- Indexes for table `xin_finance_expense`
--
ALTER TABLE `xin_finance_expense`
  ADD PRIMARY KEY (`expense_id`);

--
-- Indexes for table `xin_finance_payees`
--
ALTER TABLE `xin_finance_payees`
  ADD PRIMARY KEY (`payee_id`);

--
-- Indexes for table `xin_finance_payers`
--
ALTER TABLE `xin_finance_payers`
  ADD PRIMARY KEY (`payer_id`);

--
-- Indexes for table `xin_finance_transaction`
--
ALTER TABLE `xin_finance_transaction`
  ADD PRIMARY KEY (`transaction_id`);

--
-- Indexes for table `xin_finance_transactions`
--
ALTER TABLE `xin_finance_transactions`
  ADD PRIMARY KEY (`transaction_id`);

--
-- Indexes for table `xin_finance_transfer`
--
ALTER TABLE `xin_finance_transfer`
  ADD PRIMARY KEY (`transfer_id`);

--
-- Indexes for table `xin_goal_tracking`
--
ALTER TABLE `xin_goal_tracking`
  ADD PRIMARY KEY (`tracking_id`);

--
-- Indexes for table `xin_goal_tracking_type`
--
ALTER TABLE `xin_goal_tracking_type`
  ADD PRIMARY KEY (`tracking_type_id`);

--
-- Indexes for table `xin_holidays`
--
ALTER TABLE `xin_holidays`
  ADD PRIMARY KEY (`holiday_id`);

--
-- Indexes for table `xin_hourly_templates`
--
ALTER TABLE `xin_hourly_templates`
  ADD PRIMARY KEY (`hourly_rate_id`);

--
-- Indexes for table `xin_hrsale_invoices`
--
ALTER TABLE `xin_hrsale_invoices`
  ADD PRIMARY KEY (`invoice_id`);

--
-- Indexes for table `xin_hrsale_invoices_items`
--
ALTER TABLE `xin_hrsale_invoices_items`
  ADD PRIMARY KEY (`invoice_item_id`);

--
-- Indexes for table `xin_hrsale_module_attributes`
--
ALTER TABLE `xin_hrsale_module_attributes`
  ADD PRIMARY KEY (`custom_field_id`);

--
-- Indexes for table `xin_hrsale_module_attributes_select_value`
--
ALTER TABLE `xin_hrsale_module_attributes_select_value`
  ADD PRIMARY KEY (`attributes_select_value_id`);

--
-- Indexes for table `xin_hrsale_module_attributes_values`
--
ALTER TABLE `xin_hrsale_module_attributes_values`
  ADD PRIMARY KEY (`attributes_value_id`);

--
-- Indexes for table `xin_hrsale_quotes`
--
ALTER TABLE `xin_hrsale_quotes`
  ADD PRIMARY KEY (`quote_id`);

--
-- Indexes for table `xin_hrsale_quotes_items`
--
ALTER TABLE `xin_hrsale_quotes_items`
  ADD PRIMARY KEY (`quote_item_id`);

--
-- Indexes for table `xin_income_categories`
--
ALTER TABLE `xin_income_categories`
  ADD PRIMARY KEY (`category_id`);

--
-- Indexes for table `xin_jobs`
--
ALTER TABLE `xin_jobs`
  ADD PRIMARY KEY (`job_id`);

--
-- Indexes for table `xin_job_applications`
--
ALTER TABLE `xin_job_applications`
  ADD PRIMARY KEY (`application_id`);

--
-- Indexes for table `xin_job_categories`
--
ALTER TABLE `xin_job_categories`
  ADD PRIMARY KEY (`category_id`);

--
-- Indexes for table `xin_job_interviews`
--
ALTER TABLE `xin_job_interviews`
  ADD PRIMARY KEY (`job_interview_id`);

--
-- Indexes for table `xin_job_pages`
--
ALTER TABLE `xin_job_pages`
  ADD PRIMARY KEY (`page_id`);

--
-- Indexes for table `xin_job_type`
--
ALTER TABLE `xin_job_type`
  ADD PRIMARY KEY (`job_type_id`);

--
-- Indexes for table `xin_kpi_incidental`
--
ALTER TABLE `xin_kpi_incidental`
  ADD PRIMARY KEY (`id`);

--
-- Indexes for table `xin_kpi_maingoals`
--
ALTER TABLE `xin_kpi_maingoals`
  ADD PRIMARY KEY (`id`);

--
-- Indexes for table `xin_kpi_variable`
--
ALTER TABLE `xin_kpi_variable`
  ADD PRIMARY KEY (`id`);

--
-- Indexes for table `xin_languages`
--
ALTER TABLE `xin_languages`
  ADD PRIMARY KEY (`language_id`);

--
-- Indexes for table `xin_leads`
--
ALTER TABLE `xin_leads`
  ADD PRIMARY KEY (`client_id`);

--
-- Indexes for table `xin_leave_applications`
--
ALTER TABLE `xin_leave_applications`
  ADD PRIMARY KEY (`leave_id`);

--
-- Indexes for table `xin_leave_type`
--
ALTER TABLE `xin_leave_type`
  ADD PRIMARY KEY (`leave_type_id`);

--
-- Indexes for table `xin_make_payment`
--
ALTER TABLE `xin_make_payment`
  ADD PRIMARY KEY (`make_payment_id`);

--
-- Indexes for table `xin_meetings`
--
ALTER TABLE `xin_meetings`
  ADD PRIMARY KEY (`meeting_id`);

--
-- Indexes for table `xin_office_location`
--
ALTER TABLE `xin_office_location`
  ADD PRIMARY KEY (`location_id`);

--
-- Indexes for table `xin_office_shift`
--
ALTER TABLE `xin_office_shift`
  ADD PRIMARY KEY (`office_shift_id`);

--
-- Indexes for table `xin_payment_method`
--
ALTER TABLE `xin_payment_method`
  ADD PRIMARY KEY (`payment_method_id`);

--
-- Indexes for table `xin_payroll_custom_fields`
--
ALTER TABLE `xin_payroll_custom_fields`
  ADD PRIMARY KEY (`payroll_custom_id`);

--
-- Indexes for table `xin_performance_appraisal`
--
ALTER TABLE `xin_performance_appraisal`
  ADD PRIMARY KEY (`performance_appraisal_id`);

--
-- Indexes for table `xin_performance_appraisal_options`
--
ALTER TABLE `xin_performance_appraisal_options`
  ADD PRIMARY KEY (`performance_appraisal_options_id`);

--
-- Indexes for table `xin_performance_indicator`
--
ALTER TABLE `xin_performance_indicator`
  ADD PRIMARY KEY (`performance_indicator_id`);

--
-- Indexes for table `xin_performance_indicator_options`
--
ALTER TABLE `xin_performance_indicator_options`
  ADD PRIMARY KEY (`performance_indicator_options_id`);

--
-- Indexes for table `xin_projects`
--
ALTER TABLE `xin_projects`
  ADD PRIMARY KEY (`project_id`);

--
-- Indexes for table `xin_projects_attachment`
--
ALTER TABLE `xin_projects_attachment`
  ADD PRIMARY KEY (`project_attachment_id`);

--
-- Indexes for table `xin_projects_bugs`
--
ALTER TABLE `xin_projects_bugs`
  ADD PRIMARY KEY (`bug_id`);

--
-- Indexes for table `xin_projects_discussion`
--
ALTER TABLE `xin_projects_discussion`
  ADD PRIMARY KEY (`discussion_id`);

--
-- Indexes for table `xin_projects_timelogs`
--
ALTER TABLE `xin_projects_timelogs`
  ADD PRIMARY KEY (`timelogs_id`);

--
-- Indexes for table `xin_project_variations`
--
ALTER TABLE `xin_project_variations`
  ADD PRIMARY KEY (`variation_id`) USING BTREE;

--
-- Indexes for table `xin_qualification_education_level`
--
ALTER TABLE `xin_qualification_education_level`
  ADD PRIMARY KEY (`education_level_id`);

--
-- Indexes for table `xin_qualification_language`
--
ALTER TABLE `xin_qualification_language`
  ADD PRIMARY KEY (`language_id`);

--
-- Indexes for table `xin_qualification_skill`
--
ALTER TABLE `xin_qualification_skill`
  ADD PRIMARY KEY (`skill_id`);

--
-- Indexes for table `xin_recruitment_pages`
--
ALTER TABLE `xin_recruitment_pages`
  ADD PRIMARY KEY (`page_id`);

--
-- Indexes for table `xin_recruitment_subpages`
--
ALTER TABLE `xin_recruitment_subpages`
  ADD PRIMARY KEY (`subpages_id`);

--
-- Indexes for table `xin_salary_allowances`
--
ALTER TABLE `xin_salary_allowances`
  ADD PRIMARY KEY (`allowance_id`);

--
-- Indexes for table `xin_salary_bank_allocation`
--
ALTER TABLE `xin_salary_bank_allocation`
  ADD PRIMARY KEY (`bank_allocation_id`);

--
-- Indexes for table `xin_salary_commissions`
--
ALTER TABLE `xin_salary_commissions`
  ADD PRIMARY KEY (`salary_commissions_id`);

--
-- Indexes for table `xin_salary_loan_deductions`
--
ALTER TABLE `xin_salary_loan_deductions`
  ADD PRIMARY KEY (`loan_deduction_id`);

--
-- Indexes for table `xin_salary_other_payments`
--
ALTER TABLE `xin_salary_other_payments`
  ADD PRIMARY KEY (`other_payments_id`);

--
-- Indexes for table `xin_salary_overtime`
--
ALTER TABLE `xin_salary_overtime`
  ADD PRIMARY KEY (`salary_overtime_id`);

--
-- Indexes for table `xin_salary_payslips`
--
ALTER TABLE `xin_salary_payslips`
  ADD PRIMARY KEY (`payslip_id`);

--
-- Indexes for table `xin_salary_payslip_allowances`
--
ALTER TABLE `xin_salary_payslip_allowances`
  ADD PRIMARY KEY (`payslip_allowances_id`);

--
-- Indexes for table `xin_salary_payslip_commissions`
--
ALTER TABLE `xin_salary_payslip_commissions`
  ADD PRIMARY KEY (`payslip_commissions_id`);

--
-- Indexes for table `xin_salary_payslip_loan`
--
ALTER TABLE `xin_salary_payslip_loan`
  ADD PRIMARY KEY (`payslip_loan_id`);

--
-- Indexes for table `xin_salary_payslip_other_payments`
--
ALTER TABLE `xin_salary_payslip_other_payments`
  ADD PRIMARY KEY (`payslip_other_payment_id`);

--
-- Indexes for table `xin_salary_payslip_overtime`
--
ALTER TABLE `xin_salary_payslip_overtime`
  ADD PRIMARY KEY (`payslip_overtime_id`);

--
-- Indexes for table `xin_salary_payslip_statutory_deductions`
--
ALTER TABLE `xin_salary_payslip_statutory_deductions`
  ADD PRIMARY KEY (`payslip_deduction_id`);

--
-- Indexes for table `xin_salary_statutory_deductions`
--
ALTER TABLE `xin_salary_statutory_deductions`
  ADD PRIMARY KEY (`statutory_deductions_id`);

--
-- Indexes for table `xin_salary_templates`
--
ALTER TABLE `xin_salary_templates`
  ADD PRIMARY KEY (`salary_template_id`);

--
-- Indexes for table `xin_security_level`
--
ALTER TABLE `xin_security_level`
  ADD PRIMARY KEY (`type_id`);

--
-- Indexes for table `xin_sub_departments`
--
ALTER TABLE `xin_sub_departments`
  ADD PRIMARY KEY (`sub_department_id`);

--
-- Indexes for table `xin_support_tickets`
--
ALTER TABLE `xin_support_tickets`
  ADD PRIMARY KEY (`ticket_id`);

--
-- Indexes for table `xin_support_tickets_employees`
--
ALTER TABLE `xin_support_tickets_employees`
  ADD PRIMARY KEY (`tickets_employees_id`);

--
-- Indexes for table `xin_support_ticket_files`
--
ALTER TABLE `xin_support_ticket_files`
  ADD PRIMARY KEY (`ticket_file_id`);

--
-- Indexes for table `xin_system_setting`
--
ALTER TABLE `xin_system_setting`
  ADD PRIMARY KEY (`setting_id`);

--
-- Indexes for table `xin_tasks`
--
ALTER TABLE `xin_tasks`
  ADD PRIMARY KEY (`task_id`);

--
-- Indexes for table `xin_tasks_attachment`
--
ALTER TABLE `xin_tasks_attachment`
  ADD PRIMARY KEY (`task_attachment_id`);

--
-- Indexes for table `xin_tasks_comments`
--
ALTER TABLE `xin_tasks_comments`
  ADD PRIMARY KEY (`comment_id`);

--
-- Indexes for table `xin_task_categories`
--
ALTER TABLE `xin_task_categories`
  ADD PRIMARY KEY (`task_category_id`);

--
-- Indexes for table `xin_tax_types`
--
ALTER TABLE `xin_tax_types`
  ADD PRIMARY KEY (`tax_id`);

--
-- Indexes for table `xin_termination_type`
--
ALTER TABLE `xin_termination_type`
  ADD PRIMARY KEY (`termination_type_id`);

--
-- Indexes for table `xin_theme_settings`
--
ALTER TABLE `xin_theme_settings`
  ADD PRIMARY KEY (`theme_settings_id`);

--
-- Indexes for table `xin_tickets_attachment`
--
ALTER TABLE `xin_tickets_attachment`
  ADD PRIMARY KEY (`ticket_attachment_id`);

--
-- Indexes for table `xin_tickets_comments`
--
ALTER TABLE `xin_tickets_comments`
  ADD PRIMARY KEY (`comment_id`);

--
-- Indexes for table `xin_trainers`
--
ALTER TABLE `xin_trainers`
  ADD PRIMARY KEY (`trainer_id`);

--
-- Indexes for table `xin_training`
--
ALTER TABLE `xin_training`
  ADD PRIMARY KEY (`training_id`);

--
-- Indexes for table `xin_training_types`
--
ALTER TABLE `xin_training_types`
  ADD PRIMARY KEY (`training_type_id`);

--
-- Indexes for table `xin_travel_arrangement_type`
--
ALTER TABLE `xin_travel_arrangement_type`
  ADD PRIMARY KEY (`arrangement_type_id`);

--
-- Indexes for table `xin_users`
--
ALTER TABLE `xin_users`
  ADD PRIMARY KEY (`user_id`);

--
-- Indexes for table `xin_user_roles`
--
ALTER TABLE `xin_user_roles`
  ADD PRIMARY KEY (`role_id`);

--
-- Indexes for table `xin_warning_type`
--
ALTER TABLE `xin_warning_type`
  ADD PRIMARY KEY (`warning_type_id`);

--
-- AUTO_INCREMENT for dumped tables
--

--
-- AUTO_INCREMENT for table `xin_advance_salaries`
--
ALTER TABLE `xin_advance_salaries`
  MODIFY `advance_salary_id` int(111) NOT NULL AUTO_INCREMENT;

--
-- AUTO_INCREMENT for table `xin_announcements`
--
ALTER TABLE `xin_announcements`
  MODIFY `announcement_id` int(11) NOT NULL AUTO_INCREMENT;

--
-- AUTO_INCREMENT for table `xin_assets`
--
ALTER TABLE `xin_assets`
  MODIFY `assets_id` int(111) NOT NULL AUTO_INCREMENT;

--
-- AUTO_INCREMENT for table `xin_assets_categories`
--
ALTER TABLE `xin_assets_categories`
  MODIFY `assets_category_id` int(111) NOT NULL AUTO_INCREMENT, AUTO_INCREMENT=2;

--
-- AUTO_INCREMENT for table `xin_attendance_time`
--
ALTER TABLE `xin_attendance_time`
  MODIFY `time_attendance_id` int(111) NOT NULL AUTO_INCREMENT, AUTO_INCREMENT=316;

--
-- AUTO_INCREMENT for table `xin_attendance_time_request`
--
ALTER TABLE `xin_attendance_time_request`
  MODIFY `time_request_id` int(11) NOT NULL AUTO_INCREMENT, AUTO_INCREMENT=2;

--
-- AUTO_INCREMENT for table `xin_awards`
--
ALTER TABLE `xin_awards`
  MODIFY `award_id` int(11) NOT NULL AUTO_INCREMENT;

--
-- AUTO_INCREMENT for table `xin_award_type`
--
ALTER TABLE `xin_award_type`
  MODIFY `award_type_id` int(11) NOT NULL AUTO_INCREMENT, AUTO_INCREMENT=5;

--
-- AUTO_INCREMENT for table `xin_chat_messages`
--
ALTER TABLE `xin_chat_messages`
  MODIFY `message_id` int(11) UNSIGNED NOT NULL AUTO_INCREMENT, AUTO_INCREMENT=13;

--
-- AUTO_INCREMENT for table `xin_clients`
--
ALTER TABLE `xin_clients`
  MODIFY `client_id` int(111) NOT NULL AUTO_INCREMENT, AUTO_INCREMENT=8;

--
-- AUTO_INCREMENT for table `xin_companies`
--
ALTER TABLE `xin_companies`
  MODIFY `company_id` int(111) NOT NULL AUTO_INCREMENT, AUTO_INCREMENT=2;

--
-- AUTO_INCREMENT for table `xin_company_documents`
--
ALTER TABLE `xin_company_documents`
  MODIFY `document_id` int(11) NOT NULL AUTO_INCREMENT;

--
-- AUTO_INCREMENT for table `xin_company_info`
--
ALTER TABLE `xin_company_info`
  MODIFY `company_info_id` int(111) NOT NULL AUTO_INCREMENT, AUTO_INCREMENT=2;

--
-- AUTO_INCREMENT for table `xin_company_policy`
--
ALTER TABLE `xin_company_policy`
  MODIFY `policy_id` int(111) NOT NULL AUTO_INCREMENT, AUTO_INCREMENT=2;

--
-- AUTO_INCREMENT for table `xin_company_type`
--
ALTER TABLE `xin_company_type`
  MODIFY `type_id` int(111) NOT NULL AUTO_INCREMENT, AUTO_INCREMENT=7;

--
-- AUTO_INCREMENT for table `xin_contract_type`
--
ALTER TABLE `xin_contract_type`
  MODIFY `contract_type_id` int(111) NOT NULL AUTO_INCREMENT, AUTO_INCREMENT=6;

--
-- AUTO_INCREMENT for table `xin_countries`
--
ALTER TABLE `xin_countries`
  MODIFY `country_id` int(11) NOT NULL AUTO_INCREMENT, AUTO_INCREMENT=246;

--
-- AUTO_INCREMENT for table `xin_currencies`
--
ALTER TABLE `xin_currencies`
  MODIFY `currency_id` int(111) NOT NULL AUTO_INCREMENT, AUTO_INCREMENT=3;

--
-- AUTO_INCREMENT for table `xin_currency_converter`
--
ALTER TABLE `xin_currency_converter`
  MODIFY `currency_converter_id` int(11) NOT NULL AUTO_INCREMENT, AUTO_INCREMENT=2;

--
-- AUTO_INCREMENT for table `xin_database_backup`
--
ALTER TABLE `xin_database_backup`
  MODIFY `backup_id` int(111) NOT NULL AUTO_INCREMENT, AUTO_INCREMENT=4;

--
-- AUTO_INCREMENT for table `xin_departments`
--
ALTER TABLE `xin_departments`
  MODIFY `department_id` int(11) NOT NULL AUTO_INCREMENT, AUTO_INCREMENT=13;

--
-- AUTO_INCREMENT for table `xin_designations`
--
ALTER TABLE `xin_designations`
  MODIFY `designation_id` int(11) NOT NULL AUTO_INCREMENT, AUTO_INCREMENT=27;

--
-- AUTO_INCREMENT for table `xin_document_type`
--
ALTER TABLE `xin_document_type`
  MODIFY `document_type_id` int(11) NOT NULL AUTO_INCREMENT, AUTO_INCREMENT=10;

--
-- AUTO_INCREMENT for table `xin_email_configuration`
--
ALTER TABLE `xin_email_configuration`
  MODIFY `email_config_id` int(11) NOT NULL AUTO_INCREMENT, AUTO_INCREMENT=2;

--
-- AUTO_INCREMENT for table `xin_email_template`
--
ALTER TABLE `xin_email_template`
  MODIFY `template_id` int(111) NOT NULL AUTO_INCREMENT, AUTO_INCREMENT=18;

--
-- AUTO_INCREMENT for table `xin_employees`
--
ALTER TABLE `xin_employees`
  MODIFY `user_id` int(11) NOT NULL AUTO_INCREMENT, AUTO_INCREMENT=28;

--
-- AUTO_INCREMENT for table `xin_employee_bankaccount`
--
ALTER TABLE `xin_employee_bankaccount`
  MODIFY `bankaccount_id` int(111) NOT NULL AUTO_INCREMENT, AUTO_INCREMENT=4;

--
-- AUTO_INCREMENT for table `xin_employee_complaints`
--
ALTER TABLE `xin_employee_complaints`
  MODIFY `complaint_id` int(111) NOT NULL AUTO_INCREMENT;

--
-- AUTO_INCREMENT for table `xin_employee_contacts`
--
ALTER TABLE `xin_employee_contacts`
  MODIFY `contact_id` int(111) NOT NULL AUTO_INCREMENT, AUTO_INCREMENT=3;

--
-- AUTO_INCREMENT for table `xin_employee_contract`
--
ALTER TABLE `xin_employee_contract`
  MODIFY `contract_id` int(111) NOT NULL AUTO_INCREMENT;

--
-- AUTO_INCREMENT for table `xin_employee_documents`
--
ALTER TABLE `xin_employee_documents`
  MODIFY `document_id` int(111) NOT NULL AUTO_INCREMENT, AUTO_INCREMENT=2;

--
-- AUTO_INCREMENT for table `xin_employee_exit`
--
ALTER TABLE `xin_employee_exit`
  MODIFY `exit_id` int(111) NOT NULL AUTO_INCREMENT;

--
-- AUTO_INCREMENT for table `xin_employee_exit_type`
--
ALTER TABLE `xin_employee_exit_type`
  MODIFY `exit_type_id` int(111) NOT NULL AUTO_INCREMENT, AUTO_INCREMENT=3;

--
-- AUTO_INCREMENT for table `xin_employee_immigration`
--
ALTER TABLE `xin_employee_immigration`
  MODIFY `immigration_id` int(111) NOT NULL AUTO_INCREMENT;

--
-- AUTO_INCREMENT for table `xin_employee_leave`
--
ALTER TABLE `xin_employee_leave`
  MODIFY `leave_id` int(111) NOT NULL AUTO_INCREMENT;

--
-- AUTO_INCREMENT for table `xin_employee_location`
--
ALTER TABLE `xin_employee_location`
  MODIFY `office_location_id` int(111) NOT NULL AUTO_INCREMENT;

--
-- AUTO_INCREMENT for table `xin_employee_promotions`
--
ALTER TABLE `xin_employee_promotions`
  MODIFY `promotion_id` int(111) NOT NULL AUTO_INCREMENT;

--
-- AUTO_INCREMENT for table `xin_employee_qualification`
--
ALTER TABLE `xin_employee_qualification`
  MODIFY `qualification_id` int(111) NOT NULL AUTO_INCREMENT, AUTO_INCREMENT=7;

--
-- AUTO_INCREMENT for table `xin_employee_resignations`
--
ALTER TABLE `xin_employee_resignations`
  MODIFY `resignation_id` int(111) NOT NULL AUTO_INCREMENT;

--
-- AUTO_INCREMENT for table `xin_employee_security_level`
--
ALTER TABLE `xin_employee_security_level`
  MODIFY `security_level_id` int(11) NOT NULL AUTO_INCREMENT;

--
-- AUTO_INCREMENT for table `xin_employee_shift`
--
ALTER TABLE `xin_employee_shift`
  MODIFY `emp_shift_id` int(111) NOT NULL AUTO_INCREMENT;

--
-- AUTO_INCREMENT for table `xin_employee_terminations`
--
ALTER TABLE `xin_employee_terminations`
  MODIFY `termination_id` int(111) NOT NULL AUTO_INCREMENT;

--
-- AUTO_INCREMENT for table `xin_employee_transfer`
--
ALTER TABLE `xin_employee_transfer`
  MODIFY `transfer_id` int(111) NOT NULL AUTO_INCREMENT;

--
-- AUTO_INCREMENT for table `xin_employee_travels`
--
ALTER TABLE `xin_employee_travels`
  MODIFY `travel_id` int(111) NOT NULL AUTO_INCREMENT;

--
-- AUTO_INCREMENT for table `xin_employee_warnings`
--
ALTER TABLE `xin_employee_warnings`
  MODIFY `warning_id` int(111) NOT NULL AUTO_INCREMENT, AUTO_INCREMENT=2;

--
-- AUTO_INCREMENT for table `xin_employee_work_experience`
--
ALTER TABLE `xin_employee_work_experience`
  MODIFY `work_experience_id` int(111) NOT NULL AUTO_INCREMENT;

--
-- AUTO_INCREMENT for table `xin_ethnicity_type`
--
ALTER TABLE `xin_ethnicity_type`
  MODIFY `ethnicity_type_id` int(11) NOT NULL AUTO_INCREMENT, AUTO_INCREMENT=4;

--
-- AUTO_INCREMENT for table `xin_events`
--
ALTER TABLE `xin_events`
  MODIFY `event_id` int(11) NOT NULL AUTO_INCREMENT;

--
-- AUTO_INCREMENT for table `xin_expenses`
--
ALTER TABLE `xin_expenses`
  MODIFY `expense_id` int(11) NOT NULL AUTO_INCREMENT;

--
-- AUTO_INCREMENT for table `xin_expense_type`
--
ALTER TABLE `xin_expense_type`
  MODIFY `expense_type_id` int(11) NOT NULL AUTO_INCREMENT, AUTO_INCREMENT=3;

--
-- AUTO_INCREMENT for table `xin_file_manager`
--
ALTER TABLE `xin_file_manager`
  MODIFY `file_id` int(111) NOT NULL AUTO_INCREMENT, AUTO_INCREMENT=26;

--
-- AUTO_INCREMENT for table `xin_file_manager_settings`
--
ALTER TABLE `xin_file_manager_settings`
  MODIFY `setting_id` int(111) NOT NULL AUTO_INCREMENT, AUTO_INCREMENT=2;

--
-- AUTO_INCREMENT for table `xin_finance_bankcash`
--
ALTER TABLE `xin_finance_bankcash`
  MODIFY `bankcash_id` int(111) NOT NULL AUTO_INCREMENT, AUTO_INCREMENT=2;

--
-- AUTO_INCREMENT for table `xin_finance_deposit`
--
ALTER TABLE `xin_finance_deposit`
  MODIFY `deposit_id` int(111) NOT NULL AUTO_INCREMENT;

--
-- AUTO_INCREMENT for table `xin_finance_expense`
--
ALTER TABLE `xin_finance_expense`
  MODIFY `expense_id` int(111) NOT NULL AUTO_INCREMENT;

--
-- AUTO_INCREMENT for table `xin_finance_payees`
--
ALTER TABLE `xin_finance_payees`
  MODIFY `payee_id` int(11) NOT NULL AUTO_INCREMENT, AUTO_INCREMENT=2;

--
-- AUTO_INCREMENT for table `xin_finance_payers`
--
ALTER TABLE `xin_finance_payers`
  MODIFY `payer_id` int(11) NOT NULL AUTO_INCREMENT, AUTO_INCREMENT=2;

--
-- AUTO_INCREMENT for table `xin_finance_transaction`
--
ALTER TABLE `xin_finance_transaction`
  MODIFY `transaction_id` int(11) NOT NULL AUTO_INCREMENT, AUTO_INCREMENT=4;

--
-- AUTO_INCREMENT for table `xin_finance_transactions`
--
ALTER TABLE `xin_finance_transactions`
  MODIFY `transaction_id` int(111) NOT NULL AUTO_INCREMENT;

--
-- AUTO_INCREMENT for table `xin_finance_transfer`
--
ALTER TABLE `xin_finance_transfer`
  MODIFY `transfer_id` int(111) NOT NULL AUTO_INCREMENT;

--
-- AUTO_INCREMENT for table `xin_goal_tracking`
--
ALTER TABLE `xin_goal_tracking`
  MODIFY `tracking_id` int(11) NOT NULL AUTO_INCREMENT;

--
-- AUTO_INCREMENT for table `xin_goal_tracking_type`
--
ALTER TABLE `xin_goal_tracking_type`
  MODIFY `tracking_type_id` int(11) NOT NULL AUTO_INCREMENT, AUTO_INCREMENT=5;

--
-- AUTO_INCREMENT for table `xin_holidays`
--
ALTER TABLE `xin_holidays`
  MODIFY `holiday_id` int(11) NOT NULL AUTO_INCREMENT, AUTO_INCREMENT=2;

--
-- AUTO_INCREMENT for table `xin_hourly_templates`
--
ALTER TABLE `xin_hourly_templates`
  MODIFY `hourly_rate_id` int(111) NOT NULL AUTO_INCREMENT;

--
-- AUTO_INCREMENT for table `xin_hrsale_invoices`
--
ALTER TABLE `xin_hrsale_invoices`
  MODIFY `invoice_id` int(111) NOT NULL AUTO_INCREMENT, AUTO_INCREMENT=10;

--
-- AUTO_INCREMENT for table `xin_hrsale_invoices_items`
--
ALTER TABLE `xin_hrsale_invoices_items`
  MODIFY `invoice_item_id` int(111) NOT NULL AUTO_INCREMENT, AUTO_INCREMENT=13;

--
-- AUTO_INCREMENT for table `xin_hrsale_module_attributes`
--
ALTER TABLE `xin_hrsale_module_attributes`
  MODIFY `custom_field_id` int(11) NOT NULL AUTO_INCREMENT;

--
-- AUTO_INCREMENT for table `xin_hrsale_module_attributes_select_value`
--
ALTER TABLE `xin_hrsale_module_attributes_select_value`
  MODIFY `attributes_select_value_id` int(11) NOT NULL AUTO_INCREMENT;

--
-- AUTO_INCREMENT for table `xin_hrsale_module_attributes_values`
--
ALTER TABLE `xin_hrsale_module_attributes_values`
  MODIFY `attributes_value_id` int(11) NOT NULL AUTO_INCREMENT;

--
-- AUTO_INCREMENT for table `xin_hrsale_quotes`
--
ALTER TABLE `xin_hrsale_quotes`
  MODIFY `quote_id` int(111) NOT NULL AUTO_INCREMENT;

--
-- AUTO_INCREMENT for table `xin_hrsale_quotes_items`
--
ALTER TABLE `xin_hrsale_quotes_items`
  MODIFY `quote_item_id` int(111) NOT NULL AUTO_INCREMENT;

--
-- AUTO_INCREMENT for table `xin_income_categories`
--
ALTER TABLE `xin_income_categories`
  MODIFY `category_id` int(11) NOT NULL AUTO_INCREMENT, AUTO_INCREMENT=10;

--
-- AUTO_INCREMENT for table `xin_jobs`
--
ALTER TABLE `xin_jobs`
  MODIFY `job_id` int(11) NOT NULL AUTO_INCREMENT;

--
-- AUTO_INCREMENT for table `xin_job_applications`
--
ALTER TABLE `xin_job_applications`
  MODIFY `application_id` int(111) NOT NULL AUTO_INCREMENT;

--
-- AUTO_INCREMENT for table `xin_job_categories`
--
ALTER TABLE `xin_job_categories`
  MODIFY `category_id` int(11) NOT NULL AUTO_INCREMENT, AUTO_INCREMENT=50;

--
-- AUTO_INCREMENT for table `xin_job_interviews`
--
ALTER TABLE `xin_job_interviews`
  MODIFY `job_interview_id` int(111) NOT NULL AUTO_INCREMENT;

--
-- AUTO_INCREMENT for table `xin_job_pages`
--
ALTER TABLE `xin_job_pages`
  MODIFY `page_id` int(11) NOT NULL AUTO_INCREMENT, AUTO_INCREMENT=9;

--
-- AUTO_INCREMENT for table `xin_job_type`
--
ALTER TABLE `xin_job_type`
  MODIFY `job_type_id` int(111) NOT NULL AUTO_INCREMENT, AUTO_INCREMENT=6;

--
-- AUTO_INCREMENT for table `xin_kpi_incidental`
--
ALTER TABLE `xin_kpi_incidental`
  MODIFY `id` int(11) NOT NULL AUTO_INCREMENT;

--
-- AUTO_INCREMENT for table `xin_kpi_maingoals`
--
ALTER TABLE `xin_kpi_maingoals`
  MODIFY `id` int(11) NOT NULL AUTO_INCREMENT;

--
-- AUTO_INCREMENT for table `xin_kpi_variable`
--
ALTER TABLE `xin_kpi_variable`
  MODIFY `id` int(11) NOT NULL AUTO_INCREMENT;

--
-- AUTO_INCREMENT for table `xin_languages`
--
ALTER TABLE `xin_languages`
  MODIFY `language_id` int(111) NOT NULL AUTO_INCREMENT, AUTO_INCREMENT=19;

--
-- AUTO_INCREMENT for table `xin_leads`
--
ALTER TABLE `xin_leads`
  MODIFY `client_id` int(111) NOT NULL AUTO_INCREMENT, AUTO_INCREMENT=2;

--
-- AUTO_INCREMENT for table `xin_leave_applications`
--
ALTER TABLE `xin_leave_applications`
  MODIFY `leave_id` int(11) NOT NULL AUTO_INCREMENT, AUTO_INCREMENT=10;

--
-- AUTO_INCREMENT for table `xin_leave_type`
--
ALTER TABLE `xin_leave_type`
  MODIFY `leave_type_id` int(11) NOT NULL AUTO_INCREMENT, AUTO_INCREMENT=4;

--
-- AUTO_INCREMENT for table `xin_make_payment`
--
ALTER TABLE `xin_make_payment`
  MODIFY `make_payment_id` int(111) NOT NULL AUTO_INCREMENT;

--
-- AUTO_INCREMENT for table `xin_meetings`
--
ALTER TABLE `xin_meetings`
  MODIFY `meeting_id` int(11) NOT NULL AUTO_INCREMENT;

--
-- AUTO_INCREMENT for table `xin_office_location`
--
ALTER TABLE `xin_office_location`
  MODIFY `location_id` int(11) NOT NULL AUTO_INCREMENT, AUTO_INCREMENT=3;

--
-- AUTO_INCREMENT for table `xin_office_shift`
--
ALTER TABLE `xin_office_shift`
  MODIFY `office_shift_id` int(111) NOT NULL AUTO_INCREMENT, AUTO_INCREMENT=7;

--
-- AUTO_INCREMENT for table `xin_payment_method`
--
ALTER TABLE `xin_payment_method`
  MODIFY `payment_method_id` int(111) NOT NULL AUTO_INCREMENT, AUTO_INCREMENT=4;

--
-- AUTO_INCREMENT for table `xin_payroll_custom_fields`
--
ALTER TABLE `xin_payroll_custom_fields`
  MODIFY `payroll_custom_id` int(11) NOT NULL AUTO_INCREMENT;

--
-- AUTO_INCREMENT for table `xin_performance_appraisal`
--
ALTER TABLE `xin_performance_appraisal`
  MODIFY `performance_appraisal_id` int(111) NOT NULL AUTO_INCREMENT;

--
-- AUTO_INCREMENT for table `xin_performance_appraisal_options`
--
ALTER TABLE `xin_performance_appraisal_options`
  MODIFY `performance_appraisal_options_id` int(11) NOT NULL AUTO_INCREMENT;

--
-- AUTO_INCREMENT for table `xin_performance_indicator`
--
ALTER TABLE `xin_performance_indicator`
  MODIFY `performance_indicator_id` int(111) NOT NULL AUTO_INCREMENT;

--
-- AUTO_INCREMENT for table `xin_performance_indicator_options`
--
ALTER TABLE `xin_performance_indicator_options`
  MODIFY `performance_indicator_options_id` int(11) NOT NULL AUTO_INCREMENT;

--
-- AUTO_INCREMENT for table `xin_projects`
--
ALTER TABLE `xin_projects`
  MODIFY `project_id` int(111) NOT NULL AUTO_INCREMENT, AUTO_INCREMENT=14;

--
-- AUTO_INCREMENT for table `xin_projects_attachment`
--
ALTER TABLE `xin_projects_attachment`
  MODIFY `project_attachment_id` int(11) NOT NULL AUTO_INCREMENT, AUTO_INCREMENT=5;

--
-- AUTO_INCREMENT for table `xin_projects_bugs`
--
ALTER TABLE `xin_projects_bugs`
  MODIFY `bug_id` int(11) NOT NULL AUTO_INCREMENT, AUTO_INCREMENT=2;

--
-- AUTO_INCREMENT for table `xin_projects_discussion`
--
ALTER TABLE `xin_projects_discussion`
  MODIFY `discussion_id` int(11) NOT NULL AUTO_INCREMENT, AUTO_INCREMENT=6;

--
-- AUTO_INCREMENT for table `xin_projects_timelogs`
--
ALTER TABLE `xin_projects_timelogs`
  MODIFY `timelogs_id` int(11) NOT NULL AUTO_INCREMENT;

--
-- AUTO_INCREMENT for table `xin_project_variations`
--
ALTER TABLE `xin_project_variations`
  MODIFY `variation_id` int(11) NOT NULL AUTO_INCREMENT;

--
-- AUTO_INCREMENT for table `xin_qualification_education_level`
--
ALTER TABLE `xin_qualification_education_level`
  MODIFY `education_level_id` int(111) NOT NULL AUTO_INCREMENT, AUTO_INCREMENT=7;

--
-- AUTO_INCREMENT for table `xin_qualification_language`
--
ALTER TABLE `xin_qualification_language`
  MODIFY `language_id` int(111) NOT NULL AUTO_INCREMENT, AUTO_INCREMENT=3;

--
-- AUTO_INCREMENT for table `xin_qualification_skill`
--
ALTER TABLE `xin_qualification_skill`
  MODIFY `skill_id` int(111) NOT NULL AUTO_INCREMENT, AUTO_INCREMENT=64;

--
-- AUTO_INCREMENT for table `xin_recruitment_pages`
--
ALTER TABLE `xin_recruitment_pages`
  MODIFY `page_id` int(11) NOT NULL AUTO_INCREMENT, AUTO_INCREMENT=5;

--
-- AUTO_INCREMENT for table `xin_recruitment_subpages`
--
ALTER TABLE `xin_recruitment_subpages`
  MODIFY `subpages_id` int(11) NOT NULL AUTO_INCREMENT, AUTO_INCREMENT=7;

--
-- AUTO_INCREMENT for table `xin_salary_allowances`
--
ALTER TABLE `xin_salary_allowances`
  MODIFY `allowance_id` int(11) NOT NULL AUTO_INCREMENT, AUTO_INCREMENT=6;

--
-- AUTO_INCREMENT for table `xin_salary_bank_allocation`
--
ALTER TABLE `xin_salary_bank_allocation`
  MODIFY `bank_allocation_id` int(11) NOT NULL AUTO_INCREMENT;

--
-- AUTO_INCREMENT for table `xin_salary_commissions`
--
ALTER TABLE `xin_salary_commissions`
  MODIFY `salary_commissions_id` int(11) NOT NULL AUTO_INCREMENT;

--
-- AUTO_INCREMENT for table `xin_salary_loan_deductions`
--
ALTER TABLE `xin_salary_loan_deductions`
  MODIFY `loan_deduction_id` int(11) NOT NULL AUTO_INCREMENT;

--
-- AUTO_INCREMENT for table `xin_salary_other_payments`
--
ALTER TABLE `xin_salary_other_payments`
  MODIFY `other_payments_id` int(11) NOT NULL AUTO_INCREMENT;

--
-- AUTO_INCREMENT for table `xin_salary_overtime`
--
ALTER TABLE `xin_salary_overtime`
  MODIFY `salary_overtime_id` int(11) NOT NULL AUTO_INCREMENT;

--
-- AUTO_INCREMENT for table `xin_salary_payslips`
--
ALTER TABLE `xin_salary_payslips`
  MODIFY `payslip_id` int(11) NOT NULL AUTO_INCREMENT, AUTO_INCREMENT=5;

--
-- AUTO_INCREMENT for table `xin_salary_payslip_allowances`
--
ALTER TABLE `xin_salary_payslip_allowances`
  MODIFY `payslip_allowances_id` int(11) NOT NULL AUTO_INCREMENT;

--
-- AUTO_INCREMENT for table `xin_salary_payslip_commissions`
--
ALTER TABLE `xin_salary_payslip_commissions`
  MODIFY `payslip_commissions_id` int(11) NOT NULL AUTO_INCREMENT;

--
-- AUTO_INCREMENT for table `xin_salary_payslip_loan`
--
ALTER TABLE `xin_salary_payslip_loan`
  MODIFY `payslip_loan_id` int(11) NOT NULL AUTO_INCREMENT;

--
-- AUTO_INCREMENT for table `xin_salary_payslip_other_payments`
--
ALTER TABLE `xin_salary_payslip_other_payments`
  MODIFY `payslip_other_payment_id` int(11) NOT NULL AUTO_INCREMENT;

--
-- AUTO_INCREMENT for table `xin_salary_payslip_overtime`
--
ALTER TABLE `xin_salary_payslip_overtime`
  MODIFY `payslip_overtime_id` int(11) NOT NULL AUTO_INCREMENT;

--
-- AUTO_INCREMENT for table `xin_salary_payslip_statutory_deductions`
--
ALTER TABLE `xin_salary_payslip_statutory_deductions`
  MODIFY `payslip_deduction_id` int(11) NOT NULL AUTO_INCREMENT;

--
-- AUTO_INCREMENT for table `xin_salary_statutory_deductions`
--
ALTER TABLE `xin_salary_statutory_deductions`
  MODIFY `statutory_deductions_id` int(11) NOT NULL AUTO_INCREMENT;

--
-- AUTO_INCREMENT for table `xin_salary_templates`
--
ALTER TABLE `xin_salary_templates`
  MODIFY `salary_template_id` int(11) NOT NULL AUTO_INCREMENT, AUTO_INCREMENT=2;

--
-- AUTO_INCREMENT for table `xin_security_level`
--
ALTER TABLE `xin_security_level`
  MODIFY `type_id` int(111) NOT NULL AUTO_INCREMENT, AUTO_INCREMENT=2;

--
-- AUTO_INCREMENT for table `xin_sub_departments`
--
ALTER TABLE `xin_sub_departments`
  MODIFY `sub_department_id` int(11) NOT NULL AUTO_INCREMENT, AUTO_INCREMENT=11;

--
-- AUTO_INCREMENT for table `xin_support_tickets`
--
ALTER TABLE `xin_support_tickets`
  MODIFY `ticket_id` int(11) NOT NULL AUTO_INCREMENT, AUTO_INCREMENT=3;

--
-- AUTO_INCREMENT for table `xin_support_tickets_employees`
--
ALTER TABLE `xin_support_tickets_employees`
  MODIFY `tickets_employees_id` int(11) NOT NULL AUTO_INCREMENT, AUTO_INCREMENT=3;

--
-- AUTO_INCREMENT for table `xin_support_ticket_files`
--
ALTER TABLE `xin_support_ticket_files`
  MODIFY `ticket_file_id` int(111) NOT NULL AUTO_INCREMENT;

--
-- AUTO_INCREMENT for table `xin_system_setting`
--
ALTER TABLE `xin_system_setting`
  MODIFY `setting_id` int(111) NOT NULL AUTO_INCREMENT, AUTO_INCREMENT=2;

--
-- AUTO_INCREMENT for table `xin_tasks`
--
ALTER TABLE `xin_tasks`
  MODIFY `task_id` int(11) NOT NULL AUTO_INCREMENT, AUTO_INCREMENT=143;

--
-- AUTO_INCREMENT for table `xin_tasks_attachment`
--
ALTER TABLE `xin_tasks_attachment`
  MODIFY `task_attachment_id` int(11) NOT NULL AUTO_INCREMENT, AUTO_INCREMENT=5;

--
-- AUTO_INCREMENT for table `xin_tasks_comments`
--
ALTER TABLE `xin_tasks_comments`
  MODIFY `comment_id` int(11) NOT NULL AUTO_INCREMENT, AUTO_INCREMENT=69;

--
-- AUTO_INCREMENT for table `xin_task_categories`
--
ALTER TABLE `xin_task_categories`
  MODIFY `task_category_id` int(11) NOT NULL AUTO_INCREMENT, AUTO_INCREMENT=14;

--
-- AUTO_INCREMENT for table `xin_tax_types`
--
ALTER TABLE `xin_tax_types`
  MODIFY `tax_id` int(111) NOT NULL AUTO_INCREMENT, AUTO_INCREMENT=4;

--
-- AUTO_INCREMENT for table `xin_termination_type`
--
ALTER TABLE `xin_termination_type`
  MODIFY `termination_type_id` int(111) NOT NULL AUTO_INCREMENT, AUTO_INCREMENT=6;

--
-- AUTO_INCREMENT for table `xin_theme_settings`
--
ALTER TABLE `xin_theme_settings`
  MODIFY `theme_settings_id` int(11) NOT NULL AUTO_INCREMENT, AUTO_INCREMENT=2;

--
-- AUTO_INCREMENT for table `xin_tickets_attachment`
--
ALTER TABLE `xin_tickets_attachment`
  MODIFY `ticket_attachment_id` int(11) NOT NULL AUTO_INCREMENT;

--
-- AUTO_INCREMENT for table `xin_tickets_comments`
--
ALTER TABLE `xin_tickets_comments`
  MODIFY `comment_id` int(11) NOT NULL AUTO_INCREMENT;

--
-- AUTO_INCREMENT for table `xin_trainers`
--
ALTER TABLE `xin_trainers`
  MODIFY `trainer_id` int(11) NOT NULL AUTO_INCREMENT;

--
-- AUTO_INCREMENT for table `xin_training`
--
ALTER TABLE `xin_training`
  MODIFY `training_id` int(11) NOT NULL AUTO_INCREMENT;

--
-- AUTO_INCREMENT for table `xin_training_types`
--
ALTER TABLE `xin_training_types`
  MODIFY `training_type_id` int(11) NOT NULL AUTO_INCREMENT, AUTO_INCREMENT=3;

--
-- AUTO_INCREMENT for table `xin_travel_arrangement_type`
--
ALTER TABLE `xin_travel_arrangement_type`
  MODIFY `arrangement_type_id` int(111) NOT NULL AUTO_INCREMENT, AUTO_INCREMENT=3;

--
-- AUTO_INCREMENT for table `xin_users`
--
ALTER TABLE `xin_users`
  MODIFY `user_id` int(11) NOT NULL AUTO_INCREMENT, AUTO_INCREMENT=11;

--
-- AUTO_INCREMENT for table `xin_user_roles`
--
ALTER TABLE `xin_user_roles`
  MODIFY `role_id` int(11) NOT NULL AUTO_INCREMENT, AUTO_INCREMENT=5;

--
-- AUTO_INCREMENT for table `xin_warning_type`
--
ALTER TABLE `xin_warning_type`
  MODIFY `warning_type_id` int(111) NOT NULL AUTO_INCREMENT, AUTO_INCREMENT=4;
COMMIT;

/*!40101 SET CHARACTER_SET_CLIENT=@OLD_CHARACTER_SET_CLIENT */;
/*!40101 SET CHARACTER_SET_RESULTS=@OLD_CHARACTER_SET_RESULTS */;
/*!40101 SET COLLATION_CONNECTION=@OLD_COLLATION_CONNECTION */;
